,index,area,major_axis_length,minor_axis_length,centroid-0,centroid-1,orientation,label,speed (nm/s),r^2,skele r^2,MT len (um),motor conc,MT dilute,ATP,ADP,P,time (seconds)
0,0,7,8.0,0.0,60.0,198.0,0.0,4,28.238636363636363,0.8764768895060504,0.7778328303529871,1.4428091719000968,0.33,2000.0,1410.0,0.0,0.0,600.0
3,3,14,16.785714949278624,1.5762841116841042,109.5,408.35714285714283,-0.282893820217745,10,34.564175511543944,0.9388981889332589,0.8939531916717729,1.8178883638325027,0.33,2000.0,1410.0,0.0,0.0,600.0
4,4,40,58.313983727899476,3.364417004813074,125.0,381.4,0.7777028314936478,11,20.15778280542986,0.9190280913725521,0.8023941027314159,7.64696372140034,0.33,2000.0,1410.0,0.0,0.0,600.0
5,5,16,22.439848889263512,0.9437594116188537,139.1875,307.5,-0.9637939051221174,14,20.53660633484162,0.9801882804830798,0.7276636468194435,2.95511346081815,0.33,2000.0,1410.0,0.0,0.0,600.0
6,6,17,25.00014036542743,1.92324311044322,155.05882352941177,330.7647058823529,-0.6956308141493517,16,33.24176470588234,0.9846486011289868,0.9767886538893022,2.196084863466261,0.33,2000.0,1410.0,0.0,0.0,600.0
12,14,30,38.49675274565613,1.6193363646998777,296.8333333333333,100.5,1.117832701315414,39,36.44719457013578,0.9925479717832569,0.8711117688462602,4.34325018783017,0.33,2000.0,1410.0,0.0,0.0,600.0
13,15,13,16.197968267037847,1.3989942697454134,295.3076923076923,38.0,1.1768119008838511,40,37.9920731707317,0.9774411568173962,0.966781517801926,3.197530301378628,0.33,2000.0,1410.0,0.0,0.0,600.0
15,17,27,35.6213514550576,1.394671741658509,321.5925925925926,112.0,-1.0642479282468005,42,46.55158371040723,0.9743380004130737,0.8646665088341549,3.4750800795502657,0.33,2000.0,1410.0,0.0,0.0,600.0
18,20,23,33.27807303842492,3.2794984445405735,405.5217391304348,274.5652173913044,0.7599865076023855,49,22.000904977375583,0.8639277517067967,0.6805503211329949,4.069160672510291,0.33,2000.0,1410.0,0.0,0.0,600.0
