,index,area,major_axis_length,minor_axis_length,centroid-0,centroid-1,orientation,label,speed (nm/s),r^2,skele r^2,MT len (um),Motor Type,Motor_Conc_uM,MT_Conc_uM,ATP_Conc_uM,ADP_Conc_uM,P_Conc_uM,Flag_Conc_mg-ml,BSA_Caesin_Both,Acq_Time_s,Time_Interval_s,Cy5_exptime_ms,Cy5_gain,YFP_exptime_ms,YFP_gain,Temperature
1,1,15,17.310371595664623,1.4651248327575714,60.06666666666667,153.0,1.5133032275644192,3,68.68636363636361,0.9453159086819769,0.9048755782501451,2.2544440247571798,NCD_YFP_ilid,0.001,0.04,1420.0,0.0,0.0,0.02,Both,100.0,1.0,60.0,300.0,100.0,4.0,
2,2,12,14.39639783544707,1.2777395088294567,204.83333333333334,107.5,1.2827899415729203,4,92.57500000000006,0.9918084436042849,0.8906666666666676,1.914327661181247,NCD_YFP_ilid,0.001,0.04,1420.0,0.0,0.0,0.02,Both,100.0,1.0,60.0,300.0,100.0,4.0,
3,3,8,10.91298065657484,0.9522883960352396,271.5,48.0,0.5762859986078338,5,57.500000000000014,0.936,0.5416666666666667,1.7567539263732725,NCD_YFP_ilid,0.001,0.04,1420.0,0.0,0.0,0.02,Both,100.0,1.0,60.0,300.0,100.0,4.0,
4,4,37,43.03213596130912,1.6830897310484065,386.9189189189189,31.0,1.4479451830445125,7,101.13696808510632,0.9912377589751985,0.912951401856413,4.402397152282456,NCD_YFP_ilid,0.001,0.04,1420.0,0.0,0.0,0.02,Both,100.0,1.0,60.0,300.0,100.0,4.0,
5,5,18,27.44291799188007,1.377896139031408,417.22222222222223,53.388888888888886,-0.7872716755337921,9,79.4782251887515,0.9541298580748406,0.9601050028997894,2.8771827937901175,NCD_YFP_ilid,0.001,0.04,1420.0,0.0,0.0,0.02,Both,100.0,1.0,60.0,300.0,100.0,4.0,
6,6,17,22.39981224986306,1.7781749015699762,442.0,112.17647058823529,-0.5074756208875579,11,116.47162022703827,0.9879704491172518,0.967661437382908,1.904739514435992,NCD_YFP_ilid,0.001,0.04,1420.0,0.0,0.0,0.02,Both,100.0,1.0,60.0,300.0,100.0,4.0,
