,index,area,major_axis_length,minor_axis_length,centroid-0,centroid-1,orientation,label,speed (nm/s),r^2,skele r^2,MT len (um),Motor Type,Motor_Conc_uM,MT_Conc_uM,ATP_Conc_uM,ADP_Conc_uM,P_Conc_uM,Flag_Conc_mg-ml,BSA_Caesin_Both,Acq_Time_s,Time_Interval_s,Cy5_exptime_ms,Cy5_gain,YFP_exptime_ms,YFP_gain,Temperature
0,0,44,51.4344979450832,1.5787403640978444,31.5,307.5,0.15809076021417304,1,95.70493567468372,0.929000176544111,0.9679034823029184,5.427225487368761,NCD_YFP_ilid,0.001,0.04,1420.0,0.0,20000.0,0.02,Both,100.0,1.0,60.0,300.0,100.0,4.0,
1,1,16,20.94705526502241,0.9853302614336831,51.875,475.5,-1.075836015843773,3,62.85683760683763,0.9318513637124065,0.9749821506887271,2.7749821426613392,NCD_YFP_ilid,0.001,0.04,1420.0,0.0,20000.0,0.02,Both,100.0,1.0,60.0,300.0,100.0,4.0,
2,2,19,29.411818440590825,0.9918251767104095,131.0,469.36842105263156,0.7309192177907534,5,99.08157894736846,0.9849934826471983,0.9702819440193177,1.9148914378968356,NCD_YFP_ilid,0.001,0.04,1420.0,0.0,20000.0,0.02,Both,100.0,1.0,60.0,300.0,100.0,4.0,
3,3,76,86.07347249816931,3.294836424671132,155.22368421052633,45.81578947368421,1.4938518129991638,7,133.9886824594091,0.9920131795514073,0.9333467181566307,7.665563899148704,NCD_YFP_ilid,0.001,0.04,1420.0,0.0,20000.0,0.02,Both,100.0,1.0,60.0,300.0,100.0,4.0,
4,4,15,18.160569481876166,1.645986527740632,365.46666666666664,324.0,1.2571334301641888,11,114.99999999999996,0.9499999999999997,0.8399134667387784,1.7850096913494493,NCD_YFP_ilid,0.001,0.04,1420.0,0.0,20000.0,0.02,Both,100.0,1.0,60.0,300.0,100.0,4.0,
