,index,area,major_axis_length,minor_axis_length,centroid-0,centroid-1,orientation,label,speed (nm/s),r^2,skele r^2,MT len (um),Motor Type,Motor_Conc_uM,MT_Conc_uM,ATP_Conc_uM,ADP_Conc_uM,P_Conc_uM,Flag_Conc_mg-ml,BSA_Caesin_Both,Acq_Time_s,Time_Interval_s,Cy5_exptime_ms,Cy5_gain,YFP_exptime_ms,YFP_gain,Temperature
1,1,13,18.033529315673782,1.1089139927061367,30.0,352.53846153846155,-0.5930829070879103,2,75.34482758620686,0.991612188365651,0.9890519450267878,2.1006389984087286,NCD_YFP_ilid,0.001,0.04,1420.0,0.0,10000.0,0.02,Both,100.0,1.0,60.0,300.0,100.0,4.0,
2,2,21,26.824999820975606,1.2714808359638425,49.0,341.85714285714283,-0.44478405941015264,4,115.132183908046,0.981576265980879,0.9705242409071014,2.500361409151546,NCD_YFP_ilid,0.001,0.04,1420.0,0.0,10000.0,0.02,Both,100.0,1.0,60.0,300.0,100.0,4.0,
3,3,59,70.69818700263636,2.8505169277062596,97.0,140.1864406779661,-0.2712482263417956,7,163.64447963800905,0.9899908823471739,0.9879593403066024,3.901802644637764,NCD_YFP_ilid,0.001,0.04,1420.0,0.0,10000.0,0.02,Both,100.0,1.0,60.0,300.0,100.0,4.0,
4,4,26,30.277014795048135,1.3633004504466302,189.3846153846154,108.5,-1.4352820473136392,10,150.8181818181819,0.97559819473375,0.9485154171556197,1.782203665826582,NCD_YFP_ilid,0.001,0.04,1420.0,0.0,10000.0,0.02,Both,100.0,1.0,60.0,300.0,100.0,4.0,
5,5,14,16.895359090338847,1.1499353949618778,318.5,104.57142857142857,0.30396252452843414,14,89.14191176470592,0.9939577678661186,0.8824690260075622,2.525609411987864,NCD_YFP_ilid,0.001,0.04,1420.0,0.0,10000.0,0.02,Both,100.0,1.0,60.0,300.0,100.0,4.0,
6,6,18,22.327199426223533,1.1395766395666862,424.1111111111111,163.5,-1.1924613101971264,15,123.86532507739935,0.9972302703620186,0.9461442992364668,2.103322311682638,NCD_YFP_ilid,0.001,0.04,1420.0,0.0,10000.0,0.02,Both,100.0,1.0,60.0,300.0,100.0,4.0,
