,index,area,major_axis_length,minor_axis_length,centroid-0,centroid-1,orientation,label,speed (nm/s),r^2,skele r^2,MT len (um),Motor Type,Motor_Conc_uM,MT_Conc_uM,ATP_Conc_uM,ADP_Conc_uM,P_Conc_uM,Flag_Conc_mg-ml,BSA_Caesin_Both,Acq_Time_s,Time_Interval_s,Cy5_exptime_ms,Cy5_gain,YFP_exptime_ms,YFP_gain,Temperature
1,1,19,26.129209180295902,1.0688984777941413,30.31578947368421,410.0,-0.993949124144374,2,65.94119658119659,0.9816081894977997,0.896184879555512,3.608534727754325,NCD_YFP_ilid,0.001,0.04,1420.0,0.0,0.0,0.02,Both,100.0,1.0,60.0,300.0,100.0,4.0,
2,2,13,14.966629547095765,0.0,79.0,93.0,0.0,3,111.27272727272731,0.988441277927293,0.9655481791878064,1.700038954820928,NCD_YFP_ilid,0.001,0.04,1420.0,0.0,0.0,0.02,Both,100.0,1.0,60.0,300.0,100.0,4.0,
4,4,15,17.068922066844525,2.7314443733813762,93.46666666666667,99.2,1.2359686707844537,5,136.9384615384616,0.9770580026574258,0.8789858403527286,1.73726108660569,NCD_YFP_ilid,0.001,0.04,1420.0,0.0,0.0,0.02,Both,100.0,1.0,60.0,300.0,100.0,4.0,
5,5,16,21.01165326056671,0.9736155595081962,128.5,309.8125,0.5006244639948688,6,87.73811965811969,0.9941204390995719,0.9856386866134245,2.6028789124818252,NCD_YFP_ilid,0.001,0.04,1420.0,0.0,0.0,0.02,Both,100.0,1.0,60.0,300.0,100.0,4.0,
6,6,31,44.50775008866382,1.3018976565404046,442.0,124.38709677419355,0.6373911838341614,8,140.40134099616853,0.9954921723872895,0.9728599288330612,2.8672557526058493,NCD_YFP_ilid,0.001,0.04,1420.0,0.0,0.0,0.02,Both,100.0,1.0,60.0,300.0,100.0,4.0,
7,7,14,16.21434201051305,1.0067176928266797,458.42857142857144,437.5,1.4652823157327433,9,65.78409090909089,0.9764434612364734,0.8851810234023739,2.11162780199921,NCD_YFP_ilid,0.001,0.04,1420.0,0.0,0.0,0.02,Both,100.0,1.0,60.0,300.0,100.0,4.0,
8,8,30,34.65605304246366,1.0863745855676297,505.3333333333333,111.5,-1.5262880062519,11,46.57020525978195,0.8002143188344388,0.3687116509128544,3.3044581155879245,NCD_YFP_ilid,0.001,0.04,1420.0,0.0,0.0,0.02,Both,100.0,1.0,60.0,300.0,100.0,4.0,
