,index,area,major_axis_length,minor_axis_length,centroid-0,centroid-1,orientation,label,speed (nm/s),r^2,skele r^2,MT len (um),Motor Type,Motor_Conc_uM,MT_Conc_uM,ATP_Conc_uM,ADP_Conc_uM,P_Conc_uM,Flag_Conc_mg-ml,BSA_Caesin_Both,Acq_Time_s,Time_Interval_s,Cy5_exptime_ms,Cy5_gain,YFP_exptime_ms,YFP_gain,Temperature
1,1,11,12.713668700602437,1.9109904159019417,60.0,40.81818181818182,-0.1019807268377379,6,60.7301470588236,0.884082091735729,0.9599028789455429,2.27615700093024,NCD_YFP_ilid,0.001,0.04,1420.0,0.0,5000.0,0.02,Both,100.0,1.0,60.0,300.0,100.0,4.0,
3,3,10,11.506339929722392,1.0218323843351789,151.1,376.5,1.5158712673713313,12,93.91666666666666,0.9504373177842564,0.9403292181069962,1.6099963441946938,NCD_YFP_ilid,0.001,0.04,1420.0,0.0,5000.0,0.02,Both,100.0,1.0,60.0,300.0,100.0,4.0,
7,7,26,33.6449747559247,1.566379103434052,494.5,330.96153846153845,0.47034064402174597,22,149.6066532258064,0.9960683769776802,0.9946583171706114,1.3205820537504356,NCD_YFP_ilid,0.001,0.04,1420.0,0.0,5000.0,0.02,Both,100.0,1.0,60.0,300.0,100.0,4.0,
