,index,area,major_axis_length,minor_axis_length,centroid-0,centroid-1,orientation,label,speed (nm/s),r^2,skele r^2,MT len (um),Motor Type,Motor_Conc_uM,MT_Conc_uM,ATP_Conc_uM,ADP_Conc_uM,P_Conc_uM,Flag_Conc_mg-ml,BSA_Caesin_Both,Acq_Time_s,Time_Interval_s,Cy5_exptime_ms,Cy5_gain,YFP_exptime_ms,YFP_gain,Temperature
2,2,34,43.87147002726192,1.0846522890932855,72.0,223.5,-1.1071487177940904,6,66.39529914529909,0.9476074141971212,0.9929239661827692,4.372228268905898,NCD_YFP_ilid,0.001,0.04,1420.0,0.0,20000.0,0.02,Both,100.0,1.0,60.0,300.0,100.0,4.0,
3,3,21,24.75271305595945,1.182554212107262,77.0,361.0,0.2078466650874129,7,58.372820512820525,0.9614363537788413,0.8643316590053222,3.1950481801206285,NCD_YFP_ilid,0.001,0.04,1420.0,0.0,20000.0,0.02,Both,100.0,1.0,60.0,300.0,100.0,4.0,
4,4,17,19.89148046982775,1.180994776913849,306.0,145.64705882352942,-0.17290990743870133,12,139.88986013986,0.9697042078088922,0.9802289281997919,2.223618836242553,NCD_YFP_ilid,0.001,0.04,1420.0,0.0,20000.0,0.02,Both,100.0,1.0,60.0,300.0,100.0,4.0,
5,5,12,16.51954731284088,1.2884533885116778,312.5,111.41666666666667,0.5830867439217198,13,88.55000000000003,0.9914959875434184,0.9901400916595585,1.9257981105364501,NCD_YFP_ilid,0.001,0.04,1420.0,0.0,20000.0,0.02,Both,100.0,1.0,60.0,300.0,100.0,4.0,
6,6,25,29.336735358875178,1.208949330337243,360.0,407.28,0.18361900507879914,16,158.74035087719304,0.9938387305125315,0.9865050641079595,1.7863974012844173,NCD_YFP_ilid,0.001,0.04,1420.0,0.0,20000.0,0.02,Both,100.0,1.0,60.0,300.0,100.0,4.0,
7,7,14,19.08535929093391,1.5629901749477118,357.42857142857144,502.42857142857144,0.6079669748561812,17,113.88382352941181,0.9863676246212628,0.9816444817016377,1.969927153718823,NCD_YFP_ilid,0.001,0.04,1420.0,0.0,20000.0,0.02,Both,100.0,1.0,60.0,300.0,100.0,4.0,
