,index,area,major_axis_length,minor_axis_length,centroid-0,centroid-1,orientation,label,speed (nm/s),r^2,skele r^2,MT len (um),Motor Type,Motor_Conc_uM,MT_Conc_uM,ATP_Conc_uM,ADP_Conc_uM,P_Conc_uM,Flag_Conc_mg-ml,BSA_Caesin_Both,Acq_Time_s,Time_Interval_s,Cy5_exptime_ms,Cy5_gain,YFP_exptime_ms,YFP_gain,Temperature
0,0,20,28.960874061312595,1.0898502671427868,44.45,321.55,0.90301090045215,4,59.82318548387094,0.9797473922092038,0.9075514480010479,4.289527583440574,NCD_YFP_ilid,0.001,0.04,1420.0,0.0,10000.0,0.02,Both,100.0,1.0,60.0,300.0,100.0,4.0,
1,1,66,95.51182348200649,1.4006181665790045,105.3030303030303,172.5,0.920060659486764,5,119.56981900452492,0.9944605095240167,0.989401423594902,8.413590946588513,NCD_YFP_ilid,0.001,0.04,1420.0,0.0,10000.0,0.02,Both,100.0,1.0,60.0,300.0,100.0,4.0,
3,3,15,19.591331888526355,1.4242906032475449,149.53333333333333,418.0,1.0789345412428226,8,73.70454545454547,0.9871066177087001,0.9187681102670531,2.6408277464519183,NCD_YFP_ilid,0.001,0.04,1420.0,0.0,10000.0,0.02,Both,100.0,1.0,60.0,300.0,100.0,4.0,
4,4,19,25.465259163035046,1.4072702492675402,162.3684210526316,440.0,1.035038696092898,9,44.35454545454543,0.9139212842602445,0.8363232945837114,4.128528363507113,NCD_YFP_ilid,0.001,0.04,1420.0,0.0,10000.0,0.02,Both,100.0,1.0,60.0,300.0,100.0,4.0,
6,6,20,28.002024910720696,2.5073094941346112,234.1,164.3,0.8955135370827991,15,127.56153846153865,0.9840643581402775,0.9680277180825403,2.2485787118396705,NCD_YFP_ilid,0.001,0.04,1420.0,0.0,10000.0,0.02,Both,100.0,1.0,60.0,300.0,100.0,4.0,
7,7,63,73.40633029621,1.5782167739957131,394.0,106.87301587301587,-0.1351792714508791,17,179.21577616244156,0.9664845073650665,0.9238388487133201,5.302739181605678,NCD_YFP_ilid,0.001,0.04,1420.0,0.0,10000.0,0.02,Both,100.0,1.0,60.0,300.0,100.0,4.0,
8,8,14,21.674675988159667,1.1798704495335326,486.42857142857144,444.7142857142857,0.7627340055642671,19,88.78676470588239,0.9532444444444444,0.9152216333153055,2.4696996458140488,NCD_YFP_ilid,0.001,0.04,1420.0,0.0,10000.0,0.02,Both,100.0,1.0,60.0,300.0,100.0,4.0,
