,index,area,major_axis_length,minor_axis_length,centroid-0,centroid-1,orientation,label,speed (nm/s),r^2,skele r^2,MT len (um),Motor Type,Motor_Conc_uM,MT_Conc_uM,ATP_Conc_uM,ADP_Conc_uM,P_Conc_uM,Flag_Conc_mg-ml,BSA_Caesin_Both,Acq_Time_s,Time_Interval_s,Cy5_exptime_ms,Cy5_gain,YFP_exptime_ms,YFP_gain,Temperature
7,7,21,24.30250632723064,1.630345817535689,205.66666666666666,229.0,1.4887900889651187,14,22.8314027149321,0.8243651943326424,0.7127852708582564,3.0267598003185903,NCD_YFP_ilid,0.001,0.04,100.0,0.0,40000.0,0.02,Both,100.0,1.0,60.0,300.0,100.0,4.0,
11,11,41,63.50565782283168,1.104806589707239,368.9024390243902,224.0,-0.8407989897029358,23,45.82307692307691,0.9905343480579617,0.9294752445836185,6.3413871581545695,NCD_YFP_ilid,0.001,0.04,100.0,0.0,40000.0,0.02,Both,100.0,1.0,60.0,300.0,100.0,4.0,
17,17,32,36.93533048075816,1.7365878259324372,428.28125,246.5,1.5581223548449188,30,43.01104072398189,0.9428731198727976,0.8510118514501733,3.758269333504752,NCD_YFP_ilid,0.001,0.04,100.0,0.0,40000.0,0.02,Both,100.0,1.0,60.0,300.0,100.0,4.0,
