,index,area,major_axis_length,minor_axis_length,centroid-0,centroid-1,orientation,label,speed (nm/s),r^2,skele r^2,MT len (um),Motor Type,Motor_Conc_uM,MT_Conc_uM,ATP_Conc_uM,ADP_Conc_uM,P_Conc_uM,Flag_Conc_mg-ml,BSA_Caesin_Both,Acq_Time_s,Time_Interval_s,Cy5_exptime_ms,Cy5_gain,YFP_exptime_ms,YFP_gain,Temperature
3,3,51,62.643865721948465,1.6665021089102507,148.0,471.1764705882353,0.3486139883070263,8,139.80383064516147,0.9781441747763063,0.9953936761716722,4.4790048797018915,NCD_YFP_ilid,0.001,0.04,1420.0,0.0,20000.0,0.02,Both,100.0,1.0,60.0,300.0,100.0,4.0,
4,4,44,44.02992990857599,7.670485423104012,193.3409090909091,117.29545454545455,-1.164855452861858,12,157.66896551724145,0.9863581001380082,0.9881958982516138,2.429998792235706,NCD_YFP_ilid,0.001,0.04,1420.0,0.0,20000.0,0.02,Both,100.0,1.0,60.0,300.0,100.0,4.0,
5,5,43,50.74930359452727,2.81497516103633,212.8139534883721,74.88372093023256,1.0844929357974025,13,130.89999999999995,0.9884731238144261,0.9969639210043109,4.134919499532863,NCD_YFP_ilid,0.001,0.04,1420.0,0.0,20000.0,0.02,Both,100.0,1.0,60.0,300.0,100.0,4.0,
8,8,49,56.71609842034735,1.635878970704266,405.0,33.36734693877551,0.07217975363204526,20,140.49285067873294,0.9624800188934999,0.7065223249506476,4.459666527492155,NCD_YFP_ilid,0.001,0.04,1420.0,0.0,20000.0,0.02,Both,100.0,1.0,60.0,300.0,100.0,4.0,
10,10,19,25.867282531070487,1.5622039435927766,425.7368421052632,57.10526315789474,-0.6824238631619932,22,122.70227038183707,0.9317377857456859,0.984468339307049,3.1713490976047822,NCD_YFP_ilid,0.001,0.04,1420.0,0.0,20000.0,0.02,Both,100.0,1.0,60.0,300.0,100.0,4.0,
