,index,area,major_axis_length,minor_axis_length,centroid-0,centroid-1,orientation,label,speed (nm/s),r^2,skele r^2,MT len (um),Motor Type,Motor_Conc_uM,MT_Conc_uM,ATP_Conc_uM,ADP_Conc_uM,P_Conc_uM,Flag_Conc_mg-ml,BSA_Caesin_Both,Acq_Time_s,Time_Interval_s,Cy5_exptime_ms,Cy5_gain,YFP_exptime_ms,YFP_gain,Temperature
0,0,11,14.311474026880964,1.0946415411135269,9.181818181818182,427.0,-1.0824613865493393,1,77.96678321678327,0.8898547702520127,0.8968564575179901,1.6006606705079178,NCD_YFP_ilid,0.001,0.04,1420.0,0.0,5000.0,0.02,Both,100.0,1.0,60.0,300.0,100.0,4.0,
2,2,23,35.51020087173253,1.6774724505526901,107.04347826086956,468.4782608695652,0.7396590474614132,4,121.0596153846154,0.9954351423656308,0.9864891820290533,2.2593315340096525,NCD_YFP_ilid,0.001,0.04,1420.0,0.0,5000.0,0.02,Both,100.0,1.0,60.0,300.0,100.0,4.0,
3,3,23,30.772583869099392,1.0916727147045018,120.0,97.04347826086956,-0.531513440847563,5,68.05909090909095,0.9732917100242803,0.8867910626462077,4.635518603193692,NCD_YFP_ilid,0.001,0.04,1420.0,0.0,5000.0,0.02,Both,100.0,1.0,60.0,300.0,100.0,4.0,
7,7,13,15.086572047189474,1.3027352044411118,416.0,116.23076923076923,0.12665674878030347,19,57.5676470588235,0.9720514976735279,0.9897886879961405,1.9992008670056804,NCD_YFP_ilid,0.001,0.04,1420.0,0.0,5000.0,0.02,Both,100.0,1.0,60.0,300.0,100.0,4.0,
8,8,27,32.05963922775786,1.5103117235633219,432.6296296296296,495.0,-1.3324736636055632,20,125.102547653959,0.9941953814674137,0.9542892249069512,2.601669869888671,NCD_YFP_ilid,0.001,0.04,1420.0,0.0,5000.0,0.02,Both,100.0,1.0,60.0,300.0,100.0,4.0,
