,index,area,major_axis_length,minor_axis_length,centroid-0,centroid-1,orientation,label,speed (nm/s),r^2,skele r^2,MT len (um),Motor Type,Motor_Conc_uM,MT_Conc_uM,ATP_Conc_uM,ADP_Conc_uM,P_Conc_uM,Flag_Conc_mg-ml,BSA_Caesin_Both,Acq_Time_s,Time_Interval_s,Cy5_exptime_ms,Cy5_gain,YFP_exptime_ms,YFP_gain,Temperature
3,3,14,16.222844955402433,1.8302769729939201,103.85714285714286,131.5,1.4599283776641292,8,53.28136752136754,0.8889558858684518,0.8088706214803723,2.481344283433763,NCD_YFP_ilid,0.001,0.04,1420.0,0.0,0.0,0.02,Both,100.0,1.0,60.0,300.0,100.0,4.0,
4,4,16,21.83978562572358,0.9804406266764598,267.5625,358.5,1.0045961646518147,9,69.36999999999998,0.9867095144562075,0.9085120562130178,1.8858541495646932,NCD_YFP_ilid,0.001,0.04,1420.0,0.0,0.0,0.02,Both,100.0,1.0,60.0,300.0,100.0,4.0,
5,5,12,14.767163189544247,1.219199281875169,267.8333333333333,183.5,-1.2071343248776494,10,92.00000000000001,0.983996212121212,0.9719168021735414,1.8866660584366086,NCD_YFP_ilid,0.001,0.04,1420.0,0.0,0.0,0.02,Both,100.0,1.0,60.0,300.0,100.0,4.0,
6,6,17,23.9868944056912,1.653088926402347,391.47058823529414,40.0,-0.9544062849210283,15,67.44500000000001,0.9879678495136485,0.8139454707864475,2.936229403010458,NCD_YFP_ilid,0.001,0.04,1420.0,0.0,0.0,0.02,Both,100.0,1.0,60.0,300.0,100.0,4.0,
7,7,11,15.871964481444298,1.1983803238525992,441.72727272727275,75.0,0.920052102468741,18,56.62622549019611,0.9277519455134822,0.9317224448736638,2.220227010036383,NCD_YFP_ilid,0.001,0.04,1420.0,0.0,0.0,0.02,Both,100.0,1.0,60.0,300.0,100.0,4.0,
9,9,41,57.25712851907132,1.885050921015324,487.0,27.585365853658537,0.5981296209041115,20,102.39162895927596,0.9763539698081806,0.9560594958389078,6.443741343638334,NCD_YFP_ilid,0.001,0.04,1420.0,0.0,0.0,0.02,Both,100.0,1.0,60.0,300.0,100.0,4.0,
