,index,area,major_axis_length,minor_axis_length,centroid-0,centroid-1,orientation,label,speed (nm/s),r^2,skele r^2,MT len (um),Motor Type,Motor_Conc_uM,MT_Conc_uM,ATP_Conc_uM,ADP_Conc_uM,P_Conc_uM,Flag_Conc_mg-ml,BSA_Caesin_Both,Acq_Time_s,Time_Interval_s,Cy5_exptime_ms,Cy5_gain,YFP_exptime_ms,YFP_gain,Temperature
0,0,28,41.00745326794355,1.079021168238844,131.5,278.07142857142856,0.663627526847795,2,142.70454545454547,0.9923492868547814,0.9857414170927684,2.757200582039899,NCD_YFP_ilid,0.001,0.04,1420.0,0.0,20000.0,0.02,Both,100.0,1.0,60.0,300.0,100.0,4.0,
4,4,62,87.24968355283517,2.737283311994898,252.5,473.0,0.6089796398285595,9,137.9136199095023,0.9982009765252073,0.9890588739261036,4.017148410648641,NCD_YFP_ilid,0.001,0.04,1420.0,0.0,20000.0,0.02,Both,100.0,1.0,60.0,300.0,100.0,4.0,
5,5,30,36.39106507263006,3.2154738015560547,326.5,188.36666666666667,-0.3143792433016281,12,172.03426791277266,0.9211992168795882,0.9487059382901859,3.034490611557225,NCD_YFP_ilid,0.001,0.04,1420.0,0.0,20000.0,0.02,Both,100.0,1.0,60.0,300.0,100.0,4.0,
6,6,24,28.35244146423494,1.3437744170052872,358.5,96.75,-0.21704566226500543,14,73.83416289592762,0.9940772438386665,0.9898973184077526,2.4139265028318966,NCD_YFP_ilid,0.001,0.04,1420.0,0.0,20000.0,0.02,Both,100.0,1.0,60.0,300.0,100.0,4.0,
