,index,area,major_axis_length,minor_axis_length,centroid-0,centroid-1,orientation,label,speed (nm/s),r^2,skele r^2,MT len (um),Motor Type,Motor_Conc_uM,MT_Conc_uM,ATP_Conc_uM,ADP_Conc_uM,P_Conc_uM,Flag_Conc_mg-ml,BSA_Caesin_Both,Acq_Time_s,Time_Interval_s,Cy5_exptime_ms,Cy5_gain,YFP_exptime_ms,YFP_gain,Temperature
1,4,23,26.682245371451447,2.528688567144067,91.1304347826087,247.0,1.4644981502432513,10,116.63636363636363,0.9934620789033886,0.970249123152892,1.969967789455752,NCD_YFP_ilid,0.001,0.04,1420.0,0.0,40000.0,0.02,Both,100.0,1.0,60.0,300.0,100.0,4.0,
2,5,33,42.311418368323146,1.1154975560482854,139.0,497.030303030303,-0.45079681265611365,13,88.81610862731253,0.9746076406809732,0.8661744356459427,3.3935931817273217,NCD_YFP_ilid,0.001,0.04,1420.0,0.0,40000.0,0.02,Both,100.0,1.0,60.0,300.0,100.0,4.0,
3,6,28,32.470265085677,1.2240146226567452,189.5,241.60714285714286,0.09915967092410169,17,163.4045454545454,0.9935525174490548,0.9916045953793713,2.3358804069349923,NCD_YFP_ilid,0.001,0.04,1420.0,0.0,40000.0,0.02,Both,100.0,1.0,60.0,300.0,100.0,4.0,
5,8,76,72.75794838666687,18.66740695161467,213.53947368421052,407.92105263157896,-0.9116099968483171,19,114.3822902888966,0.8863473329632504,0.9148512775719272,4.928228829587906,NCD_YFP_ilid,0.001,0.04,1420.0,0.0,40000.0,0.02,Both,100.0,1.0,60.0,300.0,100.0,4.0,
6,9,70,74.19588372897884,11.860663028337482,285.8142857142857,41.74285714285714,-0.9991619002501779,22,119.8155082705214,0.9260188424389935,0.6592551979609561,7.43204386050267,NCD_YFP_ilid,0.001,0.04,1420.0,0.0,40000.0,0.02,Both,100.0,1.0,60.0,300.0,100.0,4.0,
