,index,area,major_axis_length,minor_axis_length,centroid-0,centroid-1,orientation,label,speed (nm/s),r^2,skele r^2,MT len (um),Motor Type,Motor_Conc_uM,MT_Conc_uM,ATP_Conc_uM,ADP_Conc_uM,P_Conc_uM,Flag_Conc_mg-ml,BSA_Caesin_Both,Acq_Time_s,Time_Interval_s,Cy5_exptime_ms,Cy5_gain,YFP_exptime_ms,YFP_gain,Temperature
0,0,31,35.963010713735684,1.270020872109848,81.0,387.03225806451616,0.101791806095143,6,93.3215725806451,0.992222443718852,0.8972014041705241,3.5136690559566404,NCD_YFP_ilid,0.001,0.04,1420.0,0.0,0.0,0.02,Both,100.0,1.0,60.0,300.0,100.0,4.0,
1,1,37,42.71194641687808,1.191370224349113,85.0,49.0,-1.5577475577064148,7,92.49092436974786,0.9912342491697517,0.9874936152429303,5.615253568856042,NCD_YFP_ilid,0.001,0.04,1420.0,0.0,0.0,0.02,Both,100.0,1.0,60.0,300.0,100.0,4.0,
2,2,16,20.361894508742566,1.0692296361583409,285.875,345.5,-1.1320705457340614,9,83.72000000000001,0.9890760127446518,0.9317590960297067,2.2928980539840382,NCD_YFP_ilid,0.001,0.04,1420.0,0.0,0.0,0.02,Both,100.0,1.0,60.0,300.0,100.0,4.0,
