,index,area,major_axis_length,minor_axis_length,centroid-0,centroid-1,orientation,label,speed (nm/s),r^2,skele r^2,MT len (um),Motor Type,Motor_Conc_uM,MT_Conc_uM,ATP_Conc_uM,ADP_Conc_uM,P_Conc_uM,Flag_Conc_mg-ml,BSA_Caesin_Both,Acq_Time_s,Time_Interval_s,Cy5_exptime_ms,Cy5_gain,YFP_exptime_ms,YFP_gain,Temperature
0,0,28,38.50121370286759,1.221997585921863,49.285714285714285,171.5,-0.9955206143942961,2,92.94090909090944,0.8666377332754673,0.7458206096992895,2.910548041046669,NCD_YFP_ilid,0.001,0.04,1420.0,0.0,5000.0,0.02,Both,100.0,1.0,60.0,300.0,100.0,4.0,
1,1,24,31.612032070076896,1.5586623753814677,89.875,133.5,1.0666117721125585,3,153.3570691434468,0.9847905948343896,0.9776737574747574,1.8729580658277312,NCD_YFP_ilid,0.001,0.04,1420.0,0.0,5000.0,0.02,Both,100.0,1.0,60.0,300.0,100.0,4.0,
2,2,16,20.20528100340925,1.2233640395521246,375.625,52.5,1.1487448543589505,9,77.46818181818183,0.9951209384407765,0.8835504326539391,2.494930239647012,NCD_YFP_ilid,0.001,0.04,1420.0,0.0,5000.0,0.02,Both,100.0,1.0,60.0,300.0,100.0,4.0,
3,3,13,16.162686202819767,1.3317251476723173,416.0769230769231,149.69230769230768,-0.4586849928070673,10,72.56838235294114,0.9904569030441575,0.8683069676301647,2.4387673561160472,NCD_YFP_ilid,0.001,0.04,1420.0,0.0,5000.0,0.02,Both,100.0,1.0,60.0,300.0,100.0,4.0,
4,4,57,65.94962498090922,2.2163657823678977,422.87719298245617,430.96491228070175,1.4643702417667843,11,146.10932126696835,0.997074495759699,0.9825252319205549,3.783839450450039,NCD_YFP_ilid,0.001,0.04,1420.0,0.0,5000.0,0.02,Both,100.0,1.0,60.0,300.0,100.0,4.0,
5,5,15,17.300667002820543,1.096575037592977,424.1333333333333,50.0,1.524213794246149,12,117.00122549019622,0.992631857335013,0.9908854166666666,2.1507317750444046,NCD_YFP_ilid,0.001,0.04,1420.0,0.0,5000.0,0.02,Both,100.0,1.0,60.0,300.0,100.0,4.0,
