,index,area,major_axis_length,minor_axis_length,centroid-0,centroid-1,orientation,label,speed (nm/s),r^2,skele r^2,MT len (um),Motor Type,Motor_Conc_uM,MT_Conc_uM,ATP_Conc_uM,ADP_Conc_uM,P_Conc_uM,Flag_Conc_mg-ml,BSA_Caesin_Both,Acq_Time_s,Time_Interval_s,Cy5_exptime_ms,Cy5_gain,YFP_exptime_ms,YFP_gain,Temperature
0,0,30,36.05075488315537,1.1569908859644575,28.5,458.73333333333335,-0.28264889751385,1,88.32278225806446,0.9948352483528482,0.907335260014147,3.932768150636375,NCD_YFP_ilid,0.001,0.04,1420.0,0.0,5000.0,0.02,Both,100.0,1.0,60.0,300.0,100.0,4.0,
1,1,31,36.10689357353091,1.9740352159240366,29.129032258064516,483.0,1.4353290724928849,2,94.68487903225798,0.9881828285690412,0.8789433192282294,2.9149668637513093,NCD_YFP_ilid,0.001,0.04,1420.0,0.0,5000.0,0.02,Both,100.0,1.0,60.0,300.0,100.0,4.0,
3,3,12,16.668645955410877,1.265182381164499,42.666666666666664,188.41666666666666,0.688869652815126,4,66.51842105263161,0.9646638808876629,0.9578150082337472,2.566077888626973,NCD_YFP_ilid,0.001,0.04,1420.0,0.0,5000.0,0.02,Both,100.0,1.0,60.0,300.0,100.0,4.0,
4,4,18,20.77805633902235,1.3055548773779093,325.5,460.77777777777777,0.04969149196009557,7,102.13281733746126,0.9188534714367049,0.4587846944423084,2.975374887814668,NCD_YFP_ilid,0.001,0.04,1420.0,0.0,5000.0,0.02,Both,100.0,1.0,60.0,300.0,100.0,4.0,
5,5,13,19.250930108550648,0.8457537603544768,404.84615384615387,319.0,-0.8898185849973441,8,78.33269230769233,0.989587089315565,0.9858150124451622,2.3549740266878056,NCD_YFP_ilid,0.001,0.04,1420.0,0.0,5000.0,0.02,Both,100.0,1.0,60.0,300.0,100.0,4.0,
6,6,21,24.77213965919053,1.0779417347724571,500.04761904761904,30.0,-1.3592964400287408,9,43.78214285714291,0.8204541534519116,0.8645541930321026,4.3708169640125405,NCD_YFP_ilid,0.001,0.04,1420.0,0.0,5000.0,0.02,Both,100.0,1.0,60.0,300.0,100.0,4.0,
