,index,area,major_axis_length,minor_axis_length,centroid-0,centroid-1,orientation,label,speed (nm/s),r^2,skele r^2,MT len (um),Motor Type,Motor_Conc_uM,MT_Conc_uM,ATP_Conc_uM,ADP_Conc_uM,P_Conc_uM,Flag_Conc_mg-ml,BSA_Caesin_Both,Acq_Time_s,Time_Interval_s,Cy5_exptime_ms,Cy5_gain,YFP_exptime_ms,YFP_gain,Temperature
0,0,64,84.78676740411262,3.628900234355501,49.5,239.453125,-0.5130562050426346,1,92.81176470588231,0.9838927657693648,0.9741075412311464,5.464414854606942,NCD_YFP_ilid,0.001,0.04,1420.0,0.0,30000.0,0.02,Both,100.0,1.0,60.0,300.0,100.0,4.0,
1,1,60,74.35405347998245,2.6041117031677063,55.6,171.5,-1.1987051465066534,5,146.77707317559543,0.9800337917464136,0.9786830665465178,4.0514126218034745,NCD_YFP_ilid,0.001,0.04,1420.0,0.0,30000.0,0.02,Both,100.0,1.0,60.0,300.0,100.0,4.0,
2,2,12,14.130959711626192,1.0976641186111014,48.166666666666664,481.5,-1.3560000048878083,6,80.50000000000001,0.9907016060862215,0.8998967696756396,1.7573597812188313,NCD_YFP_ilid,0.001,0.04,1420.0,0.0,30000.0,0.02,Both,100.0,1.0,60.0,300.0,100.0,4.0,
3,3,42,48.780237455335346,1.9139062087002578,92.33333333333333,177.5,-1.4603864651436196,10,163.16730769230767,0.990919637488343,0.9912215951506466,3.864893084112395,NCD_YFP_ilid,0.001,0.04,1420.0,0.0,30000.0,0.02,Both,100.0,1.0,60.0,300.0,100.0,4.0,
4,4,55,67.89057174547696,2.6942584142624084,132.0,245.85454545454544,-0.36198954502722547,11,154.33416289592765,0.9885546791959605,0.9908403594011878,3.252748584705624,NCD_YFP_ilid,0.001,0.04,1420.0,0.0,30000.0,0.02,Both,100.0,1.0,60.0,300.0,100.0,4.0,
5,5,17,23.65169954015269,1.484131124436396,136.52941176470588,280.8235294117647,0.9049715843127555,12,98.70833333333333,0.972664718635121,0.8193290243151715,2.7125323516434166,NCD_YFP_ilid,0.001,0.04,1420.0,0.0,30000.0,0.02,Both,100.0,1.0,60.0,300.0,100.0,4.0,
8,8,12,16.973055069602818,0.8968224423591238,211.5,379.1666666666667,-0.6215874991796233,17,114.27622377622372,0.9705323270806538,0.8881203321357762,2.4641065274865284,NCD_YFP_ilid,0.001,0.04,1420.0,0.0,30000.0,0.02,Both,100.0,1.0,60.0,300.0,100.0,4.0,
