,index,area,major_axis_length,minor_axis_length,centroid-0,centroid-1,orientation,label,speed (nm/s),r^2,skele r^2,MT len (um),Motor Type,Motor_Conc_uM,MT_Conc_uM,ATP_Conc_uM,ADP_Conc_uM,P_Conc_uM,Flag_Conc_mg-ml,BSA_Caesin_Both,Acq_Time_s,Time_Interval_s,Cy5_exptime_ms,Cy5_gain,YFP_exptime_ms,YFP_gain,Temperature
0,0,19,21.908902300206645,0.0,56.0,21.0,1.5707963267948966,3,72.17424242424244,0.9953360927542616,0.9965931128859212,2.3514137800461685,NCD_YFP_ilid,0.001,0.04,1420.0,0.0,30000.0,0.02,Both,100.0,1.0,60.0,300.0,100.0,4.0,
1,1,9,11.886960000476169,1.5819769539667965,242.11111111111111,389.0,0.6231727544670959,10,36.03923076923077,0.9585385151332648,0.8627293899011965,1.5347853497932555,NCD_YFP_ilid,0.001,0.04,1420.0,0.0,30000.0,0.02,Both,100.0,1.0,60.0,300.0,100.0,4.0,
2,2,32,44.32508204945268,2.2959695793471795,261.46875,125.5,-0.938328594280496,11,123.23039215686282,0.9939213275196312,0.9956399481474794,2.3316615722645793,NCD_YFP_ilid,0.001,0.04,1420.0,0.0,30000.0,0.02,Both,100.0,1.0,60.0,300.0,100.0,4.0,
3,3,49,61.60546883098124,1.5739008495652305,269.1020408163265,378.0,-1.1634697469057687,12,137.24422205245727,0.9921382127648485,0.9142816364738777,3.2151620776522436,NCD_YFP_ilid,0.001,0.04,1420.0,0.0,30000.0,0.02,Both,100.0,1.0,60.0,300.0,100.0,4.0,
4,4,69,81.8789734992756,2.382823764674527,297.3768115942029,119.0,1.3376705161092186,15,160.5825210084033,0.9994584206132028,0.9872835128442836,4.874360894825108,NCD_YFP_ilid,0.001,0.04,1420.0,0.0,30000.0,0.02,Both,100.0,1.0,60.0,300.0,100.0,4.0,
5,5,18,25.361793976510064,1.4871129945266017,311.5,104.27777777777777,-0.6136322650964944,17,135.45789473684204,0.9913693207183422,0.9912362362115359,1.7402852966696802,NCD_YFP_ilid,0.001,0.04,1420.0,0.0,30000.0,0.02,Both,100.0,1.0,60.0,300.0,100.0,4.0,
6,6,41,56.50844314946611,3.523004081901403,433.8780487804878,155.0,0.9915112015274599,20,115.14302521008399,0.9669861700643023,0.9784048924821752,3.4071592926231764,NCD_YFP_ilid,0.001,0.04,1420.0,0.0,30000.0,0.02,Both,100.0,1.0,60.0,300.0,100.0,4.0,
