r (µm),t (s),ATP (µM),motors (µM)
2.197241379310345,250.0,327.6694308810764,0.6251466306252668
6.591724137931034,250.0,314.0972216626008,0.6270981516402502
10.986206896551725,250.0,313.88512127487746,0.6296695569006528
15.380689655172414,250.0,312.65581421057385,0.6342430853941402
19.775172413793104,250.0,313.6138315567604,0.6315112082611404
24.16965517241379,250.0,313.3497754600313,0.6320050719718472
28.564137931034487,250.0,316.73716398245756,0.6331756844401994
32.95862068965517,250.0,320.6573949803909,0.6322906235394058
37.35310344827587,250.0,318.878828824891,0.6341678509120239
41.74758620689655,250.0,319.18118890686935,0.643570907076105
46.14206896551724,250.0,320.8875418096526,0.6401246232928428
50.53655172413793,250.0,321.42495372967835,0.6429851489369812
54.93103448275861,250.0,334.76588834101153,0.6446924265336107
59.325517241379316,250.0,330.547120956911,0.640479666839841
63.72,250.0,335.18695350966334,0.642482817670895
68.11448275862068,250.0,334.46028867400724,0.643004511696456
72.50896551724139,250.0,339.75456617780463,0.6434092727361534
76.90344827586208,250.0,339.88909640842013,0.6439950583033621
81.29793103448276,250.0,340.33322932553176,0.6459174639288697
85.69241379310344,250.0,343.42700749261365,0.6438242060383914
90.08689655172414,250.0,343.9463987342355,0.6469842456509985
94.48137931034482,250.0,347.98124180899725,0.646367339821827
98.8758620689655,250.0,350.7499165160534,0.6454156500537959
103.2703448275862,250.0,351.3785594117547,0.6447222015679576
107.66482758620688,250.0,355.9771447040112,0.6440442354009008
112.05931034482757,250.0,360.44214702455287,0.6445110217444767
116.45379310344829,250.0,361.37650331015936,0.6441469774182181
120.84827586206897,250.0,362.2961992864905,0.645057349920547
125.24275862068966,250.0,362.9170286707166,0.6446373226047045
2.197241379310345,270.0,304.7082958963182,0.627514428674838
6.591724137931034,270.0,316.2323425246609,0.6284499802268468
10.986206896551725,270.0,319.9199718303151,0.6336317179801827
15.380689655172414,270.0,310.105359337948,0.6394226128693486
19.775172413793104,270.0,309.63064802100513,0.6337396437184937
24.16965517241379,270.0,310.2096070079577,0.6340443857108095
28.564137931034487,270.0,311.15972862806586,0.6377166380864265
32.95862068965517,270.0,316.1507065983282,0.6379470867253219
37.35310344827587,270.0,312.5922383129597,0.6381097393158676
41.74758620689655,270.0,316.43618393912277,0.6492193927610547
46.14206896551724,270.0,316.43976499229416,0.6445522692911656
50.53655172413793,270.0,315.26284353396835,0.6465590437322031
54.93103448275861,270.0,322.2289369627566,0.6484961486456019
59.325517241379316,270.0,324.31500225514174,0.6443309845593352
63.72,270.0,328.0724485056636,0.6461368895883397
68.11448275862068,270.0,328.9120476978061,0.6489809046148727
72.50896551724139,270.0,330.267871652646,0.6475225717337059
76.90344827586208,270.0,333.81507095827,0.6508092578698897
81.29793103448276,270.0,335.6640228309493,0.6494176133427189
85.69241379310344,270.0,339.29430612273836,0.6490307534731465
90.08689655172414,270.0,336.98660945919374,0.6517832527599609
94.48137931034482,270.0,342.2379587481892,0.6525710948784634
98.8758620689655,270.0,342.15884153583113,0.6480249626029275
103.2703448275862,270.0,349.160947906829,0.6496374422979735
107.66482758620688,270.0,350.5143307602725,0.6488578254230832
112.05931034482757,270.0,356.03823789823736,0.6469515191820951
116.45379310344829,270.0,356.93347195850475,0.6487505150232201
120.84827586206897,270.0,355.2859452152564,0.6468309265371399
125.24275862068966,270.0,360.79037963578276,0.6476511477650614
2.197241379310345,290.0,304.68240394592283,0.6257828740076831
6.591724137931034,290.0,309.56407682763205,0.620565901352809
10.986206896551725,290.0,306.74281563140727,0.6324186619319674
15.380689655172414,290.0,304.37054544024994,0.637192157594884
19.775172413793104,290.0,303.18565500088226,0.637789781113866
24.16965517241379,290.0,301.5124916557282,0.6445139212643399
28.564137931034487,290.0,307.1248765231835,0.6367542170530738
32.95862068965517,290.0,310.0981105930275,0.6394392753497603
37.35310344827587,290.0,312.33482296466826,0.6385668278004756
41.74758620689655,290.0,312.0163845088747,0.6403705111853689
46.14206896551724,290.0,310.8473322411888,0.6485021003167581
50.53655172413793,290.0,307.0736970916773,0.6500011201903754
54.93103448275861,290.0,314.6974211961138,0.6500847656555749
59.325517241379316,290.0,320.6146868955758,0.6470650123370872
63.72,290.0,320.55794495859266,0.6453611329672065
68.11448275862068,290.0,323.7187467257918,0.6485872802790598
72.50896551724139,290.0,326.12142226841087,0.649012159815211
76.90344827586208,290.0,328.5046046882868,0.6521425637159984
81.29793103448276,290.0,330.3743067864635,0.6542391613633143
85.69241379310344,290.0,332.2157044750481,0.6537681958013111
90.08689655172414,290.0,334.3869565533402,0.6551843461949354
94.48137931034482,290.0,340.2522606655719,0.6499842829915545
98.8758620689655,290.0,337.65555861643236,0.6474092455910089
103.2703448275862,290.0,347.24142182984997,0.6506551890529101
107.66482758620688,290.0,345.93921708261365,0.6528679629642514
112.05931034482757,290.0,347.742519150278,0.6527412922875914
116.45379310344829,290.0,350.34847253472714,0.6504270731213537
120.84827586206897,290.0,349.7518675308728,0.6521888214604563
125.24275862068966,290.0,355.9991674450123,0.6514720013372702
2.197241379310345,310.0,302.9796185387506,0.6481354202927843
6.591724137931034,310.0,292.5351071755091,0.6421280400111125
10.986206896551725,310.0,286.62784559417656,0.6459814222177602
15.380689655172414,310.0,292.44956777272404,0.6501614787050936
19.775172413793104,310.0,296.1514776873792,0.6499041396589663
24.16965517241379,310.0,290.0118383292168,0.6562302539892056
28.564137931034487,310.0,295.9625130958027,0.6450888371197623
32.95862068965517,310.0,296.54718291428355,0.6491878609962999
37.35310344827587,310.0,301.31849854124914,0.6504999130232435
41.74758620689655,310.0,300.12585374228973,0.653729904300771
46.14206896551724,310.0,297.07140957850675,0.6582140775100715
50.53655172413793,310.0,301.1829083169627,0.6619915841478604
54.93103448275861,310.0,310.5157971014686,0.6618240833213483
59.325517241379316,310.0,311.9151203872429,0.6595799553311184
63.72,310.0,310.80641905209166,0.6609369820204631
68.11448275862068,310.0,314.0431425917296,0.6627689719463677
72.50896551724139,310.0,316.49910306899005,0.6624752501743394
76.90344827586208,310.0,320.9186363412274,0.6690956764633447
81.29793103448276,310.0,321.98398089869585,0.6669974685624355
85.69241379310344,310.0,321.6526920680263,0.6673588909498482
90.08689655172414,310.0,325.5516606531446,0.6629853343985255
94.48137931034482,310.0,331.3396782454044,0.6607383387554762
98.8758620689655,310.0,332.32726258014003,0.6602308516517797
103.2703448275862,310.0,338.9737346271674,0.6614266377194155
107.66482758620688,310.0,337.70603239125217,0.6659576692546656
112.05931034482757,310.0,339.0565327869521,0.6653214547260584
116.45379310344829,310.0,342.2401406564095,0.6643884453546446
120.84827586206897,310.0,343.3456812919745,0.6630532149206785
125.24275862068966,310.0,347.6553540252563,0.6644266402607791
2.197241379310345,330.0,287.18333157433403,0.6381675372015958
6.591724137931034,330.0,278.32384546597797,0.6347838616141906
10.986206896551725,330.0,289.6116178411025,0.6376393197730938
15.380689655172414,330.0,279.7707290031292,0.6438957802584914
19.775172413793104,330.0,287.2753444899861,0.6521476158492211
24.16965517241379,330.0,290.8697905881064,0.6518150603852603
28.564137931034487,330.0,291.4198425776429,0.6433645917456696
32.95862068965517,330.0,291.79508292261096,0.646282439539845
37.35310344827587,330.0,293.6130232393742,0.6476083966670876
41.74758620689655,330.0,293.08770775642154,0.6515710867656871
46.14206896551724,330.0,291.14892701307934,0.661064020201432
50.53655172413793,330.0,299.8523136555639,0.6607304765967814
54.93103448275861,330.0,303.3401715541826,0.6582193031769108
59.325517241379316,330.0,302.84137318986984,0.6597493980473517
63.72,330.0,304.5086533692148,0.6569565260277538
68.11448275862068,330.0,303.3765966564785,0.6613108764677779
72.50896551724139,330.0,306.7249890745632,0.6645925330705371
76.90344827586208,330.0,312.67811482052014,0.6663011249196443
81.29793103448276,330.0,315.66229305837464,0.6660639165645762
85.69241379310344,330.0,313.635015560521,0.6662566918570089
90.08689655172414,330.0,316.8506059579027,0.6639680570104342
94.48137931034482,330.0,321.4754305399127,0.6611716354081564
98.8758620689655,330.0,326.4835155384663,0.6616869200376178
103.2703448275862,330.0,328.5339211927993,0.6632276105518745
107.66482758620688,330.0,330.31351067279945,0.664776573405679
112.05931034482757,330.0,333.72238283165376,0.6640467773735254
116.45379310344829,330.0,337.8322155970115,0.6631204013401728
120.84827586206897,330.0,339.2802562955158,0.6646192253888102
125.24275862068966,330.0,343.5787463417898,0.6647544562254597
2.197241379310345,350.0,279.19135515424944,0.6407749767357347
6.591724137931034,350.0,271.5990770028697,0.644360971221557
10.986206896551725,350.0,286.8224644329813,0.6437848426985301
15.380689655172414,350.0,272.04941851342164,0.6478335974157834
19.775172413793104,350.0,279.88687849859906,0.6548964518218557
24.16965517241379,350.0,286.89225126448133,0.6544345581293607
28.564137931034487,350.0,286.00239408264554,0.6493967076230853
32.95862068965517,350.0,282.7618598830369,0.6500107348643593
37.35310344827587,350.0,290.2754657228787,0.6536710581870554
41.74758620689655,350.0,289.3668296688642,0.6555502545933166
46.14206896551724,350.0,287.36434541808234,0.6672054258776845
50.53655172413793,350.0,295.7511828883081,0.6681820811490297
54.93103448275861,350.0,297.28993367892446,0.6637995999306441
59.325517241379316,350.0,299.27796355883277,0.6632381921991491
63.72,350.0,301.3617164444776,0.664484053613083
68.11448275862068,350.0,298.72522504094206,0.6667522522747824
72.50896551724139,350.0,299.38028459164207,0.6713896628692021
76.90344827586208,350.0,306.62745117346446,0.6695672597621006
81.29793103448276,350.0,307.36503402132917,0.6729049529442727
85.69241379310344,350.0,308.47575021078046,0.6693569052086936
90.08689655172414,350.0,310.09650860459897,0.6679117498668137
94.48137931034482,350.0,313.8150496955902,0.6666663111301191
98.8758620689655,350.0,320.6246013129369,0.665677514535509
103.2703448275862,350.0,319.8941866670336,0.66804746583376
107.66482758620688,350.0,324.88690866866796,0.6713392478403005
112.05931034482757,350.0,329.6420931838177,0.6693565045546622
116.45379310344829,350.0,331.2112746022366,0.6684477085872803
120.84827586206897,350.0,334.13575609953574,0.6696182248372597
125.24275862068966,350.0,338.046927244092,0.6710887670559267
2.197241379310345,370.0,281.4453012678358,0.6471425826940159
6.591724137931034,370.0,270.1465026007758,0.6536834779840249
10.986206896551725,370.0,274.5757487791556,0.6452521968821776
15.380689655172414,370.0,279.7630038989915,0.6567890590575874
19.775172413793104,370.0,274.6689523213949,0.660657223736309
24.16965517241379,370.0,272.3115173351197,0.6552657400484846
28.564137931034487,370.0,278.29414914713965,0.6524168902455596
32.95862068965517,370.0,271.78170650949085,0.6561316797263886
37.35310344827587,370.0,279.1504916495747,0.6566981841361539
41.74758620689655,370.0,283.51404930536563,0.6624279837957572
46.14206896551724,370.0,279.2793073506437,0.6716509792393288
50.53655172413793,370.0,286.52656896246805,0.6703024756737613
54.93103448275861,370.0,286.6698456665094,0.6697142263805425
59.325517241379316,370.0,291.13267772355016,0.6714120766215675
63.72,370.0,287.4909166266889,0.6698260491887255
68.11448275862068,370.0,292.4639357129733,0.6743888509739122
72.50896551724139,370.0,293.0149836858744,0.6769220400213035
76.90344827586208,370.0,298.7932462238603,0.6774600295178062
81.29793103448276,370.0,301.3345890672887,0.6785412004135921
85.69241379310344,370.0,306.0879831077972,0.6753479581453182
90.08689655172414,370.0,304.97888026648366,0.6721752794868817
94.48137931034482,370.0,309.8067558157066,0.6726681443342113
98.8758620689655,370.0,314.16735609372455,0.6726740596411678
103.2703448275862,370.0,315.63088957279444,0.6747040705682599
107.66482758620688,370.0,318.7126529671223,0.6762968145871151
112.05931034482757,370.0,322.0873882479539,0.6747089860362435
116.45379310344829,370.0,327.2822777884978,0.6756538504974096
120.84827586206897,370.0,326.33159650501864,0.6759480220081914
125.24275862068966,370.0,331.5276312710097,0.678649609701501
2.197241379310345,390.0,285.0671930631002,0.648264756647207
6.591724137931034,390.0,267.32822170191344,0.6556757988838049
10.986206896551725,390.0,266.60804217170784,0.6517708526778331
15.380689655172414,390.0,274.7416265960093,0.6620605484872568
19.775172413793104,390.0,270.534478952742,0.6674481213693354
24.16965517241379,390.0,271.9483961179143,0.6611180051597727
28.564137931034487,390.0,273.57845916350686,0.6566386008717874
32.95862068965517,390.0,273.1537669226527,0.6612667336675574
37.35310344827587,390.0,274.198322703441,0.6658546437508087
41.74758620689655,390.0,274.25205065908597,0.6676541923196333
46.14206896551724,390.0,278.9237180224851,0.6782616018194013
50.53655172413793,390.0,280.632574072251,0.6760864035031305
54.93103448275861,390.0,285.98424873856237,0.6725100064857139
59.325517241379316,390.0,287.68744701478215,0.6753717651456872
63.72,390.0,281.4915925599175,0.6775860250849712
68.11448275862068,390.0,287.938782427046,0.6841440363433665
72.50896551724139,390.0,296.55407095586185,0.6820503033189846
76.90344827586208,390.0,294.17360051241184,0.6850833641000006
81.29793103448276,390.0,299.01766966319315,0.6825711243566142
85.69241379310344,390.0,302.1852839825234,0.6792076256359583
90.08689655172414,390.0,303.62391973244627,0.6787825641319826
94.48137931034482,390.0,307.3034977049582,0.6777153749984133
98.8758620689655,390.0,310.4176995667637,0.6800151559586578
103.2703448275862,390.0,315.23683711129524,0.6820406860991121
107.66482758620688,390.0,316.1811623559601,0.6810234089854832
112.05931034482757,390.0,317.8782859294102,0.6812109608725725
116.45379310344829,390.0,324.0360205211021,0.6836423079987042
120.84827586206897,390.0,322.51209804318313,0.6854438753767456
125.24275862068966,390.0,327.3272842820734,0.6891298853404766
2.197241379310345,410.0,266.94172985288833,0.6576186465678242
6.591724137931034,410.0,264.82774314946596,0.6633521263415997
10.986206896551725,410.0,265.27234535305587,0.6657930474539506
15.380689655172414,410.0,264.5451057464988,0.6620337931347675
19.775172413793104,410.0,265.59849468866986,0.667626505271914
24.16965517241379,410.0,272.4153155126269,0.6681302050832941
28.564137931034487,410.0,270.33102811624605,0.6625967629743512
32.95862068965517,410.0,271.2773670463099,0.6672681062418702
37.35310344827587,410.0,271.04032124082244,0.6664732418761247
41.74758620689655,410.0,266.79232366421286,0.6757632470322964
46.14206896551724,410.0,273.9277348829131,0.6840487171491955
50.53655172413793,410.0,273.64262949248666,0.6812769557264718
54.93103448275861,410.0,281.7700432440713,0.6804221155466856
59.325517241379316,410.0,281.65922675198976,0.679705783271326
63.72,410.0,278.3323450265107,0.6860338494169779
68.11448275862068,410.0,284.2854387171475,0.6877813904313542
72.50896551724139,410.0,289.6960092603214,0.6889455604246495
76.90344827586208,410.0,287.26745291848977,0.6889755581242507
81.29793103448276,410.0,287.1053811244055,0.6859801721084359
85.69241379310344,410.0,296.0231381553959,0.6840948697019507
90.08689655172414,410.0,298.60120303182106,0.6847223518598285
94.48137931034482,410.0,299.15444683271744,0.6845109575628644
98.8758620689655,410.0,303.46213628542733,0.6867221685440014
103.2703448275862,410.0,308.8949141625374,0.6884709247413604
107.66482758620688,410.0,309.27415888884974,0.6868755644946831
112.05931034482757,410.0,313.21129187590344,0.6869482273160062
116.45379310344829,410.0,318.0423928602978,0.6903451082840678
120.84827586206897,410.0,317.44216789529213,0.6940846802996952
125.24275862068966,410.0,321.5521738258087,0.6972713150500961
2.197241379310345,430.0,245.4178632206387,0.6543673475583395
6.591724137931034,430.0,266.10137168897523,0.6649619721449338
10.986206896551725,430.0,257.8062111315904,0.6708598204197422
15.380689655172414,430.0,262.2059581390134,0.6649060423745483
19.775172413793104,430.0,257.7059423577072,0.6762124355929324
24.16965517241379,430.0,258.8562243911955,0.6729725874459543
28.564137931034487,430.0,261.4524909324116,0.6707881610992746
32.95862068965517,430.0,266.88274267150297,0.6729944432451077
37.35310344827587,430.0,263.66998089949294,0.6748619213557991
41.74758620689655,430.0,260.8254792175741,0.6868146328980144
46.14206896551724,430.0,263.5715964507853,0.6888724792155281
50.53655172413793,430.0,265.17160590082153,0.6853476358584971
54.93103448275861,430.0,272.3131058190459,0.6877139787293143
59.325517241379316,430.0,272.3525419483582,0.6865068741854429
63.72,430.0,270.3966985709137,0.6940203141554443
68.11448275862068,430.0,274.8045661063106,0.6932853707383464
72.50896551724139,430.0,279.6584888072241,0.6943683809319087
76.90344827586208,430.0,279.7100630548265,0.6927064051261798
81.29793103448276,430.0,278.5460928793691,0.6900443268876435
85.69241379310344,430.0,289.5531532084884,0.6881058684385647
90.08689655172414,430.0,292.34698461756415,0.6889322267638313
94.48137931034482,430.0,291.65183241405185,0.6933769254444466
98.8758620689655,430.0,296.79879892674774,0.6939969902620112
103.2703448275862,430.0,299.22888707263127,0.6928440655757702
107.66482758620688,430.0,300.4530382220315,0.6932836417545994
112.05931034482757,430.0,303.32431919406156,0.6949323374086915
116.45379310344829,430.0,312.9672221172739,0.6986037804660764
120.84827586206897,430.0,313.095090600595,0.702317653018296
125.24275862068966,430.0,315.67728494914866,0.7025236993701789
2.197241379310345,450.0,230.47811499701606,0.6705050535794705
6.591724137931034,450.0,264.92604141765173,0.6739204404445794
10.986206896551725,450.0,251.10208053500563,0.6724921870066823
15.380689655172414,450.0,259.8969533620057,0.6737699163741753
19.775172413793104,450.0,252.84511371046054,0.6762867114818667
24.16965517241379,450.0,252.43472517388207,0.6740914676181909
28.564137931034487,450.0,251.18555460787482,0.6756750538177643
32.95862068965517,450.0,261.3079631858402,0.6807931703889858
37.35310344827587,450.0,254.06208805706765,0.6834569188777616
41.74758620689655,450.0,254.82206251325772,0.6909751387619745
46.14206896551724,450.0,258.99908929757584,0.6944416589804191
50.53655172413793,450.0,260.31386868668415,0.690495545066628
54.93103448275861,450.0,267.1608260126524,0.6908141740632278
59.325517241379316,450.0,264.64629611165986,0.6922811818067441
63.72,450.0,265.59536653830685,0.7002176959408402
68.11448275862068,450.0,265.58169123383215,0.7003826514248823
72.50896551724139,450.0,270.763503618972,0.7024715424705661
76.90344827586208,450.0,274.2474851008918,0.6978505259767949
81.29793103448276,450.0,276.06359754754726,0.6970244258812128
85.69241379310344,450.0,281.68821400461565,0.6949875586582304
90.08689655172414,450.0,283.92044692461184,0.6971704685391826
94.48137931034482,450.0,286.773304733019,0.7004505160454525
98.8758620689655,450.0,291.99669839238,0.7002839571881366
103.2703448275862,450.0,291.5943606597564,0.7003650606320724
107.66482758620688,450.0,293.0240587530465,0.7020888846081773
112.05931034482757,450.0,297.29198721161595,0.7036816613706528
116.45379310344829,450.0,305.71929918417226,0.7078080300669201
120.84827586206897,450.0,307.3770850129377,0.7098300744122187
125.24275862068966,450.0,304.94036949508717,0.713278957261173
2.197241379310345,470.0,233.96751743952433,0.6758926871132716
6.591724137931034,470.0,257.0050258901384,0.6831324571600327
10.986206896551725,470.0,243.46398454021525,0.6776711861796093
15.380689655172414,470.0,245.57638464150605,0.682231189725829
19.775172413793104,470.0,244.4422137553875,0.6845616770331145
24.16965517241379,470.0,250.29240255696433,0.6805131372471317
28.564137931034487,470.0,243.60504817714295,0.6838018524974955
32.95862068965517,470.0,250.60685992654825,0.685560437837935
37.35310344827587,470.0,247.2255808035533,0.6916520906381035
41.74758620689655,470.0,251.67343645523755,0.7007767783571257
46.14206896551724,470.0,249.72918197436212,0.7028991087150257
50.53655172413793,470.0,254.15199739454135,0.6990893352261409
54.93103448275861,470.0,259.2105359988401,0.6992464848138668
59.325517241379316,470.0,259.42920424251093,0.7035974958944603
63.72,470.0,261.5958770226549,0.7096274381676836
68.11448275862068,470.0,264.02080452662926,0.7071479031309629
72.50896551724139,470.0,264.02032502334583,0.7093718488090086
76.90344827586208,470.0,269.99798900021443,0.7062449146951209
81.29793103448276,470.0,271.05781813117045,0.7024945584118641
85.69241379310344,470.0,274.96583231837275,0.7041508220400997
90.08689655172414,470.0,277.7587422927221,0.7046393444298833
94.48137931034482,470.0,282.04606813760034,0.7076586978370424
98.8758620689655,470.0,287.29846694403227,0.7098409078020522
103.2703448275862,470.0,287.0669371052867,0.7095620944278714
107.66482758620688,470.0,288.8915368192955,0.7105879460096108
112.05931034482757,470.0,296.7470513702643,0.7120208614619609
116.45379310344829,470.0,297.1628801959533,0.7184894417603022
120.84827586206897,470.0,300.1003308592279,0.7175915781720027
125.24275862068966,470.0,299.11169948221914,0.7218473487309296
2.197241379310345,490.0,224.638063844045,0.6872371920084549
6.591724137931034,490.0,240.21870954831442,0.6847493513272359
10.986206896551725,490.0,227.32551681774635,0.6849445235756685
15.380689655172414,490.0,236.6696910394563,0.6838283205618624
19.775172413793104,490.0,237.97924269977798,0.6905400386310044
24.16965517241379,490.0,245.08069678147632,0.687091352809377
28.564137931034487,490.0,237.09863013111882,0.6884627868396562
32.95862068965517,490.0,241.99967844121988,0.69294320788568
37.35310344827587,490.0,246.04491868548922,0.6980512040739658
41.74758620689655,490.0,247.43447342693298,0.7052188004791594
46.14206896551724,490.0,244.26198264217786,0.7064616244319266
50.53655172413793,490.0,248.13291535316372,0.7051264896340992
54.93103448275861,490.0,250.4464627119803,0.7020149647499676
59.325517241379316,490.0,256.2498585805297,0.7099834883732001
63.72,490.0,254.047939096704,0.7121725534411205
68.11448275862068,490.0,260.34683178420414,0.7148520914877524
72.50896551724139,490.0,262.9951805302075,0.7148145279894309
76.90344827586208,490.0,261.5689469370577,0.7078637685525697
81.29793103448276,490.0,265.5308846695988,0.7084018876997091
85.69241379310344,490.0,267.5112622524229,0.7103121766370337
90.08689655172414,490.0,273.0125705449759,0.7125739867646623
94.48137931034482,490.0,274.22099676207887,0.7155364821056738
98.8758620689655,490.0,276.6056623810377,0.7144594890650829
103.2703448275862,490.0,283.1329096210381,0.7162038671412851
107.66482758620688,490.0,284.98649501092586,0.7188293870804285
112.05931034482757,490.0,290.5389979907158,0.724170031300767
116.45379310344829,490.0,288.63193431209635,0.7244296735208852
120.84827586206897,490.0,293.34858366554863,0.7273271654274651
125.24275862068966,490.0,297.41133800811235,0.7302013764343702
2.197241379310345,510.0,228.12161726421783,0.6753306668356988
6.591724137931034,510.0,233.65538843472797,0.6826688784819382
10.986206896551725,510.0,222.21678913301892,0.6867694748986152
15.380689655172414,510.0,232.1930208603541,0.6848657306100502
19.775172413793104,510.0,230.93495659542901,0.6906464676787931
24.16965517241379,510.0,231.06739596336607,0.6924322326080639
28.564137931034487,510.0,232.02168021847805,0.6920473518687074
32.95862068965517,510.0,232.72151203453544,0.6973882940271374
37.35310344827587,510.0,238.47332807381946,0.7061361362712933
41.74758620689655,510.0,238.7480895325669,0.7130172494132081
46.14206896551724,510.0,240.4980624684921,0.7125566819995905
50.53655172413793,510.0,242.5471268657945,0.7115887148313136
54.93103448275861,510.0,239.7256705743865,0.712131867626751
59.325517241379316,510.0,248.58331987096204,0.7192310639865702
63.72,510.0,244.83411283441535,0.719600135370105
68.11448275862068,510.0,250.1341322748749,0.7213150652902153
72.50896551724139,510.0,254.69819430541742,0.7215390084638772
76.90344827586208,510.0,254.19593813353111,0.7153761217580039
81.29793103448276,510.0,256.47234759123427,0.7179766726879566
85.69241379310344,510.0,259.5082951153534,0.7176300442967369
90.08689655172414,510.0,265.51250868373444,0.7202474259501526
94.48137931034482,510.0,265.9757712518885,0.7214469081249558
98.8758620689655,510.0,268.07743063288876,0.7218627256934175
103.2703448275862,510.0,275.5267488980104,0.7237791912475132
107.66482758620688,510.0,278.39988321819527,0.7290139592512364
112.05931034482757,510.0,282.23208266356175,0.7315680406282142
116.45379310344829,510.0,283.64652346372606,0.7324529742634018
120.84827586206897,510.0,286.0248164887132,0.73399010827036
125.24275862068966,510.0,291.30055704174765,0.7335194499327802
2.197241379310345,530.0,240.74884601169165,0.6944000340450955
6.591724137931034,530.0,230.06749071677524,0.6866982450852027
10.986206896551725,530.0,230.06916750029282,0.6950680521501374
15.380689655172414,530.0,225.9365029666159,0.6904693350440166
19.775172413793104,530.0,226.8460293651646,0.6990962868148194
24.16965517241379,530.0,224.63119458016894,0.7021237178823027
28.564137931034487,530.0,232.73789509965314,0.6981959708207031
32.95862068965517,530.0,226.5870969850156,0.7052153256892796
37.35310344827587,530.0,230.5324966126018,0.7130614707569146
41.74758620689655,530.0,233.13773414416193,0.7197132572882996
46.14206896551724,530.0,234.09640510622253,0.7182771710398714
50.53655172413793,530.0,233.50285936267966,0.7187698761612294
54.93103448275861,530.0,238.22063869814716,0.7224095312257608
59.325517241379316,530.0,242.6743987761438,0.7248125645762666
63.72,530.0,241.71763277752902,0.7259754509136804
68.11448275862068,530.0,245.8811524561894,0.7300236738839858
72.50896551724139,530.0,248.63374190765717,0.7231035312956331
76.90344827586208,530.0,253.65032944381238,0.7201004071426893
81.29793103448276,530.0,250.0685205946222,0.7232388970940066
85.69241379310344,530.0,254.87592042442682,0.722590646454932
90.08689655172414,530.0,258.1432590206194,0.7289854952954234
94.48137931034482,530.0,259.19392789356294,0.7287242821391824
98.8758620689655,530.0,266.1587630726842,0.7315306138354472
103.2703448275862,530.0,267.9022244697525,0.7321145743073258
107.66482758620688,530.0,272.41012528504444,0.7351220838102656
112.05931034482757,530.0,274.52015995899035,0.7388937844249887
116.45379310344829,530.0,281.10155406969557,0.7392442075791186
120.84827586206897,530.0,281.41395845970294,0.7408321700666262
125.24275862068966,530.0,288.2883255229228,0.736801846244426
2.197241379310345,550.0,214.09974637561373,0.7058799728161871
6.591724137931034,550.0,222.2079779605071,0.7062861932011751
10.986206896551725,550.0,227.00970688903772,0.7020012844817429
15.380689655172414,550.0,221.45119650717137,0.7001471134482837
19.775172413793104,550.0,223.07952964713428,0.7048170326713952
24.16965517241379,550.0,224.17357127628628,0.7066102664009863
28.564137931034487,550.0,230.28623013032808,0.7053391875477498
32.95862068965517,550.0,224.74598954204055,0.7149170492415363
37.35310344827587,550.0,225.38616663349998,0.7184997837467051
41.74758620689655,550.0,227.97032712514584,0.7254673965793338
46.14206896551724,550.0,225.95054290895789,0.7246409630551275
50.53655172413793,550.0,222.84050041539038,0.7263944327919615
54.93103448275861,550.0,230.87079796782533,0.7325038159886996
59.325517241379316,550.0,232.93394302700958,0.7317625547704915
63.72,550.0,233.9231653176708,0.7377147767655744
68.11448275862068,550.0,238.76472979011356,0.7350674392839452
72.50896551724139,550.0,244.07987682876131,0.7272796121960887
76.90344827586208,550.0,249.02020977371268,0.7302618543999418
81.29793103448276,550.0,249.13907012933691,0.7314132995624568
85.69241379310344,550.0,252.2074765185803,0.7312407205808219
90.08689655172414,550.0,248.25906985389943,0.7365736466406578
94.48137931034482,550.0,253.31882169984632,0.738242869418936
98.8758620689655,550.0,258.6320469173101,0.7386677760021064
103.2703448275862,550.0,260.14805087920223,0.7440913917896329
107.66482758620688,550.0,266.4911867661038,0.744557150386862
112.05931034482757,550.0,267.49972038838996,0.7476507043498635
116.45379310344829,550.0,273.0137593072874,0.74882310891172
120.84827586206897,550.0,277.606429298524,0.7453100731390775
125.24275862068966,550.0,283.55385810364453,0.7379424987483199
2.197241379310345,570.0,199.65055233637491,0.7184769541530286
6.591724137931034,570.0,213.93654883570142,0.7095153151796414
10.986206896551725,570.0,222.31429639127518,0.7057542463738797
15.380689655172414,570.0,217.23713343452528,0.7028733923786976
19.775172413793104,570.0,213.57905827118796,0.707229151908937
24.16965517241379,570.0,215.75711680688553,0.7133612877556256
28.564137931034487,570.0,217.4154607968198,0.7155519091320716
32.95862068965517,570.0,216.45977027134762,0.7186204208589649
37.35310344827587,570.0,215.251347602076,0.725825323882077
41.74758620689655,570.0,216.01007854072458,0.7306312152749566
46.14206896551724,570.0,217.09555932955863,0.7324179567528509
50.53655172413793,570.0,217.20026576773733,0.7364552035603834
54.93103448275861,570.0,218.87351951462392,0.7413892578609563
59.325517241379316,570.0,225.9576649442315,0.7388794865153748
63.72,570.0,227.49009722066512,0.7435816168096024
68.11448275862068,570.0,229.0290503045659,0.7408952450361193
72.50896551724139,570.0,236.7351193528957,0.7362187724140821
76.90344827586208,570.0,239.94504836863945,0.7340371547797101
81.29793103448276,570.0,242.1978323010431,0.7341693523576704
85.69241379310344,570.0,242.00524013802624,0.7401862983808133
90.08689655172414,570.0,242.50611450612678,0.7437184365899918
94.48137931034482,570.0,245.0090013744812,0.745422388153745
98.8758620689655,570.0,248.31672564097957,0.7500807779044181
103.2703448275862,570.0,253.32696009368178,0.7508461787552371
107.66482758620688,570.0,260.02706216007357,0.7547057316591115
112.05931034482757,570.0,261.72452350036065,0.756114902863447
116.45379310344829,570.0,265.067856315551,0.7539273286439202
120.84827586206897,570.0,269.79767662111453,0.7486380728204614
125.24275862068966,570.0,275.6325785946101,0.7385205313176617
2.197241379310345,590.0,205.67184297773574,0.7101761048796487
6.591724137931034,590.0,207.022887468338,0.7171636996360925
10.986206896551725,590.0,211.47627529170776,0.710596085281416
15.380689655172414,590.0,208.10530503370146,0.7093696944049147
19.775172413793104,590.0,207.3083480698431,0.7183251757015209
24.16965517241379,590.0,213.53973153659277,0.7202005207601214
28.564137931034487,590.0,209.3794701960352,0.7240848700593674
32.95862068965517,590.0,207.44238865292732,0.7276555491959018
37.35310344827587,590.0,206.99260678953596,0.7352081326231624
41.74758620689655,590.0,208.94529885053635,0.7374999918392686
46.14206896551724,590.0,212.375008366811,0.7413492272154684
50.53655172413793,590.0,217.2610373558142,0.7462025188027399
54.93103448275861,590.0,216.02692502331138,0.7494022469415709
59.325517241379316,590.0,223.54851367076236,0.7472365612057444
63.72,590.0,222.3444810660533,0.7524225227571898
68.11448275862068,590.0,224.224172461548,0.7436683061330215
72.50896551724139,590.0,229.4234397017136,0.7424057828306488
76.90344827586208,590.0,229.54378766682413,0.7420499237381052
81.29793103448276,590.0,234.01549560839427,0.7431951967855573
85.69241379310344,590.0,234.30237840267193,0.7498501239441583
90.08689655172414,590.0,237.46312601820412,0.7530882485098576
94.48137931034482,590.0,239.0179431147519,0.7540878136851675
98.8758620689655,590.0,244.10432354634642,0.7583692855854308
103.2703448275862,590.0,248.53759846540672,0.7613944727544336
107.66482758620688,590.0,253.75762158860647,0.7610494865262024
112.05931034482757,590.0,257.0246468571701,0.7638882956956358
116.45379310344829,590.0,262.53484090853624,0.7602136720605098
120.84827586206897,590.0,263.14602829700976,0.7503372848619486
125.24275862068966,590.0,269.3308137377931,0.7358026056575369
2.197241379310345,610.0,202.98774285846284,0.7188691001827434
6.591724137931034,610.0,203.6236101720068,0.722786424939449
10.986206896551725,610.0,198.9263257958271,0.7123523500795188
15.380689655172414,610.0,199.15544788484218,0.7126321233686853
19.775172413793104,610.0,206.72391660091205,0.7201687224415748
24.16965517241379,610.0,210.0003161203294,0.7260675819105461
28.564137931034487,610.0,204.33591502904892,0.7292029163130224
32.95862068965517,610.0,205.4536381231414,0.7345470526059228
37.35310344827587,610.0,203.96074283454155,0.7386923759443861
41.74758620689655,610.0,206.124972689865,0.7425878219410968
46.14206896551724,610.0,209.1525959319029,0.7517127742809532
50.53655172413793,610.0,213.19323342019678,0.7574611680044723
54.93103448275861,610.0,214.45282129468032,0.7557295906598921
59.325517241379316,610.0,218.98792655434875,0.759802188334341
63.72,610.0,216.65885999651604,0.7546132098533935
68.11448275862068,610.0,221.2458732915513,0.7503430490425254
72.50896551724139,610.0,221.4939249120061,0.749073942284691
76.90344827586208,610.0,222.9604621135526,0.7501495913633798
81.29793103448276,610.0,229.59235024193057,0.7523721226410255
85.69241379310344,610.0,234.06315155838425,0.7581555670418587
90.08689655172414,610.0,231.0806720162195,0.7609199970411495
94.48137931034482,610.0,237.48991919604558,0.765863243538825
98.8758620689655,610.0,242.4122358519807,0.7670997150636254
103.2703448275862,610.0,244.93162868420282,0.7707610456832871
107.66482758620688,610.0,250.1703647196978,0.7729096779445798
112.05931034482757,610.0,251.96967748660433,0.7678721091207544
116.45379310344829,610.0,259.5353711258482,0.7616690839604636
120.84827586206897,610.0,261.5228693224246,0.7483111439166859
125.24275862068966,610.0,268.9343568871004,0.7292152512561763
2.197241379310345,630.0,181.79247572157118,0.7203138507692154
6.591724137931034,630.0,188.46974711616835,0.7239989790778893
10.986206896551725,630.0,194.12086734948335,0.7268728788959266
15.380689655172414,630.0,192.98457092488252,0.7249721329231731
19.775172413793104,630.0,195.4285938760154,0.7299551458217636
24.16965517241379,630.0,198.31290614415727,0.736058547404133
28.564137931034487,630.0,196.47284105254545,0.7383787537499812
32.95862068965517,630.0,199.98936950829295,0.7428909366517943
37.35310344827587,630.0,196.76110490825442,0.7470130848852056
41.74758620689655,630.0,197.51350462589514,0.7512396833000877
46.14206896551724,630.0,199.59432836169873,0.755287602857019
50.53655172413793,630.0,205.10624332662323,0.7643609372641258
54.93103448275861,630.0,206.93787139440525,0.7628855213660884
59.325517241379316,630.0,210.02962605779368,0.7630461453005325
63.72,630.0,209.0880555871092,0.7628081066705278
68.11448275862068,630.0,217.2233243573595,0.7564790211645399
72.50896551724139,630.0,215.86958793262957,0.7546686211724298
76.90344827586208,630.0,218.42479686041673,0.7574000490644431
81.29793103448276,630.0,221.0041230827714,0.7622145432720566
85.69241379310344,630.0,224.96353863834756,0.7666917369475862
90.08689655172414,630.0,225.46003555737926,0.7694200705643275
94.48137931034482,630.0,231.5492963471583,0.7730925143235755
98.8758620689655,630.0,234.92265958918463,0.776283579348248
103.2703448275862,630.0,238.87583178305437,0.7790652354329631
107.66482758620688,630.0,242.5552191327815,0.7775595535927429
112.05931034482757,630.0,243.93071080357942,0.7726268964834574
116.45379310344829,630.0,251.01894572851836,0.7608048782536858
120.84827586206897,630.0,257.8998159803207,0.7434688598839535
125.24275862068966,630.0,263.4954726449731,0.7193911234211458
2.197241379310345,650.0,186.0223775545756,0.7364788934335871
6.591724137931034,650.0,181.18414909972086,0.7363112574586501
10.986206896551725,650.0,191.86547907855777,0.7290698466350406
15.380689655172414,650.0,188.8998413350847,0.731473129499154
19.775172413793104,650.0,189.96872390233554,0.7371917617336028
24.16965517241379,650.0,188.78465363809042,0.7415578264837005
28.564137931034487,650.0,189.5233104005456,0.7463261523742235
32.95862068965517,650.0,191.32337515138917,0.751682957563668
37.35310344827587,650.0,192.32287765343983,0.7555762271804667
41.74758620689655,650.0,189.091817681606,0.7587077386946295
46.14206896551724,650.0,191.69099396059653,0.7637625617197658
50.53655172413793,650.0,198.23745578833118,0.7720071372130642
54.93103448275861,650.0,199.57465829943243,0.7703011384440793
59.325517241379316,650.0,204.90759727027682,0.7728948811110102
63.72,650.0,202.69682195709072,0.7690295340125538
68.11448275862068,650.0,210.2913640770647,0.761638309414016
72.50896551724139,650.0,209.73466031418909,0.7655132910911362
76.90344827586208,650.0,215.59053549038043,0.7672753832220326
81.29793103448276,650.0,214.34867648888326,0.7714851394915617
85.69241379310344,650.0,216.9838644562712,0.7764316071707632
90.08689655172414,650.0,222.2900037649267,0.778066385938827
94.48137931034482,650.0,225.88140769113625,0.7827834607191856
98.8758620689655,650.0,229.92525950303445,0.7874174347435977
103.2703448275862,650.0,233.86932346993495,0.786270762750848
107.66482758620688,650.0,237.71025933821994,0.7841644332423662
112.05931034482757,650.0,240.98653978219738,0.7739370975954013
116.45379310344829,650.0,245.49391373406954,0.7585930629433282
120.84827586206897,650.0,255.29883265612176,0.7372817725762437
125.24275862068966,650.0,255.85138963287073,0.7123856077700346
2.197241379310345,670.0,200.7465234120687,0.7312667053298089
6.591724137931034,670.0,186.82599296834732,0.7445306160129034
10.986206896551725,670.0,189.7290459098639,0.7371918714952909
15.380689655172414,670.0,183.56030709434438,0.7358407594141413
19.775172413793104,670.0,187.84399993399273,0.7444065094219348
24.16965517241379,670.0,180.30391133777678,0.7468496359446469
28.564137931034487,670.0,182.83704410658942,0.7532055136047926
32.95862068965517,670.0,185.8702059239149,0.7587849351496906
37.35310344827587,670.0,188.70710082385273,0.7667133908561274
41.74758620689655,670.0,187.33966665950595,0.767296687555612
46.14206896551724,670.0,189.60291968502548,0.7725327799047252
50.53655172413793,670.0,189.18904015651117,0.7797821248796853
54.93103448275861,670.0,195.94594897719693,0.7777395536364229
59.325517241379316,670.0,197.55846803055869,0.7809821376844913
63.72,670.0,200.32431669294095,0.7752332394512458
68.11448275862068,670.0,201.79433602388994,0.7697581557355212
72.50896551724139,670.0,205.33379312293238,0.7736858302791146
76.90344827586208,670.0,209.6257908690307,0.7775481253107768
81.29793103448276,670.0,211.00885516980998,0.7829606910641508
85.69241379310344,670.0,213.91826829328625,0.7843722389055489
90.08689655172414,670.0,219.5822296156094,0.7904011627720562
94.48137931034482,670.0,221.71341558652264,0.7909854378283478
98.8758620689655,670.0,226.27279018642554,0.7952661862719219
103.2703448275862,670.0,230.88913150900413,0.7925179434607922
107.66482758620688,670.0,236.23511064577835,0.787594945140076
112.05931034482757,670.0,240.02624004707997,0.7735148083974873
116.45379310344829,670.0,243.5128974277664,0.7546221107074119
120.84827586206897,670.0,250.83363962270852,0.7290578821154738
125.24275862068966,670.0,254.24233302805158,0.7021010440335415
2.197241379310345,690.0,186.98432214525013,0.7371016144752502
6.591724137931034,690.0,171.27912682294846,0.7495985871324172
10.986206896551725,690.0,167.61583771970538,0.7451859086339924
15.380689655172414,690.0,171.33032811571047,0.7444972181417903
19.775172413793104,690.0,177.4213701445832,0.7540329711638409
24.16965517241379,690.0,173.99279960658814,0.755453482865035
28.564137931034487,690.0,177.90937808487152,0.7650678654599994
32.95862068965517,690.0,178.03381413138572,0.771140284056186
37.35310344827587,690.0,178.9417636156082,0.7743039187291749
41.74758620689655,690.0,184.45230564602423,0.7772934012168348
46.14206896551724,690.0,182.03151593962286,0.7839126225593871
50.53655172413793,690.0,182.80030830803082,0.7853439341450161
54.93103448275861,690.0,189.126521700172,0.7866463768675371
59.325517241379316,690.0,188.1772128885819,0.7926546948289478
63.72,690.0,193.32340379648002,0.7796268887611846
68.11448275862068,690.0,195.78841736581592,0.7797865056231695
72.50896551724139,690.0,198.3468827163732,0.7826544938087463
76.90344827586208,690.0,198.9957093038493,0.7857832248022022
81.29793103448276,690.0,205.11785106569673,0.7893662624807314
85.69241379310344,690.0,208.47034334762083,0.7953842001974167
90.08689655172414,690.0,213.76935266772637,0.7986680601127051
94.48137931034482,690.0,217.77648506017906,0.8032674160352785
98.8758620689655,690.0,217.79447923205856,0.8024254531582812
103.2703448275862,690.0,224.6201082524799,0.8006096508766248
107.66482758620688,690.0,228.38097102820188,0.7884294127632799
112.05931034482757,690.0,233.64148054319602,0.7713461129330095
116.45379310344829,690.0,239.66515801802828,0.7475828680646496
120.84827586206897,690.0,242.80887314190272,0.7208029458978303
125.24275862068966,690.0,249.47980395187108,0.6946778785095936
2.197241379310345,710.0,181.61275095409817,0.7433324368660059
6.591724137931034,710.0,164.31365378697714,0.7495106206490443
10.986206896551725,710.0,159.83192216687732,0.7504288916763622
15.380689655172414,710.0,173.74238851776832,0.7503792095379751
19.775172413793104,710.0,173.93616664511526,0.7615486457005556
24.16965517241379,710.0,174.33150574801462,0.7647243181259191
28.564137931034487,710.0,174.63624541378684,0.7720515297371795
32.95862068965517,710.0,171.32829604877367,0.7784465199310971
37.35310344827587,710.0,176.88909269273282,0.7797872328985924
41.74758620689655,710.0,177.20904139779572,0.7833931638176354
46.14206896551724,710.0,179.94386595080044,0.7899335909437025
50.53655172413793,710.0,179.7409051228792,0.7901390621902443
54.93103448275861,710.0,182.3603133210999,0.794107511156687
59.325517241379316,710.0,186.0349780023098,0.8038789623383488
63.72,710.0,188.76390828964884,0.7886903336846333
68.11448275862068,710.0,193.3310316355876,0.7901158022775118
72.50896551724139,710.0,193.87433780075384,0.7945940704101937
76.90344827586208,710.0,192.98667030632495,0.7959216680917957
81.29793103448276,710.0,202.88486901717485,0.800363303011361
85.69241379310344,710.0,207.12270906697148,0.8026918455364616
90.08689655172414,710.0,208.2920680512376,0.8077665660166328
94.48137931034482,710.0,212.07815695873327,0.8105790978086919
98.8758620689655,710.0,212.72462396794916,0.8088443489689044
103.2703448275862,710.0,220.6460920061384,0.8022789127519873
107.66482758620688,710.0,223.12886417848398,0.7895078661772298
112.05931034482757,710.0,230.7052786534884,0.7644531018096253
116.45379310344829,710.0,235.3293218526575,0.7406135242536428
120.84827586206897,710.0,241.68993249145987,0.7109018925913799
125.24275862068966,710.0,249.04084539992942,0.6844057239567904
2.197241379310345,730.0,170.62721684773766,0.7565396704242728
6.591724137931034,730.0,170.56133132510715,0.7629833528628716
10.986206896551725,730.0,161.64555518053197,0.7637470468947415
15.380689655172414,730.0,170.3953409349477,0.7611383226562719
19.775172413793104,730.0,173.43498197427164,0.7678701121650955
24.16965517241379,730.0,173.53089095486533,0.7751590616124517
28.564137931034487,730.0,172.5722336678041,0.7801797867985856
32.95862068965517,730.0,170.30080923520853,0.7871626728583179
37.35310344827587,730.0,178.09791312581962,0.7903973573875362
41.74758620689655,730.0,173.53382873127606,0.789701187187419
46.14206896551724,730.0,179.79594187807834,0.7968188767543937
50.53655172413793,730.0,177.1728310674174,0.7953206699326811
54.93103448275861,730.0,179.52639732181385,0.8019395331127777
59.325517241379316,730.0,182.7849238794297,0.8060722116440061
63.72,730.0,187.21249454955995,0.7961724752718813
68.11448275862068,730.0,187.4272627710928,0.7994844353014525
72.50896551724139,730.0,194.1907027352739,0.8033256182463273
76.90344827586208,730.0,190.8365015142494,0.8033310340118597
81.29793103448276,730.0,200.51151090730792,0.8060058853490715
85.69241379310344,730.0,203.89851638055654,0.8122568629243925
90.08689655172414,730.0,204.56113753797246,0.8176134279874502
94.48137931034482,730.0,206.23492436359328,0.817172245302125
98.8758620689655,730.0,212.41592093601696,0.8161483011495453
103.2703448275862,730.0,215.67244010548742,0.803486341163589
107.66482758620688,730.0,220.84674638053008,0.783656664371045
112.05931034482757,730.0,230.03867001104035,0.7559317244044633
116.45379310344829,730.0,233.87827251553534,0.7308950024236948
120.84827586206897,730.0,241.02175294184212,0.7038868907029214
125.24275862068966,730.0,246.95467816976208,0.6770634687862934
2.197241379310345,750.0,160.98532235887313,0.7581809095743686
6.591724137931034,750.0,164.21056238479085,0.7644741499653229
10.986206896551725,750.0,161.7014006023054,0.7699844429981874
15.380689655172414,750.0,160.4138316401729,0.7760968700784152
19.775172413793104,750.0,170.67448567172397,0.7766689105658448
24.16965517241379,750.0,165.78429293159454,0.7837341713304279
28.564137931034487,750.0,170.2759514194396,0.7893267472937942
32.95862068965517,750.0,172.79757671389314,0.7959643423512058
37.35310344827587,750.0,172.8250386569235,0.7982391466341178
41.74758620689655,750.0,170.42636016393317,0.7996717986599642
46.14206896551724,750.0,171.84704302926346,0.806691629548384
50.53655172413793,750.0,172.03560456175072,0.8048995290201879
54.93103448275861,750.0,174.6241211527992,0.8098832244674364
59.325517241379316,750.0,176.03147852731246,0.815902472551324
63.72,750.0,183.84878736734387,0.8060425586816162
68.11448275862068,750.0,181.36335570705526,0.8069712567632481
72.50896551724139,750.0,190.2940236754203,0.809665839786115
76.90344827586208,750.0,188.4071392857366,0.8132934481062284
81.29793103448276,750.0,194.14092714947782,0.8185375907755412
85.69241379310344,750.0,195.9778742342467,0.8218429881261025
90.08689655172414,750.0,201.63985906706912,0.8258733807546609
94.48137931034482,750.0,203.13254723390415,0.8271310903780272
98.8758620689655,750.0,209.0658193914554,0.8214785733482329
103.2703448275862,750.0,210.68243683460688,0.8019161845371628
107.66482758620688,750.0,216.97268972554429,0.7759541355452767
112.05931034482757,750.0,225.61393793062732,0.7487517976450704
116.45379310344829,750.0,232.39151944341484,0.7217999342099682
120.84827586206897,750.0,237.17926592043804,0.6959977404815596
125.24275862068966,750.0,242.33044613877104,0.6712141350781831
2.197241379310345,770.0,156.79076634513007,0.7516386202499692
6.591724137931034,770.0,155.12235532866583,0.773621578858449
10.986206896551725,770.0,161.67716636149973,0.7721766198423051
15.380689655172414,770.0,160.1716386830365,0.7811844265851818
19.775172413793104,770.0,162.69660868807736,0.7881128392006348
24.16965517241379,770.0,158.4317865598769,0.7940422299967593
28.564137931034487,770.0,159.74356924576892,0.8003383527905226
32.95862068965517,770.0,165.71637434015673,0.8099345997631641
37.35310344827587,770.0,162.49326718515817,0.8040651106785606
41.74758620689655,770.0,162.29275609667485,0.8097651548914807
46.14206896551724,770.0,163.66569585168463,0.8139209188685744
50.53655172413793,770.0,164.9727780630446,0.8144052081516845
54.93103448275861,770.0,164.9588183899507,0.8219085985449729
59.325517241379316,770.0,169.85876106222472,0.8188810726322194
63.72,770.0,177.2811492142486,0.8170017923698737
68.11448275862068,770.0,177.11699900215055,0.8177807079072199
72.50896551724139,770.0,184.18718250671392,0.8190714317612026
76.90344827586208,770.0,181.37838874459266,0.8236953189974942
81.29793103448276,770.0,187.66000742598436,0.8290802026691211
85.69241379310344,770.0,188.0920106222952,0.8342258855159717
90.08689655172414,770.0,194.46283639261242,0.8354954179573965
94.48137931034482,770.0,195.18687888577819,0.8315181127433956
98.8758620689655,770.0,202.22216635101884,0.8218498660974877
103.2703448275862,770.0,206.76606947834054,0.7967772228491878
107.66482758620688,770.0,210.963768560996,0.7702714584938336
112.05931034482757,770.0,220.01005536107104,0.7412546728733438
116.45379310344829,770.0,225.65844462734682,0.7153193236438861
120.84827586206897,770.0,234.3289748131255,0.6869985459303876
125.24275862068966,770.0,238.0806978914059,0.6643649273388094
2.197241379310345,790.0,145.3015145195855,0.7633393666165024
6.591724137931034,790.0,145.8836054603259,0.7856456042482303
10.986206896551725,790.0,153.4339698365441,0.7878944886856915
15.380689655172414,790.0,155.76635398025863,0.7889348947122449
19.775172413793104,790.0,155.65154211541528,0.7991182008753496
24.16965517241379,790.0,156.61058935097284,0.7990839460066387
28.564137931034487,790.0,151.62079880883294,0.8083446874923434
32.95862068965517,790.0,156.04209488216372,0.8158539235818006
37.35310344827587,790.0,156.45422089894615,0.8124283343319679
41.74758620689655,790.0,158.6968094971445,0.8191696862759055
46.14206896551724,790.0,156.08155927953558,0.821430499871484
50.53655172413793,790.0,158.32274648674533,0.8232745327821127
54.93103448275861,790.0,161.5763927685317,0.8334345114214537
59.325517241379316,790.0,166.66881078316106,0.8258589074585951
63.72,790.0,171.7726522873581,0.8276595999973063
68.11448275862068,790.0,174.33451756871779,0.8274644032483076
72.50896551724139,790.0,178.38706355561658,0.8282021039776181
76.90344827586208,790.0,174.71562023709217,0.834127523842648
81.29793103448276,790.0,181.18230306367946,0.8390012053987165
85.69241379310344,790.0,186.03612114093156,0.8409631041628646
90.08689655172414,790.0,188.91572655463705,0.8406430149813859
94.48137931034482,790.0,187.56323648208664,0.8361195531447974
98.8758620689655,790.0,196.77801883424448,0.8182841344252729
103.2703448275862,790.0,200.8015964477072,0.791985741148559
107.66482758620688,790.0,208.48784361180216,0.7636198731041199
112.05931034482757,790.0,216.23374969048132,0.7320152108148752
116.45379310344829,790.0,220.5914052961049,0.705831926863706
120.84827586206897,790.0,228.13522217135414,0.6778320945288525
125.24275862068966,790.0,233.23233558899827,0.6585328095023795
2.197241379310345,810.0,152.60482193628945,0.768649893291926
6.591724137931034,810.0,141.6122906539175,0.7905672330122727
10.986206896551725,810.0,151.343228869968,0.7911599958272574
15.380689655172414,810.0,152.63933971634617,0.8003082334018145
19.775172413793104,810.0,151.53990341557397,0.8075356960521838
24.16965517241379,810.0,154.40611727180934,0.8123408888130128
28.564137931034487,810.0,151.43618104192944,0.82087532283993
32.95862068965517,810.0,154.24038839422997,0.8282125928468878
37.35310344827587,810.0,155.45515147116447,0.8229033472146731
41.74758620689655,810.0,159.50923805893993,0.8291973110492873
46.14206896551724,810.0,152.67639528686166,0.8318972854289861
50.53655172413793,810.0,152.4675306158188,0.8380175831436876
54.93103448275861,810.0,160.0245618689872,0.8435667379430105
59.325517241379316,810.0,165.38302982784808,0.8327202059687544
63.72,810.0,167.3992563287417,0.8351249938887806
68.11448275862068,810.0,171.73978794540886,0.8360520798161175
72.50896551724139,810.0,169.76081079150003,0.8393434617726699
76.90344827586208,810.0,172.55191815329923,0.8461370892837438
81.29793103448276,810.0,177.58265288526886,0.8485323541558518
85.69241379310344,810.0,184.00967998723482,0.8517195166013732
90.08689655172414,810.0,186.22992350833485,0.8493480998744483
94.48137931034482,810.0,185.95342410509548,0.8390712358966884
98.8758620689655,810.0,194.1688133098631,0.8154163747001876
103.2703448275862,810.0,199.94199846531188,0.7879237686097439
107.66482758620688,810.0,209.97067512155033,0.7563646711623159
112.05931034482757,810.0,214.74859834168896,0.7259492341816695
116.45379310344829,810.0,220.05860851649882,0.6980570227360985
120.84827586206897,810.0,224.18579611026385,0.6745094768422653
125.24275862068966,810.0,233.814038971439,0.6535242546805984
2.197241379310345,830.0,148.98333208296035,0.7762882137029185
6.591724137931034,830.0,139.95246469974518,0.8004316461774019
10.986206896551725,830.0,150.15125641557907,0.8042770371459047
15.380689655172414,830.0,149.44486393310405,0.8092972127629108
19.775172413793104,830.0,146.25449539453555,0.8192205081133158
24.16965517241379,830.0,146.49444087535616,0.8180433900228569
28.564137931034487,830.0,147.7698904093769,0.830812222395443
32.95862068965517,830.0,147.7897434565756,0.8337274585095936
37.35310344827587,830.0,148.9437326643202,0.8300678694435226
41.74758620689655,830.0,150.9568777532659,0.8399455699189466
46.14206896551724,830.0,151.61594398510763,0.8420302136018213
50.53655172413793,830.0,153.23565825234112,0.8474626213731901
54.93103448275861,830.0,157.15475776310888,0.8477858372125904
59.325517241379316,830.0,160.31299861437745,0.8416908727620279
63.72,830.0,161.8511901486803,0.8446285612140275
68.11448275862068,830.0,166.0178973713407,0.8447178144997076
72.50896551724139,830.0,165.71408565413384,0.8487911326867397
76.90344827586208,830.0,171.90132828603186,0.8556265855975875
81.29793103448276,830.0,174.36661260773016,0.8580382464571249
85.69241379310344,830.0,178.1417145003443,0.8559371583763007
90.08689655172414,830.0,181.70768951193818,0.8521226402036675
94.48137931034482,830.0,183.54927868833616,0.8346963832095042
98.8758620689655,830.0,192.0349154063524,0.8093569727546742
103.2703448275862,830.0,198.16138248287498,0.7790277611746612
107.66482758620688,830.0,205.2295301164932,0.7496682627797197
112.05931034482757,830.0,211.70660291416476,0.7179857021273531
116.45379310344829,830.0,217.29838010734983,0.6904580539560091
120.84827586206897,830.0,221.28824311942836,0.668292894070084
125.24275862068966,830.0,230.36817408311697,0.6483807868844643
2.197241379310345,850.0,129.19105635748969,0.7919577205248471
6.591724137931034,850.0,133.026081694497,0.8069934352086141
10.986206896551725,850.0,146.6636412386541,0.8077476936551283
15.380689655172414,850.0,137.39596871534982,0.8129827711425843
19.775172413793104,850.0,142.12243034646042,0.8284261497277157
24.16965517241379,850.0,137.93584366166402,0.8306900320746818
28.564137931034487,850.0,142.14331889732017,0.8386773301377813
32.95862068965517,850.0,137.89629287728005,0.8427274145935246
37.35310344827587,850.0,141.02620775699614,0.8436452471136558
41.74758620689655,850.0,143.10997360027753,0.8513035044643077
46.14206896551724,850.0,147.42715769445795,0.8494646390487927
50.53655172413793,850.0,150.04233285657364,0.8597028348682482
54.93103448275861,850.0,151.82130742051697,0.8549428225308829
59.325517241379316,850.0,151.68036894458862,0.8521503334417325
63.72,850.0,154.43297493586567,0.851027913148572
68.11448275862068,850.0,158.83940124603703,0.854643921756762
72.50896551724139,850.0,160.89018461202818,0.8600311899487764
76.90344827586208,850.0,166.76780370440747,0.8658668615565654
81.29793103448276,850.0,167.91374625114426,0.8670427526132551
85.69241379310344,850.0,170.9343753863072,0.8672910974548756
90.08689655172414,850.0,175.061667243099,0.8546735842384707
94.48137931034482,850.0,179.07125465264394,0.8315956015020162
98.8758620689655,850.0,188.2806289520783,0.8015265053286214
103.2703448275862,850.0,192.92229647532344,0.7707477776762233
107.66482758620688,850.0,196.62014620068888,0.7389675991688861
112.05931034482757,850.0,207.94128567281396,0.7104646546268895
116.45379310344829,850.0,210.08455800193326,0.6855557292404105
120.84827586206897,850.0,216.62044987199351,0.6638751772799013
125.24275862068966,850.0,222.81035103628207,0.6451356813450557
2.197241379310345,870.0,125.81510994169449,0.7968167571698205
6.591724137931034,870.0,128.00455051329402,0.8090643440301601
10.986206896551725,870.0,136.8916233027423,0.8187577243774168
15.380689655172414,870.0,132.34245897663965,0.8280314590598716
19.775172413793104,870.0,136.72598324932602,0.8340835103985644
24.16965517241379,870.0,136.41748887584322,0.8352466610049
28.564137931034487,870.0,136.1511960869862,0.8495533405199356
32.95862068965517,870.0,133.6214467572669,0.8515773311285638
37.35310344827587,870.0,137.00809744993845,0.8522382062665437
41.74758620689655,870.0,140.81469718411438,0.8590963896461774
46.14206896551724,870.0,142.56420063972473,0.8612043883453692
50.53655172413793,870.0,144.99847918035636,0.8709698061015576
54.93103448275861,870.0,145.41552904985284,0.8619278295448533
59.325517241379316,870.0,147.1430547883113,0.861923960431437
63.72,870.0,147.730585914887,0.8618968908749306
68.11448275862068,870.0,151.38436605054656,0.8672435906181202
72.50896551724139,870.0,152.51491464225072,0.8722471106325966
76.90344827586208,870.0,159.6013383458058,0.8742129582860296
81.29793103448276,870.0,162.37904732224445,0.8748543919409172
85.69241379310344,870.0,164.46446345969676,0.8682404975593753
90.08689655172414,870.0,168.22627628538888,0.8533375435129784
94.48137931034482,870.0,177.18878677108933,0.8251702296816817
98.8758620689655,870.0,181.37689130759648,0.7959559413285495
103.2703448275862,870.0,189.57261437863585,0.7644997594712063
107.66482758620688,870.0,194.26140942792782,0.7307105462406056
112.05931034482757,870.0,202.20946429735082,0.7040566140305402
116.45379310344829,870.0,205.39927258072075,0.6793795006672713
120.84827586206897,870.0,214.81295549002735,0.6588866280029096
125.24275862068966,870.0,220.51936065747094,0.6403192957200031
2.197241379310345,890.0,127.49842523998682,0.7937331731710057
6.591724137931034,890.0,130.5017787648572,0.8164446794069731
10.986206896551725,890.0,131.10708674457337,0.8254048485772401
15.380689655172414,890.0,134.35326516407508,0.8390748473464466
19.775172413793104,890.0,129.25194253931699,0.8435768747810153
24.16965517241379,890.0,133.2591149419073,0.8506432031946523
28.564137931034487,890.0,132.0628049679928,0.8635706580235734
32.95862068965517,890.0,134.01001135052906,0.8573072667139984
37.35310344827587,890.0,133.9930927409066,0.8661212221418201
41.74758620689655,890.0,137.59924417555843,0.8684589272289401
46.14206896551724,890.0,137.09494414084995,0.8739134306994687
50.53655172413793,890.0,141.30985801469566,0.877336499314901
54.93103448275861,890.0,141.22004095307386,0.8707962615760388
59.325517241379316,890.0,144.01072622566588,0.8704348054359449
63.72,890.0,144.75356542824966,0.8721459250935696
68.11448275862068,890.0,148.80183697225135,0.8766509520691169
72.50896551724139,890.0,151.17710332501503,0.8804512432308788
76.90344827586208,890.0,156.89871768454708,0.8826046521964628
81.29793103448276,890.0,157.9966277439813,0.8828979516374625
85.69241379310344,890.0,162.4930113569838,0.8747613713522696
90.08689655172414,890.0,165.40585297751588,0.8509860579218259
94.48137931034482,890.0,174.96915500220797,0.8197900353984736
98.8758620689655,890.0,176.4519708716971,0.789698553995114
103.2703448275862,890.0,188.21086717728113,0.7556699194327858
107.66482758620688,890.0,192.95339307908355,0.7237398199746643
112.05931034482757,890.0,196.7074915915226,0.6972531372672832
116.45379310344829,890.0,202.4018139783983,0.6748170013490477
120.84827586206897,890.0,210.69410346292594,0.6548324440313604
125.24275862068966,890.0,216.29192818132125,0.6362163280616518
2.197241379310345,910.0,130.95617220136853,0.8035341605628278
6.591724137931034,910.0,127.76018023822043,0.8241829912249858
10.986206896551725,910.0,130.0020401775837,0.8301171272443736
15.380689655172414,910.0,133.924497211421,0.8446262155888511
19.775172413793104,910.0,131.03805432818896,0.850563107457209
24.16965517241379,910.0,130.3412194942671,0.8614327096137679
28.564137931034487,910.0,133.15865921311908,0.8685661106772363
32.95862068965517,910.0,131.80722544218105,0.8732764362384065
37.35310344827587,910.0,130.58644856777454,0.8745281580037667
41.74758620689655,910.0,133.44053861600722,0.8769341765553968
46.14206896551724,910.0,134.70485497641766,0.8877926208285134
50.53655172413793,910.0,137.53532601854738,0.8819524958939827
54.93103448275861,910.0,137.90440212505268,0.8780508097813086
59.325517241379316,910.0,141.8645489135136,0.8798480124944161
63.72,910.0,142.084139732483,0.8806331377037008
68.11448275862068,910.0,147.85154526432356,0.8883257532989604
72.50896551724139,910.0,147.30533741722033,0.8899130971690378
76.90344827586208,910.0,153.35789895008006,0.8887266036928837
81.29793103448276,910.0,156.4297474015162,0.8869042768902266
85.69241379310344,910.0,160.02305079615059,0.8718846085954596
90.08689655172414,910.0,164.4216289801392,0.8443418282376928
94.48137931034482,910.0,171.00516889717372,0.8147976851884507
98.8758620689655,910.0,174.02158940933708,0.7785189510434696
103.2703448275862,910.0,183.35464447949613,0.7452048161427375
107.66482758620688,910.0,189.8908531058337,0.715393924502921
112.05931034482757,910.0,192.94298395353937,0.6902796406989993
116.45379310344829,910.0,198.0216073627825,0.6691905960209211
120.84827586206897,910.0,205.44101676344872,0.6477052961582548
125.24275862068966,910.0,211.4281287410607,0.6312957710170302
2.197241379310345,930.0,125.27205906973943,0.810142193473665
6.591724137931034,930.0,129.0091189775202,0.8312087977161774
10.986206896551725,930.0,124.57200448601334,0.838842440516718
15.380689655172414,930.0,125.0749494002925,0.8574102402710524
19.775172413793104,930.0,130.70446184557727,0.8597596459259614
24.16965517241379,930.0,129.38916914377893,0.8715429851988784
28.564137931034487,930.0,130.26732030635077,0.8805325604564979
32.95862068965517,930.0,129.04277438918749,0.8801292670745777
37.35310344827587,930.0,128.51572730971708,0.8828430336380395
41.74758620689655,930.0,129.24662646269186,0.8838289930776366
46.14206896551724,930.0,132.39956680194945,0.8974632737673591
50.53655172413793,930.0,134.0003192544493,0.8874271794741333
54.93103448275861,930.0,136.32585684394323,0.887793390163117
59.325517241379316,930.0,138.67392129678694,0.8892495460738998
63.72,930.0,140.5753835597892,0.8905240493430658
68.11448275862068,930.0,143.92438309428132,0.8966111138597562
72.50896551724139,930.0,143.351267256434,0.8995178226013675
76.90344827586208,930.0,149.39595985031792,0.8987466262740418
81.29793103448276,930.0,154.01404642338915,0.8934899888940739
85.69241379310344,930.0,157.21130736222588,0.8690927828506188
90.08689655172414,930.0,161.8012332289127,0.83910725863535
94.48137931034482,930.0,169.84640821873668,0.8079267322490634
98.8758620689655,930.0,172.27037768333383,0.7718589516700403
103.2703448275862,930.0,177.1893926968887,0.7387284627521774
107.66482758620688,930.0,187.49955834671,0.7110113107223983
112.05931034482757,930.0,192.4733449526708,0.6850719944923711
116.45379310344829,930.0,196.36497616514012,0.663153537141675
120.84827586206897,930.0,202.86082640582438,0.6450401108157525
125.24275862068966,930.0,210.60795998190426,0.627557750168478
2.197241379310345,950.0,114.51845905515884,0.8228660326893047
6.591724137931034,950.0,126.9339294830958,0.83430189960278
10.986206896551725,950.0,119.92686189214389,0.8489156960067661
15.380689655172414,950.0,120.21186666908086,0.864731373161566
19.775172413793104,950.0,124.34658588099683,0.874258652254376
24.16965517241379,950.0,123.86764104167621,0.8847389760575876
28.564137931034487,950.0,125.16399451717734,0.8855901819660843
32.95862068965517,950.0,123.94017113827996,0.8918726777315863
37.35310344827587,950.0,123.53910416165986,0.89183742822355
41.74758620689655,950.0,126.21908984301437,0.8969907374932544
46.14206896551724,950.0,125.55860173396574,0.9071954617222536
50.53655172413793,950.0,130.29108403966978,0.8969621504012775
54.93103448275861,950.0,133.28194721005724,0.8993078141300767
59.325517241379316,950.0,134.90020224617587,0.8974326513172305
63.72,950.0,136.67671124563543,0.9013142882414075
68.11448275862068,950.0,140.75685723843398,0.9054201959289868
72.50896551724139,950.0,144.1000401909074,0.9064938881031661
76.90344827586208,950.0,147.64591817193562,0.9042990458767952
81.29793103448276,950.0,150.652023234949,0.8952200701038349
85.69241379310344,950.0,155.34073306915263,0.8658746109946783
90.08689655172414,950.0,159.16811298634732,0.8342656632464136
94.48137931034482,950.0,167.69570687105733,0.8003398892998185
98.8758620689655,950.0,170.32187917459214,0.7636105680713547
103.2703448275862,950.0,175.60446425326288,0.7313237168865386
107.66482758620688,950.0,184.9537785640165,0.7040765521015201
112.05931034482757,950.0,190.80196458783615,0.6808044170143782
116.45379310344829,950.0,193.67059118626293,0.6591435985204164
120.84827586206897,950.0,200.4400883342316,0.6422412784327831
125.24275862068966,950.0,207.82363608986554,0.6248152062476654
2.197241379310345,970.0,111.60109883414376,0.8324310607829336
6.591724137931034,970.0,117.68581877152126,0.8460835887835576
10.986206896551725,970.0,115.77087503671646,0.8600938002222694
15.380689655172414,970.0,120.51973799533316,0.872800934901003
19.775172413793104,970.0,122.75777822121596,0.8818841031576584
24.16965517241379,970.0,119.37688332417656,0.8961956800595552
28.564137931034487,970.0,119.67652386675277,0.8971035653408344
32.95862068965517,970.0,118.19190025495158,0.902538891197698
37.35310344827587,970.0,119.50044417944218,0.9017847101693264
41.74758620689655,970.0,120.05466049680344,0.9156578902129592
46.14206896551724,970.0,120.56981107032198,0.915056583305999
50.53655172413793,970.0,125.61477336338443,0.906629102783123
54.93103448275861,970.0,128.9635978638058,0.9066734314102818
59.325517241379316,970.0,130.84264977234932,0.9103876755510663
63.72,970.0,130.81843831693683,0.9161018943819821
68.11448275862068,970.0,135.29997221113723,0.9157199636595866
72.50896551724139,970.0,139.87594706056612,0.9143413164457294
76.90344827586208,970.0,143.7595349571771,0.9131875851195866
81.29793103448276,970.0,147.48948728419154,0.8934112357707531
85.69241379310344,970.0,151.76217157080555,0.8607432722815829
90.08689655172414,970.0,154.99911700138426,0.8287027588541583
94.48137931034482,970.0,161.3856993603801,0.7916490076632264
98.8758620689655,970.0,165.33103570978864,0.755596623602975
103.2703448275862,970.0,171.9196742760047,0.7269176350547097
107.66482758620688,970.0,179.78785761517128,0.6985662370460828
112.05931034482757,970.0,183.9724964870748,0.6765606407970038
116.45379310344829,970.0,187.3110298194267,0.6560527788116769
120.84827586206897,970.0,193.44310020757658,0.6392225721371313
125.24275862068966,970.0,199.42402523280018,0.6257162289071685
2.197241379310345,990.0,107.0765783521864,0.8414417471589342
6.591724137931034,990.0,115.04204615122742,0.8506334305955814
10.986206896551725,990.0,115.07858062673499,0.8675488826865974
15.380689655172414,990.0,117.59232984759188,0.8783591751680999
19.775172413793104,990.0,115.07397398632816,0.8922984854175101
24.16965517241379,990.0,113.3729320381369,0.900190684412207
28.564137931034487,990.0,112.32903694816761,0.9062584090211666
32.95862068965517,990.0,117.35447986672321,0.9108309394175438
37.35310344827587,990.0,117.69686416652466,0.9142874272344546
41.74758620689655,990.0,116.00173959569034,0.9269989274134541
46.14206896551724,990.0,120.50742739362596,0.9200340893753337
50.53655172413793,990.0,121.21834290435172,0.9120111983902606
54.93103448275861,990.0,124.29963166354807,0.9151361482286895
59.325517241379316,990.0,126.21372014263439,0.9188078004521161
63.72,990.0,127.8210502187779,0.922540401336022
68.11448275862068,990.0,130.23690249025822,0.9226846452267098
72.50896551724139,990.0,134.58391950653973,0.92237562969099
76.90344827586208,990.0,138.66945909940537,0.9114046899171976
81.29793103448276,990.0,141.9883632927701,0.8864987219660432
85.69241379310344,990.0,148.38696667494403,0.8569121826528373
90.08689655172414,990.0,150.25485645778596,0.8179207991898093
94.48137931034482,990.0,156.6442082766739,0.7793840421742622
98.8758620689655,990.0,161.36512865151605,0.7474741760422202
103.2703448275862,990.0,166.91515654266354,0.7173942753517897
107.66482758620688,990.0,173.6016361272655,0.6917638090351707
112.05931034482757,990.0,178.01909000223333,0.6691035261715493
116.45379310344829,990.0,183.7549952008106,0.6514227856513084
120.84827586206897,990.0,188.1590872143024,0.6344872114426117
125.24275862068966,990.0,192.39373158622118,0.6196943030111788
2.197241379310345,1010.0,116.89142649968467,0.8497398209437138
6.591724137931034,1010.0,114.31403664582305,0.8587524477105875
10.986206896551725,1010.0,112.42541029607808,0.8736745115661402
15.380689655172414,1010.0,112.23800025052496,0.8941962957870765
19.775172413793104,1010.0,107.34521533637985,0.9021587848513193
24.16965517241379,1010.0,107.41101958023178,0.9083403723017007
28.564137931034487,1010.0,112.53186044924789,0.9163193128364238
32.95862068965517,1010.0,115.15384018090036,0.9203475020452768
37.35310344827587,1010.0,115.22193757726086,0.9205981867659792
41.74758620689655,1010.0,114.30525484197162,0.9355319154112729
46.14206896551724,1010.0,119.48023199882263,0.9306023885105655
50.53655172413793,1010.0,120.52350534969925,0.9256725577644915
54.93103448275861,1010.0,120.54643140770631,0.9261463261450882
59.325517241379316,1010.0,122.68287767428491,0.9303504486362164
63.72,1010.0,124.71766421879516,0.9316121201692542
68.11448275862068,1010.0,127.74131871870274,0.9302092870764638
72.50896551724139,1010.0,131.86030013283724,0.9311217143302667
76.90344827586208,1010.0,134.88773796012006,0.9144296827165803
81.29793103448276,1010.0,137.50953296820322,0.8837253667390077
85.69241379310344,1010.0,143.9520654692742,0.8527951816458837
90.08689655172414,1010.0,147.76004327722148,0.8113066401480297
94.48137931034482,1010.0,153.5874867242953,0.7742864044275478
98.8758620689655,1010.0,158.77846315528592,0.7411872615119628
103.2703448275862,1010.0,162.77315849751707,0.7122099279671411
107.66482758620688,1010.0,168.71484925121183,0.6880251052521869
112.05931034482757,1010.0,174.67835447292538,0.6666225002272957
116.45379310344829,1010.0,181.32439456471687,0.6474758926312969
120.84827586206897,1010.0,185.77025791476754,0.6324312878760158
125.24275862068966,1010.0,191.13796483394174,0.6188186076103384
2.197241379310345,1030.0,116.79302039676243,0.8583977869001486
6.591724137931034,1030.0,109.86716675096088,0.8681356653571128
10.986206896551725,1030.0,106.61843179111128,0.8861663100494218
15.380689655172414,1030.0,105.45998011915772,0.9049683349542931
19.775172413793104,1030.0,107.906668031827,0.9188888459947308
24.16965517241379,1030.0,107.54785141396144,0.9176038262285605
28.564137931034487,1030.0,112.5048793748849,0.9293653481486425
32.95862068965517,1030.0,109.24336269497871,0.9303965412747336
37.35310344827587,1030.0,111.8876778251595,0.9351238811447058
41.74758620689655,1030.0,112.7384640571908,0.9453602178903397
46.14206896551724,1030.0,116.34853605505747,0.933822492467223
50.53655172413793,1030.0,117.48059755054292,0.9327960124335034
54.93103448275861,1030.0,117.43056634527808,0.9335093241046977
59.325517241379316,1030.0,120.03145617701941,0.9341684941685091
63.72,1030.0,122.3062647316191,0.9371680680517176
68.11448275862068,1030.0,126.51319684548142,0.9395859258176653
72.50896551724139,1030.0,129.1587899838175,0.9327902209547365
76.90344827586208,1030.0,130.43062506367764,0.913641591886405
81.29793103448276,1030.0,135.77096646001948,0.8819751107632094
85.69241379310344,1030.0,138.53829385433798,0.8441918827328495
90.08689655172414,1030.0,145.77255849881507,0.8013003970793278
94.48137931034482,1030.0,150.96139358244247,0.7639677425172395
98.8758620689655,1030.0,158.37795275054935,0.7355335813854457
103.2703448275862,1030.0,160.1805195014865,0.7078686269523756
107.66482758620688,1030.0,166.10076593153775,0.682958007137222
112.05931034482757,1030.0,172.37513568977317,0.6608912951907151
116.45379310344829,1030.0,178.8330125837414,0.6423959964308689
120.84827586206897,1030.0,184.67645195107056,0.6295107783668715
125.24275862068966,1030.0,190.14263271592142,0.616403911960676
2.197241379310345,1050.0,101.46835231251187,0.8588614915050355
6.591724137931034,1050.0,104.62538408405251,0.8808445407794072
10.986206896551725,1050.0,102.05530418731549,0.8961503090946356
15.380689655172414,1050.0,106.44503529866536,0.908211815503777
19.775172413793104,1050.0,107.43101002110373,0.9270153232951008
24.16965517241379,1050.0,106.41558474633429,0.9343834242650441
28.564137931034487,1050.0,105.41816769374742,0.9422088397020555
32.95862068965517,1050.0,105.34569723862742,0.9391582061017952
37.35310344827587,1050.0,106.84337170554531,0.9477136702890449
41.74758620689655,1050.0,112.25848834917078,0.9552022227272726
46.14206896551724,1050.0,111.17453160015945,0.9454372924447587
50.53655172413793,1050.0,112.6957697965141,0.9448561780449194
54.93103448275861,1050.0,112.96133735872084,0.9463376975859756
59.325517241379316,1050.0,117.26329986192286,0.9499721288227475
63.72,1050.0,118.05907524165549,0.9476251420798336
68.11448275862068,1050.0,123.22181260346628,0.9473899412150759
72.50896551724139,1050.0,126.26505128826413,0.939003737728851
76.90344827586208,1050.0,127.43127919750081,0.911399957843316
81.29793103448276,1050.0,135.62072668472928,0.8783464862036595
85.69241379310344,1050.0,136.6925169639829,0.833983632175349
90.08689655172414,1050.0,144.15686423316293,0.7932991904546135
94.48137931034482,1050.0,150.16907226956553,0.7576376483626105
98.8758620689655,1050.0,157.09649175469184,0.7269272017566597
103.2703448275862,1050.0,158.57232169298427,0.7029591365174612
107.66482758620688,1050.0,167.70463313327895,0.6783230025625742
112.05931034482757,1050.0,170.02674013847854,0.6563906987968883
116.45379310344829,1050.0,176.1651596531824,0.6411746636028236
120.84827586206897,1050.0,181.06171643665803,0.6272590343332709
125.24275862068966,1050.0,185.74423691557928,0.6154980644378252
2.197241379310345,1070.0,103.1353148619334,0.8739597996075948
6.591724137931034,1070.0,102.51018995212183,0.8912639938868009
10.986206896551725,1070.0,98.7397773663203,0.8976875929513835
15.380689655172414,1070.0,106.36401839278363,0.9258402773102776
19.775172413793104,1070.0,103.24869406274242,0.9384637173612412
24.16965517241379,1070.0,100.6664943818062,0.9384990255580848
28.564137931034487,1070.0,102.4175905192064,0.9511024208729475
32.95862068965517,1070.0,102.94167252961132,0.949071739462511
37.35310344827587,1070.0,104.71435031857754,0.959474537634874
41.74758620689655,1070.0,109.85075278363676,0.9602715741112187
46.14206896551724,1070.0,107.9754771630988,0.9534890794780402
50.53655172413793,1070.0,111.29532535947286,0.9542538513514128
54.93103448275861,1070.0,110.47735927245951,0.954378982955423
59.325517241379316,1070.0,114.27212020258108,0.9540495243071502
63.72,1070.0,114.14995264455122,0.9534822300183176
68.11448275862068,1070.0,117.69250611317011,0.9534739681417308
72.50896551724139,1070.0,123.30900034686874,0.9360275845430657
76.90344827586208,1070.0,125.21348876721329,0.9070111018685743
81.29793103448276,1070.0,131.0109454560395,0.8709015579588001
85.69241379310344,1070.0,136.12559235484704,0.8228217555918247
90.08689655172414,1070.0,141.008304254268,0.7839494255303272
94.48137931034482,1070.0,147.3329879070322,0.7533378901251251
98.8758620689655,1070.0,152.26892532828526,0.7226365466449131
103.2703448275862,1070.0,155.67222577096928,0.6959875678893518
107.66482758620688,1070.0,162.15824083704143,0.6733851264092143
112.05931034482757,1070.0,167.1641222179337,0.6544521236750065
116.45379310344829,1070.0,171.67268153406954,0.6397637316207517
120.84827586206897,1070.0,175.5823466111632,0.6252429518213241
125.24275862068966,1070.0,181.8751786340856,0.6112844021862489
2.197241379310345,1090.0,101.41472833421494,0.8891769098696736
6.591724137931034,1090.0,100.21198201013937,0.905651309971626
10.986206896551725,1090.0,96.3074593919295,0.9117486472778057
15.380689655172414,1090.0,103.64790532655185,0.9335707808127168
19.775172413793104,1090.0,99.5235652393765,0.9477186997981756
24.16965517241379,1090.0,99.04346448750722,0.9488858932955166
28.564137931034487,1090.0,100.49110191191237,0.9642964094665504
32.95862068965517,1090.0,100.21976366142432,0.9617217842472522
37.35310344827587,1090.0,101.98253614041542,0.9723078225369323
41.74758620689655,1090.0,106.06613974693495,0.9651130450301937
46.14206896551724,1090.0,106.50560393267207,0.9668822581426496
50.53655172413793,1090.0,109.08441761237943,0.9664448911522924
54.93103448275861,1090.0,109.13857783959331,0.9645431600924995
59.325517241379316,1090.0,111.24057551121547,0.9648610036048664
63.72,1090.0,112.4745399425795,0.9663822501542175
68.11448275862068,1090.0,114.44189337668597,0.9597349290515714
72.50896551724139,1090.0,120.6889488055277,0.9377146762004317
76.90344827586208,1090.0,122.59469821270969,0.9027584165643356
81.29793103448276,1090.0,126.1457904620447,0.8611350629109665
85.69241379310344,1090.0,134.90569663738862,0.8173416583313092
90.08689655172414,1090.0,138.5967398416969,0.7810537136679319
94.48137931034482,1090.0,142.67419004665007,0.7464283793063823
98.8758620689655,1090.0,148.11929657507656,0.7169887364197817
103.2703448275862,1090.0,152.77683032185786,0.6931026034079032
107.66482758620688,1090.0,154.03442241771012,0.6698607807610982
112.05931034482757,1090.0,163.06090686176762,0.652303675525059
116.45379310344829,1090.0,166.9021848735986,0.635539571012369
120.84827586206897,1090.0,171.82062227429907,0.6222117267405758
125.24275862068966,1090.0,178.90384330331455,0.6095843717383352
2.197241379310345,1110.0,99.5389407634735,0.9021900528568333
6.591724137931034,1110.0,98.84967897832394,0.9159344738492599
10.986206896551725,1110.0,98.21856846522401,0.9213389934207986
15.380689655172414,1110.0,105.65402931857993,0.9442068842102269
19.775172413793104,1110.0,97.19219302265053,0.9565524844738938
24.16965517241379,1110.0,100.44487980575789,0.95775436478042
28.564137931034487,1110.0,96.92999391671684,0.9714541132189665
32.95862068965517,1110.0,98.44110439179671,0.9712335278077987
37.35310344827587,1110.0,101.43214954104688,0.9799837021641472
41.74758620689655,1110.0,103.21887386456515,0.9752902281881801
46.14206896551724,1110.0,103.07386379593459,0.9734026490158476
50.53655172413793,1110.0,104.34316027088042,0.9737115792135005
54.93103448275861,1110.0,106.24708513589741,0.9725925988222499
59.325517241379316,1110.0,107.72830431804888,0.9743172097966919
63.72,1110.0,109.92090134101886,0.9730772479787742
68.11448275862068,1110.0,113.39911724148709,0.963807977950125
72.50896551724139,1110.0,116.79475701974813,0.9373725475290057
76.90344827586208,1110.0,120.53425745351447,0.8974156367943367
81.29793103448276,1110.0,127.40811676362864,0.8528742524935127
85.69241379310344,1110.0,134.0414868634968,0.8059013685267549
90.08689655172414,1110.0,138.38138472696008,0.7714598402172943
94.48137931034482,1110.0,141.35181855410335,0.7369552348487127
98.8758620689655,1110.0,145.4116587617204,0.7130462562865587
103.2703448275862,1110.0,150.0137976883423,0.688141250521324
107.66482758620688,1110.0,154.87265661929757,0.664429110213453
112.05931034482757,1110.0,159.36992784903106,0.6469385311378343
116.45379310344829,1110.0,163.2465941210588,0.631549982214226
120.84827586206897,1110.0,167.36387621625965,0.6187511837985855
125.24275862068966,1110.0,173.49771073688234,0.6065731044052001
2.197241379310345,1130.0,95.78509265051949,0.9209077203341123
6.591724137931034,1130.0,95.76059547728963,0.9257209037358944
10.986206896551725,1130.0,97.1763192238631,0.9234098802376453
15.380689655172414,1130.0,100.34493599445732,0.9559273968465992
19.775172413793104,1130.0,93.91846463568191,0.968938394480148
24.16965517241379,1130.0,95.72561741774044,0.9721012330969822
28.564137931034487,1130.0,95.14893853126301,0.9820701554814621
32.95862068965517,1130.0,96.92787429566184,0.9825101580035523
37.35310344827587,1130.0,98.35459401110809,0.9912459567500614
41.74758620689655,1130.0,99.53496185505492,0.9813062767353717
46.14206896551724,1130.0,99.7810051247605,0.9841203350178173
50.53655172413793,1130.0,101.7784999848431,0.9848430064385352
54.93103448275861,1130.0,101.99559783529637,0.9819226701879534
59.325517241379316,1130.0,104.11799459676776,0.9833084609003664
63.72,1130.0,107.5175602071815,0.9795524933528786
68.11448275862068,1130.0,112.21459076985902,0.9652972396850235
72.50896551724139,1130.0,114.40544439024394,0.9303335594181723
76.90344827586208,1130.0,118.53787715517812,0.8904561582342878
81.29793103448276,1130.0,125.67807008477223,0.8432117036762306
85.69241379310344,1130.0,130.704044793395,0.8019478551954045
90.08689655172414,1130.0,136.28029939836387,0.7664236560721827
94.48137931034482,1130.0,139.91282432159736,0.733436733109346
98.8758620689655,1130.0,143.0334638638629,0.7077487798985737
103.2703448275862,1130.0,147.77976818879443,0.6830542471394833
107.66482758620688,1130.0,155.1917195239058,0.6613559456962339
112.05931034482757,1130.0,157.03298696524365,0.6444613611030633
116.45379310344829,1130.0,162.93952740850273,0.631495827228808
120.84827586206897,1130.0,167.3100149062724,0.617434565358318
125.24275862068966,1130.0,170.20038312021643,0.6049426489593484
2.197241379310345,1150.0,93.51794713338217,0.9249922626436093
6.591724137931034,1150.0,92.83830084403357,0.9363910028567681
10.986206896551725,1150.0,91.3430777247305,0.9377211339188062
15.380689655172414,1150.0,88.9876371070191,0.9565176198228461
19.775172413793104,1150.0,93.86698598943205,0.9727100260466544
24.16965517241379,1150.0,90.78180774478686,0.9838805183330003
28.564137931034487,1150.0,93.62585217795439,0.9955481990086672
32.95862068965517,1150.0,93.44811870157719,0.9941015161582376
37.35310344827587,1150.0,93.39077722463342,0.994913735898042
41.74758620689655,1150.0,95.11417132921707,0.9896325527341383
46.14206896551724,1150.0,96.7917446364195,0.9938896121374802
50.53655172413793,1150.0,98.84926925077399,0.9913258430602552
54.93103448275861,1150.0,99.1696912847112,0.9908286454914896
59.325517241379316,1150.0,101.24745798048875,0.9938429206710495
63.72,1150.0,104.19143648206452,0.982164821896462
68.11448275862068,1150.0,107.47684969762226,0.9665871320749436
72.50896551724139,1150.0,112.60868960729351,0.9259500922699962
76.90344827586208,1150.0,117.06284442444641,0.8799913114403362
81.29793103448276,1150.0,120.7413784477158,0.8332309629696394
85.69241379310344,1150.0,126.06308973929733,0.7947622074266484
90.08689655172414,1150.0,131.71649909546588,0.7594147538386664
94.48137931034482,1150.0,136.2736751242053,0.7288304190101537
98.8758620689655,1150.0,141.5371462542277,0.7040366646484236
103.2703448275862,1150.0,144.1407303591333,0.6808749819055827
107.66482758620688,1150.0,149.5294098183798,0.6601140274449188
112.05931034482757,1150.0,153.60538674023016,0.6431022426863602
116.45379310344829,1150.0,160.4224391166811,0.6280056554486619
120.84827586206897,1150.0,165.09797247241136,0.6140224450438502
125.24275862068966,1150.0,166.43096002853576,0.6034378518727332
2.197241379310345,1170.0,95.7674853960673,0.9425471300459177
6.591724137931034,1170.0,89.41880697674222,0.9491835759236262
10.986206896551725,1170.0,88.1933441625701,0.9504113809166965
15.380689655172414,1170.0,86.9657452205817,0.9716912372679006
19.775172413793104,1170.0,92.76404402347711,0.9857538161935374
24.16965517241379,1170.0,91.17928846629839,0.9951404998658084
28.564137931034487,1170.0,92.83569013492928,1.0029762178183026
32.95862068965517,1170.0,91.35368954266112,1.0047286317399324
37.35310344827587,1170.0,93.8290349357658,1.0013508140572436
41.74758620689655,1170.0,92.32795896132788,1.0039396698726675
46.14206896551724,1170.0,94.82446846849899,1.0061476115895585
50.53655172413793,1170.0,97.75308883062795,1.0013131463353888
54.93103448275861,1170.0,100.57216922164392,1.0010439315327893
59.325517241379316,1170.0,101.88406112210617,1.0016130543395008
63.72,1170.0,103.42655864486724,0.9896778505571133
68.11448275862068,1170.0,105.19139610746024,0.9652389445854797
72.50896551724139,1170.0,110.71391514542871,0.9185001690546892
76.90344827586208,1170.0,115.4850502449605,0.8706296779543534
81.29793103448276,1170.0,119.28939295117407,0.8264500877097252
85.69241379310344,1170.0,125.60166606292633,0.7871854459156974
90.08689655172414,1170.0,128.16204056961467,0.752766912098972
94.48137931034482,1170.0,133.37218942646942,0.7240237897656842
98.8758620689655,1170.0,138.9242909306135,0.700105836055795
103.2703448275862,1170.0,141.84298476990725,0.6752853854345002
107.66482758620688,1170.0,146.68495137424304,0.6572280144236289
112.05931034482757,1170.0,150.3785017093625,0.6387928863827189
116.45379310344829,1170.0,153.89566814126792,0.6237520871618063
120.84827586206897,1170.0,159.97000231949332,0.6136894193583551
125.24275862068966,1170.0,163.61605323551015,0.6018764244548113
2.197241379310345,1190.0,87.34089804755317,0.9549427392792567
6.591724137931034,1190.0,84.92159962985251,0.9576459203775113
10.986206896551725,1190.0,85.62827575869032,0.9626564917064482
15.380689655172414,1190.0,89.22765249455416,0.9764556753342268
19.775172413793104,1190.0,88.6961074792422,0.9924610531322597
24.16965517241379,1190.0,90.1685220854623,1.0055363150391758
28.564137931034487,1190.0,89.50104066895115,1.0143472635142545
32.95862068965517,1190.0,89.40603180436625,1.014167548726298
37.35310344827587,1190.0,92.39681607650387,1.0109885829776566
41.74758620689655,1190.0,91.07450303053244,1.0136661764794432
46.14206896551724,1190.0,93.16534623350852,1.014311550283986
50.53655172413793,1190.0,95.64451187849045,1.0101302329304485
54.93103448275861,1190.0,98.52650357446363,1.013547420984617
59.325517241379316,1190.0,99.98891441110106,1.0040659869840765
63.72,1190.0,103.37478686188473,0.9938266014260911
68.11448275862068,1190.0,106.50968541885601,0.9597671145385209
72.50896551724139,1190.0,108.42502961382664,0.9099089797477398
76.90344827586208,1190.0,114.50837861862446,0.8624123511915534
81.29793103448276,1190.0,118.1829537048144,0.8209800614706083
85.69241379310344,1190.0,121.7917544827369,0.7808359484286895
90.08689655172414,1190.0,126.42916103852848,0.7480159488921057
94.48137931034482,1190.0,131.75079333427408,0.7204867984373641
98.8758620689655,1190.0,135.17867208342267,0.6947484684023727
103.2703448275862,1190.0,138.52426689839552,0.672822218300751
107.66482758620688,1190.0,141.86996257773302,0.652362487183615
112.05931034482757,1190.0,146.06303706273485,0.6369376624904877
116.45379310344829,1190.0,149.44820588816094,0.6242158211401252
120.84827586206897,1190.0,156.22742993467386,0.6085360946576033
125.24275862068966,1190.0,161.383936869084,0.6010119097416292
2.197241379310345,1210.0,81.02316194640267,0.9721142875272676
6.591724137931034,1210.0,81.2030646999677,0.9657461271836207
10.986206896551725,1210.0,83.81230187305698,0.9695537916388929
15.380689655172414,1210.0,86.2105743907116,0.9887617234812408
19.775172413793104,1210.0,84.91349374381905,1.0054451360894812
24.16965517241379,1210.0,84.2457766040923,1.0172162629789163
28.564137931034487,1210.0,84.71441688719725,1.0251422733280207
32.95862068965517,1210.0,85.76848330390123,1.0231022166669324
37.35310344827587,1210.0,88.06105254557397,1.0187601927479812
41.74758620689655,1210.0,89.55448468169597,1.02566642856541
46.14206896551724,1210.0,90.25543753102293,1.0261076738382071
50.53655172413793,1210.0,92.35760603322942,1.0174189136886644
54.93103448275861,1210.0,93.95431479031896,1.0210522753910887
59.325517241379316,1210.0,95.86460658845803,1.0128453453138333
63.72,1210.0,98.50192757079631,0.9925310757061557
68.11448275862068,1210.0,103.77354866634181,0.9533839221925707
72.50896551724139,1210.0,104.67541497535807,0.9038553315633195
76.90344827586208,1210.0,111.22859172970057,0.8578462329920306
81.29793103448276,1210.0,114.45865580885882,0.8168598848633655
85.69241379310344,1210.0,116.29357941859008,0.7776266397626077
90.08689655172414,1210.0,122.20566175043447,0.7426018134666381
94.48137931034482,1210.0,127.28367424472457,0.7159929380092044
98.8758620689655,1210.0,131.1895844014282,0.6911066373844176
103.2703448275862,1210.0,134.18015235012012,0.6689282442706689
107.66482758620688,1210.0,134.50600475952086,0.6515151455664345
112.05931034482757,1210.0,142.0139122679579,0.6348876241206853
116.45379310344829,1210.0,145.77505631987697,0.6212408029963684
120.84827586206897,1210.0,150.7998566850533,0.6088356122773227
125.24275862068966,1210.0,156.91085375876474,0.6001442098193317
2.197241379310345,1230.0,81.46453763114081,0.9858714183845089
6.591724137931034,1230.0,78.92613804174795,0.9709425549094494
10.986206896551725,1230.0,82.51185541351636,0.9803584726175405
15.380689655172414,1230.0,81.64402208063338,0.9973309406491576
19.775172413793104,1230.0,83.30168517685344,1.012464124636599
24.16965517241379,1230.0,81.24322310373896,1.027082582419159
28.564137931034487,1230.0,82.77039030028715,1.033842451698403
32.95862068965517,1230.0,84.0262813621925,1.0292194752873287
37.35310344827587,1230.0,86.30606256624063,1.0249147331608919
41.74758620689655,1230.0,87.95453702970448,1.0317977380034178
46.14206896551724,1230.0,88.91138731185188,1.0269278728493811
50.53655172413793,1230.0,90.6183294806725,1.0264249576528082
54.93103448275861,1230.0,91.79422702926037,1.0320438716284654
59.325517241379316,1230.0,94.92003480903806,1.0129666291397703
63.72,1230.0,95.65087314152423,0.9913893593927177
68.11448275862068,1230.0,100.66920974482724,0.9495394789258961
72.50896551724139,1230.0,104.39245501996348,0.8957134047017973
76.90344827586208,1230.0,108.68813705758915,0.8494178073567673
81.29793103448276,1230.0,112.07268322867472,0.8095781485043768
85.69241379310344,1230.0,116.59399822152757,0.7714469853179965
90.08689655172414,1230.0,119.9570439478167,0.7375589462048111
94.48137931034482,1230.0,122.73983288875648,0.7134858714596107
98.8758620689655,1230.0,128.22271773104484,0.6888955230909658
103.2703448275862,1230.0,132.70850911417176,0.6667189031189907
107.66482758620688,1230.0,134.4556539370411,0.6489252109865282
112.05931034482757,1230.0,142.05275809664516,0.6330495376190449
116.45379310344829,1230.0,145.03539893262914,0.6186030343033508
120.84827586206897,1230.0,148.3260562842578,0.607586013293361
125.24275862068966,1230.0,154.78653246226412,0.5981853210930891
2.197241379310345,1250.0,86.23112037976583,1.0077924580223816
6.591724137931034,1250.0,78.72348081403308,0.9822057041984338
10.986206896551725,1250.0,82.36508708640382,0.9956733796591034
15.380689655172414,1250.0,79.81568891693045,1.0119466828029664
19.775172413793104,1250.0,82.53793067707976,1.0200739313614167
24.16965517241379,1250.0,80.60777131243357,1.0412862411066264
28.564137931034487,1250.0,82.08915687766341,1.043437989340888
32.95862068965517,1250.0,83.57557970078454,1.036534405236384
37.35310344827587,1250.0,85.91211364401711,1.0418879105360088
41.74758620689655,1250.0,85.79907525935745,1.0437039637444696
46.14206896551724,1250.0,87.54577736492848,1.0381566094712609
50.53655172413793,1250.0,88.74477943956344,1.0375917256761917
54.93103448275861,1250.0,89.84739170407735,1.0385026945973987
59.325517241379316,1250.0,92.95438586506577,1.0217435547384486
63.72,1250.0,94.06864623725414,0.9890825001014635
68.11448275862068,1250.0,100.38411364308847,0.9420833628605461
72.50896551724139,1250.0,103.77564568825498,0.8903038279051078
76.90344827586208,1250.0,107.53357702725464,0.844323559488457
81.29793103448276,1250.0,110.82043040345833,0.8033643360223155
85.69241379310344,1250.0,115.5451164578182,0.7681560422328468
90.08689655172414,1250.0,119.18366886307054,0.7347385876092879
94.48137931034482,1250.0,121.7553085753369,0.7094520348178052
98.8758620689655,1250.0,127.48268201450507,0.6849520766529543
103.2703448275862,1250.0,130.79353333016238,0.6663777716567304
107.66482758620688,1250.0,133.96128489916353,0.6479050684711578
112.05931034482757,1250.0,140.4341463872078,0.6319151675741597
116.45379310344829,1250.0,145.87653748304757,0.6170773601562839
120.84827586206897,1250.0,146.66139454438408,0.607909628311577
125.24275862068966,1250.0,152.37968071933008,0.5983631521671886
2.197241379310345,1270.0,85.15414386325413,1.016919536105657
6.591724137931034,1270.0,80.8280018998517,0.995731074993427
10.986206896551725,1270.0,82.33057813291197,1.0002419890209278
15.380689655172414,1270.0,79.68213867478902,1.020207059735446
19.775172413793104,1270.0,78.94254946861513,1.0340866817335037
24.16965517241379,1270.0,78.82810793367643,1.051019575603369
28.564137931034487,1270.0,80.30765650462773,1.0527446752237541
32.95862068965517,1270.0,83.55700130802062,1.0491913875609602
37.35310344827587,1270.0,82.17377882864739,1.049396951071725
41.74758620689655,1270.0,84.08293902237193,1.0516332609841248
46.14206896551724,1270.0,84.30487225987973,1.0457911305078003
50.53655172413793,1270.0,87.23830056241437,1.0486122081019427
54.93103448275861,1270.0,89.40792655496186,1.0402652727371013
59.325517241379316,1270.0,91.18032398902709,1.0226108116158368
63.72,1270.0,92.77172057882504,0.9827119140228584
68.11448275862068,1270.0,99.11597521547918,0.9305905672497141
72.50896551724139,1270.0,100.93000543669417,0.8809129395865433
76.90344827586208,1270.0,105.57173348002964,0.8382661040091028
81.29793103448276,1270.0,108.26120501915038,0.7979966089616054
85.69241379310344,1270.0,113.35436111170313,0.7632603181625115
90.08689655172414,1270.0,118.04986312316389,0.7310359359503158
94.48137931034482,1270.0,120.85259158388963,0.7077800614571865
98.8758620689655,1270.0,125.88612623894825,0.6819190053764209
103.2703448275862,1270.0,127.53214250978023,0.6608993947126489
107.66482758620688,1270.0,132.67083415971405,0.6451754025638187
112.05931034482757,1270.0,137.13531432559193,0.6291178166765163
116.45379310344829,1270.0,141.74576873326745,0.6159539107133645
120.84827586206897,1270.0,143.9088199804811,0.60560451630179
125.24275862068966,1270.0,148.17042338320366,0.5971531428545517
2.197241379310345,1290.0,80.74652052455478,1.016281411472687
6.591724137931034,1290.0,80.26405338611868,1.0038878521093955
10.986206896551725,1290.0,78.46033195654552,1.0070255011457452
15.380689655172414,1290.0,77.71957404194053,1.025605786276998
19.775172413793104,1290.0,76.65406962541434,1.037909030126084
24.16965517241379,1290.0,77.84463988883155,1.056443484578313
28.564137931034487,1290.0,78.42203663206762,1.0622661503839854
32.95862068965517,1290.0,80.06104195821618,1.0510714078357464
37.35310344827587,1290.0,78.93820078704093,1.0550258035020645
41.74758620689655,1290.0,81.66779202477545,1.0576498996564199
46.14206896551724,1290.0,82.00417495920108,1.0531164695283355
50.53655172413793,1290.0,83.85424646888023,1.0544333217643467
54.93103448275861,1290.0,87.11280252536137,1.043758312612772
59.325517241379316,1290.0,89.61261121742427,1.0232900032428796
63.72,1290.0,91.50650929374459,0.9767848027183977
68.11448275862068,1290.0,95.5179542146715,0.923329483797292
72.50896551724139,1290.0,98.7986894729276,0.8753742141563637
76.90344827586208,1290.0,103.80796480692098,0.8290613767526246
81.29793103448276,1290.0,105.28132781760704,0.7898022403558389
85.69241379310344,1290.0,109.84316190501345,0.7570639055157711
90.08689655172414,1290.0,114.31360495320253,0.7234130285895605
94.48137931034482,1290.0,116.80245742071716,0.7026586741512159
98.8758620689655,1290.0,120.72659561662083,0.677202215550456
103.2703448275862,1290.0,123.6482256496,0.6591663679343363
107.66482758620688,1290.0,129.57656594402945,0.6414166711712763
112.05931034482757,1290.0,133.63700572559327,0.6277062106725857
116.45379310344829,1290.0,136.43313026461337,0.615329974441049
120.84827586206897,1290.0,141.91677304031023,0.604682057603795
125.24275862068966,1290.0,142.66615799131492,0.5971531167517613
2.197241379310345,1310.0,74.7159716712104,1.0363162388909335
6.591724137931034,1310.0,75.28948488334815,1.0192349890103707
10.986206896551725,1310.0,71.95393647308704,1.0223602623022097
15.380689655172414,1310.0,73.89065527364059,1.0390497425523715
19.775172413793104,1310.0,76.04101514765341,1.0508538838147516
24.16965517241379,1310.0,76.17473419601954,1.0626001232186286
28.564137931034487,1310.0,76.69523047283292,1.0715907976416792
32.95862068965517,1310.0,76.41334877494307,1.0606362870871364
37.35310344827587,1310.0,78.53389813734425,1.0708969516773665
41.74758620689655,1310.0,80.61302512603946,1.064291498067663
46.14206896551724,1310.0,80.68476280595503,1.062972863130601
50.53655172413793,1310.0,81.43476991724764,1.0617594379828617
54.93103448275861,1310.0,84.15713722646022,1.0481362682801705
59.325517241379316,1310.0,87.35897054192094,1.0187612989774117
63.72,1310.0,89.67831071585786,0.972015190688788
68.11448275862068,1310.0,94.12947577661203,0.917981687194737
72.50896551724139,1310.0,97.28373376623033,0.8710135782502788
76.90344827586208,1310.0,101.39939445985688,0.8255922724685726
81.29793103448276,1310.0,104.48876709595397,0.7847804424759788
85.69241379310344,1310.0,106.08435305276353,0.753121315629513
90.08689655172414,1310.0,110.63538104606596,0.7248006419114988
94.48137931034482,1310.0,114.22281173829522,0.6992217010361734
98.8758620689655,1310.0,118.28750490709248,0.6764408530172482
103.2703448275862,1310.0,120.70428506474173,0.6593601504499484
107.66482758620688,1310.0,124.84691571070317,0.641233745616126
112.05931034482757,1310.0,130.01267827560608,0.6268559045078258
116.45379310344829,1310.0,133.81909825415522,0.6152689696013979
120.84827586206897,1310.0,137.92402993298433,0.6043804222001479
125.24275862068966,1310.0,140.6673059795673,0.596952210670671
2.197241379310345,1330.0,71.33848823971218,1.0352524182217269
6.591724137931034,1330.0,72.45807321369648,1.0340036389919427
10.986206896551725,1330.0,71.39680653037848,1.0371282898610639
15.380689655172414,1330.0,71.39125666794955,1.0522362522414472
19.775172413793104,1330.0,73.93480290103163,1.0596185839671632
24.16965517241379,1330.0,74.0553258922365,1.070131531658293
28.564137931034487,1330.0,74.40499515458941,1.0809354417232448
32.95862068965517,1330.0,74.66727259630957,1.0701174922485468
37.35310344827587,1330.0,76.93982193834252,1.0796320477619992
41.74758620689655,1330.0,79.08262894041519,1.0710940023245508
46.14206896551724,1330.0,79.57772714179804,1.0698015110122154
50.53655172413793,1330.0,80.85256066026851,1.0654022181958784
54.93103448275861,1330.0,83.25256017117516,1.050949389528897
59.325517241379316,1330.0,86.34076451386014,1.0110975265351776
63.72,1330.0,87.90891520734186,0.9628126927567742
68.11448275862068,1330.0,93.50822792818516,0.9115164057134089
72.50896551724139,1330.0,96.97692997225377,0.8629746185473175
76.90344827586208,1330.0,98.56613286998537,0.821462039930659
81.29793103448276,1330.0,102.54570094902734,0.7822012003013108
85.69241379310344,1330.0,104.48354777708145,0.7478107897074483
90.08689655172414,1330.0,108.37798365943829,0.7212604099306567
94.48137931034482,1330.0,113.99839735113912,0.694812513333476
98.8758620689655,1330.0,118.23962551571874,0.674205863957896
103.2703448275862,1330.0,120.6162733582277,0.656066968354755
107.66482758620688,1330.0,123.46172665510598,0.6395884830711713
112.05931034482757,1330.0,127.74302940065613,0.6244851975587968
116.45379310344829,1330.0,132.10626178350714,0.6118475524025605
120.84827586206897,1330.0,134.32034428427423,0.6032270610949217
125.24275862068966,1330.0,138.61362792717085,0.5938822838167349
2.197241379310345,1350.0,71.83140259848702,1.0451021372935192
6.591724137931034,1350.0,73.90290922588773,1.0470278198902423
10.986206896551725,1350.0,73.3186887005965,1.0413615229080349
15.380689655172414,1350.0,72.25590446039483,1.0630751310313333
19.775172413793104,1350.0,72.02779284043189,1.0618497988664233
24.16965517241379,1350.0,72.87487844626108,1.0734943984498997
28.564137931034487,1350.0,72.8739885021415,1.084616664109296
32.95862068965517,1350.0,73.77733121398423,1.0808563008932732
37.35310344827587,1350.0,75.27718591259585,1.081901444602468
41.74758620689655,1350.0,76.50020865599315,1.0782450411220836
46.14206896551724,1350.0,78.58177152632649,1.0800386526811439
50.53655172413793,1350.0,80.03630570417795,1.0688040445709652
54.93103448275861,1350.0,82.57957572022646,1.0471794095994145
59.325517241379316,1350.0,84.96908937808541,1.0060747222359263
63.72,1350.0,85.97579479272719,0.957311999304672
68.11448275862068,1350.0,92.07470031101028,0.9076005797023359
72.50896551724139,1350.0,95.53780584865146,0.8616605318968751
76.90344827586208,1350.0,97.72173627217612,0.8163389020515538
81.29793103448276,1350.0,99.87521958984614,0.778979166185349
85.69241379310344,1350.0,104.82603360921289,0.7448592822545723
90.08689655172414,1350.0,106.19155993253466,0.7170464198432553
94.48137931034482,1350.0,112.09862161664262,0.6931959236244126
98.8758620689655,1350.0,115.33287006896785,0.6720200732546815
103.2703448275862,1350.0,119.58850527767625,0.6537654962970799
107.66482758620688,1350.0,121.50524165038863,0.638774151298305
112.05931034482757,1350.0,126.41605759951403,0.6253968052397486
116.45379310344829,1350.0,129.948103731098,0.6125815522803172
120.84827586206897,1350.0,133.04267428980936,0.602075222166361
125.24275862068966,1350.0,133.58935309180782,0.5962899203071581
2.197241379310345,1370.0,68.41181186570061,1.0586257014570937
6.591724137931034,1370.0,70.56274543205896,1.0542620230179567
10.986206896551725,1370.0,71.20174911507854,1.053228036736563
15.380689655172414,1370.0,71.76605044470894,1.0732840928902285
19.775172413793104,1370.0,70.83079581637668,1.0828536998114597
24.16965517241379,1370.0,69.98489889124083,1.0875928380659647
28.564137931034487,1370.0,70.94583863102727,1.0962697121784737
32.95862068965517,1370.0,72.6117915486296,1.0894157634157693
37.35310344827587,1370.0,74.2556288215849,1.0919278523037248
41.74758620689655,1370.0,74.60529456383144,1.085427236357791
46.14206896551724,1370.0,76.94057172842514,1.0862578523007378
50.53655172413793,1370.0,77.94231109868767,1.0770744832136885
54.93103448275861,1370.0,81.01458667683343,1.0489322700986157
59.325517241379316,1370.0,82.02785293985572,1.0081425486785924
63.72,1370.0,85.24478708575538,0.9532848945926273
68.11448275862068,1370.0,89.93517588097373,0.9004562352849177
72.50896551724139,1370.0,91.05687980424788,0.8545508363150754
76.90344827586208,1370.0,94.54628809624248,0.8120611089965687
81.29793103448276,1370.0,97.39379557016966,0.7736338098485824
85.69241379310344,1370.0,103.50863568880708,0.744813271335912
90.08689655172414,1370.0,104.10841332690245,0.7128261047818882
94.48137931034482,1370.0,109.83999507282934,0.6912805034761064
98.8758620689655,1370.0,112.08758206805611,0.6695148290964278
103.2703448275862,1370.0,114.48166163218401,0.6525703488933935
107.66482758620688,1370.0,118.58307773228806,0.6339207212608142
112.05931034482757,1370.0,123.70189826125248,0.622877179237917
116.45379310344829,1370.0,126.24319575009521,0.6112544032728189
120.84827586206897,1370.0,129.9487314628425,0.6002053164637159
125.24275862068966,1370.0,130.63270565505243,0.5947399199135838
2.197241379310345,1390.0,63.905495262146,1.0693662452832453
6.591724137931034,1390.0,66.6486185590426,1.0572609110520437
10.986206896551725,1390.0,68.1878981822067,1.0689093864733172
15.380689655172414,1390.0,68.44371608341181,1.080430141181805
19.775172413793104,1390.0,69.40576635313849,1.0870072524853858
24.16965517241379,1390.0,67.57294350436756,1.0983034209856968
28.564137931034487,1390.0,67.94464754934111,1.1009015016564316
32.95862068965517,1390.0,69.8754130454941,1.1011239791540528
37.35310344827587,1390.0,71.91903255780538,1.1012996924484573
41.74758620689655,1390.0,72.29198445265109,1.0968915177117315
46.14206896551724,1390.0,74.47316148800728,1.0910872846215436
50.53655172413793,1390.0,75.47597082226706,1.0801624522614386
54.93103448275861,1390.0,78.93892592832606,1.0522778377074886
59.325517241379316,1390.0,80.08917854271002,1.0014436827407283
63.72,1390.0,82.6114333987604,0.9434896501739914
68.11448275862068,1390.0,87.13898634579446,0.8954877769389219
72.50896551724139,1390.0,88.13869512554199,0.8502131895536508
76.90344827586208,1390.0,90.67988516853916,0.8067701618621257
81.29793103448276,1390.0,95.37827520353207,0.7697146781803426
85.69241379310344,1390.0,98.91354866448233,0.7380619049557862
90.08689655172414,1390.0,102.73035132438959,0.7106989647367359
94.48137931034482,1390.0,106.74517775338794,0.6892284365725849
98.8758620689655,1390.0,110.3606853672327,0.6677246784628889
103.2703448275862,1390.0,111.90439727192833,0.6481442817949291
107.66482758620688,1390.0,116.57093677084565,0.6339281731429138
112.05931034482757,1390.0,120.73464516056106,0.6214361323524115
116.45379310344829,1390.0,123.68862522641818,0.6102955926007192
120.84827586206897,1390.0,127.1718321727966,0.6009779478420183
125.24275862068966,1390.0,128.75452940238432,0.5943298269084384
2.197241379310345,1410.0,65.03417901992798,1.088161457393129
6.591724137931034,1410.0,66.51910848253303,1.0711335160411322
10.986206896551725,1410.0,66.97117744331007,1.0780144881817602
15.380689655172414,1410.0,66.57338687225625,1.0891378502360713
19.775172413793104,1410.0,68.41439876189598,1.0923067730304876
24.16965517241379,1410.0,68.44748184557945,1.1113871117161602
28.564137931034487,1410.0,67.29857559088204,1.1114040354185994
32.95862068965517,1410.0,68.0202508289367,1.1080077227221996
37.35310344827587,1410.0,71.02785123288632,1.107939660650809
41.74758620689655,1410.0,72.2774982261352,1.0981177353958556
46.14206896551724,1410.0,73.11287880555177,1.0944996973318337
50.53655172413793,1410.0,74.09985994095476,1.0838799200392524
54.93103448275861,1410.0,77.69678292586384,1.0477107012023528
59.325517241379316,1410.0,80.54497701840268,0.9972760056476924
63.72,1410.0,81.12105730783055,0.9392312065821938
68.11448275862068,1410.0,85.27614342136147,0.8897598962311193
72.50896551724139,1410.0,87.80667391750546,0.8428162389715955
76.90344827586208,1410.0,92.01169199380608,0.8007700191486203
81.29793103448276,1410.0,95.35337602501906,0.7657989939549641
85.69241379310344,1410.0,96.98754505129253,0.735101161930512
90.08689655172414,1410.0,102.47239433124221,0.7086209715053421
94.48137931034482,1410.0,104.76801954044235,0.6844878526288832
98.8758620689655,1410.0,108.40553659722846,0.6639820439193178
103.2703448275862,1410.0,111.89596629237371,0.6458927029880616
107.66482758620688,1410.0,114.60537229849461,0.631435628620223
112.05931034482757,1410.0,119.66722472067232,0.6181825217348418
116.45379310344829,1410.0,123.55716089407603,0.609034388608157
120.84827586206897,1410.0,127.27075603740666,0.6013443053958557
125.24275862068966,1410.0,128.18009513904846,0.5948161164726171
2.197241379310345,1430.0,65.32821210755242,1.1000204830519897
6.591724137931034,1430.0,64.52069156368574,1.0789754832020173
10.986206896551725,1430.0,67.16270121380134,1.0854372891000887
15.380689655172414,1430.0,64.39867403661763,1.0964035025084968
19.775172413793104,1430.0,66.42879620270851,1.1021353395594757
24.16965517241379,1430.0,66.31504863216763,1.1171700423818176
28.564137931034487,1430.0,67.59510897596678,1.112389750548863
32.95862068965517,1430.0,66.35247621685266,1.1164113473548514
37.35310344827587,1430.0,68.07206384970081,1.1100216649604853
41.74758620689655,1430.0,71.17260643050203,1.1079389970361635
46.14206896551724,1430.0,71.6291534146692,1.100327156929184
50.53655172413793,1430.0,72.65596677528487,1.0859433055189052
54.93103448275861,1430.0,74.79001701177235,1.0471612837579516
59.325517241379316,1430.0,78.58518932883939,0.9921087601984948
63.72,1430.0,80.51712292561562,0.9333821659227545
68.11448275862068,1430.0,83.22578573153343,0.8833656060120246
72.50896551724139,1430.0,86.31416081641088,0.8378536671773117
76.90344827586208,1430.0,91.19943185216852,0.7948580048023126
81.29793103448276,1430.0,93.0331235497758,0.7619826170493627
85.69241379310344,1430.0,95.1486097552638,0.7307972034212925
90.08689655172414,1430.0,97.7518573115472,0.705240971005597
94.48137931034482,1430.0,102.33890107214924,0.6818612786388818
98.8758620689655,1430.0,105.09090820629882,0.6607777868032939
103.2703448275862,1430.0,108.00788745000249,0.644714499200739
107.66482758620688,1430.0,110.70949971550269,0.6296193986080173
112.05931034482757,1430.0,116.31396977427835,0.6170757514218129
116.45379310344829,1430.0,120.01565726675368,0.6057114775057133
120.84827586206897,1430.0,122.32765675847435,0.5983225821009697
125.24275862068966,1430.0,125.29776422379334,0.5919425856542606
2.197241379310345,1450.0,66.74248367415534,1.1029424600008517
6.591724137931034,1450.0,63.33603292869197,1.0822317728629478
10.986206896551725,1450.0,65.11427273684077,1.099513271093918
15.380689655172414,1450.0,63.018978860643166,1.1040997034805147
19.775172413793104,1450.0,64.13089999276347,1.1107062907603285
24.16965517241379,1450.0,64.26942826878457,1.1303000742350835
28.564137931034487,1450.0,66.35749111200371,1.1176260990896485
32.95862068965517,1450.0,65.7221772517595,1.1277113516386796
37.35310344827587,1450.0,65.73708979785442,1.1167127891744792
41.74758620689655,1450.0,68.91985246335338,1.1156754859129683
46.14206896551724,1450.0,70.55719152373126,1.1082330330118406
50.53655172413793,1450.0,71.72718870002998,1.088540187186521
54.93103448275861,1450.0,72.2318267283901,1.0471379238836191
59.325517241379316,1450.0,75.88846094864937,0.9855519825512337
63.72,1450.0,78.28802683912677,0.9303764019253336
68.11448275862068,1450.0,81.37219703602202,0.8821019128173612
72.50896551724139,1450.0,84.8753661117541,0.8348831485475054
76.90344827586208,1450.0,88.3979367059138,0.7906546959216307
81.29793103448276,1450.0,90.20797321689876,0.7596849475241854
85.69241379310344,1450.0,93.97448301977582,0.7270554543874684
90.08689655172414,1450.0,95.56487590290791,0.7034772016200609
94.48137931034482,1450.0,100.92362145677446,0.6797800984161824
98.8758620689655,1450.0,103.45210035909446,0.6600156079554594
103.2703448275862,1450.0,105.91963893435306,0.6439389537447054
107.66482758620688,1450.0,108.45992660008628,0.6295485018932168
112.05931034482757,1450.0,112.54829483230908,0.6177119513240336
116.45379310344829,1450.0,115.99500736130608,0.6086167206664709
120.84827586206897,1450.0,117.59991775041918,0.5980636050494818
125.24275862068966,1450.0,121.78615936823189,0.5921766055568098
2.197241379310345,1470.0,68.62877274619208,1.1142997620469433
6.591724137931034,1470.0,65.17868887550301,1.0975143449810836
10.986206896551725,1470.0,64.2730591793855,1.1017408917576486
15.380689655172414,1470.0,64.15216826619925,1.1172610791713318
19.775172413793104,1470.0,63.65382688524375,1.117958278740083
24.16965517241379,1470.0,63.53304949213588,1.1381135049155646
28.564137931034487,1470.0,64.68530517940721,1.1254995793170546
32.95862068965517,1470.0,65.86952006113198,1.1321575731626954
37.35310344827587,1470.0,66.3342114508152,1.120053597353653
41.74758620689655,1470.0,67.36925948710524,1.1170379753896849
46.14206896551724,1470.0,69.10761327774097,1.1151099960294972
50.53655172413793,1470.0,70.67380463669443,1.0909156080615143
54.93103448275861,1470.0,72.1665623932543,1.043096476641518
59.325517241379316,1470.0,75.16879784253737,0.9810718214698293
63.72,1470.0,77.43136747898879,0.9225403123558183
68.11448275862068,1470.0,81.07053649315128,0.8748098735257642
72.50896551724139,1470.0,83.9677785078369,0.828463032240662
76.90344827586208,1470.0,87.03476852327586,0.7881495658893636
81.29793103448276,1470.0,89.80179318641694,0.7527323235434584
85.69241379310344,1470.0,94.16100577930897,0.7247432159363932
90.08689655172414,1470.0,94.28758282226228,0.6999787769458734
94.48137931034482,1470.0,98.87863115375004,0.6761062846616772
98.8758620689655,1470.0,102.11627661213917,0.6568965333311783
103.2703448275862,1470.0,105.43346951771822,0.6422650459223408
107.66482758620688,1470.0,108.21905886122094,0.628501773642664
112.05931034482757,1470.0,110.2858703690346,0.616952675287675
116.45379310344829,1470.0,114.47348111823752,0.6073717799060194
120.84827586206897,1470.0,115.61197396684317,0.5973077841433245
125.24275862068966,1470.0,120.10774488447028,0.5923637602590055
2.197241379310345,1490.0,64.80464825630187,1.125068686776242
6.591724137931034,1490.0,64.00996814171474,1.104771485351599
10.986206896551725,1490.0,64.7445319780597,1.1179520647097294
15.380689655172414,1490.0,63.86311895096744,1.1258920377351105
19.775172413793104,1490.0,61.98781858652065,1.129039984843893
24.16965517241379,1490.0,61.440741225367496,1.1437741693309897
28.564137931034487,1490.0,63.11618907418516,1.1328576786495814
32.95862068965517,1490.0,64.75747826405697,1.1420727293254391
37.35310344827587,1490.0,65.52657774289449,1.1288122108655931
41.74758620689655,1490.0,66.34552870066757,1.1317976549716893
46.14206896551724,1490.0,67.15763757498856,1.1205415852961287
50.53655172413793,1490.0,70.03724440066223,1.0906981092255577
54.93103448275861,1490.0,72.42778535395543,1.0435303994075016
59.325517241379316,1490.0,73.9200230518149,0.9781815810467566
63.72,1490.0,76.74272230819419,0.9215775745059159
68.11448275862068,1490.0,80.49990263949206,0.872333584063705
72.50896551724139,1490.0,81.55241427314344,0.8262836821325465
76.90344827586208,1490.0,85.25319584012031,0.7844651010497317
81.29793103448276,1490.0,88.55878505182727,0.7531537904977358
85.69241379310344,1490.0,90.79627723135233,0.7240349597232357
90.08689655172414,1490.0,91.60524505052437,0.6989355247255046
94.48137931034482,1490.0,94.40072188266213,0.6767174599440948
98.8758620689655,1490.0,98.79844857179202,0.6548374518752098
103.2703448275862,1490.0,102.45524905610179,0.6411072002517664
107.66482758620688,1490.0,105.40635223692405,0.6261599632497704
112.05931034482757,1490.0,107.4139587775826,0.6154068523942076
116.45379310344829,1490.0,111.20666753451029,0.6063554917363333
120.84827586206897,1490.0,112.91595657919748,0.5991445303735725
125.24275862068966,1490.0,116.37221935494907,0.5914318916982301
2.197241379310345,1510.0,59.24961943361494,1.1231518727911394
6.591724137931034,1510.0,59.02465147442288,1.111835202918603
10.986206896551725,1510.0,61.81490921311909,1.1230858366610268
15.380689655172414,1510.0,61.55142027139664,1.1363551101301224
19.775172413793104,1510.0,60.68920254809224,1.136957580969676
24.16965517241379,1510.0,60.7508039848199,1.1501292634211937
28.564137931034487,1510.0,62.05477698726787,1.1412080550734442
32.95862068965517,1510.0,62.76664625563556,1.1501395493203121
37.35310344827587,1510.0,63.24119119445483,1.1335703747252976
41.74758620689655,1510.0,64.96857665033423,1.133572662225306
46.14206896551724,1510.0,65.99928089135733,1.1238628360154355
50.53655172413793,1510.0,69.01617032875363,1.0945642574473096
54.93103448275861,1510.0,70.7979864785748,1.0381294508637102
59.325517241379316,1510.0,72.22897504973743,0.9756287572903847
63.72,1510.0,75.39011018898016,0.9156949508967813
68.11448275862068,1510.0,77.69415658399647,0.8682315818246182
72.50896551724139,1510.0,79.49190408133325,0.8215838762438016
76.90344827586208,1510.0,82.72734356721243,0.7802302473121219
81.29793103448276,1510.0,86.7095101710391,0.7470365230749216
85.69241379310344,1510.0,87.70911258847818,0.7209362192491905
90.08689655172414,1510.0,90.9640027834715,0.6944917597268757
94.48137931034482,1510.0,92.6494871965713,0.673333129983164
98.8758620689655,1510.0,96.40553330177933,0.6535098453262032
103.2703448275862,1510.0,99.4121313621364,0.6404481268397566
107.66482758620688,1510.0,102.12924952102803,0.6267828862767864
112.05931034482757,1510.0,105.7537848443696,0.6140213634667083
116.45379310344829,1510.0,108.60618199441167,0.605658836997049
120.84827586206897,1510.0,111.77049189377453,0.5980267116619292
125.24275862068966,1510.0,114.17034677285255,0.5920886754965453
2.197241379310345,1530.0,55.665724094708764,1.1397032929679094
6.591724137931034,1530.0,57.70560180975331,1.1220943659543992
10.986206896551725,1530.0,60.19870499880225,1.1344072881244844
15.380689655172414,1530.0,59.44735126804423,1.1393306437723945
19.775172413793104,1530.0,60.145315099985176,1.1413557270837371
24.16965517241379,1530.0,60.83174858585237,1.1555670128100886
28.564137931034487,1530.0,60.87525192565388,1.1448808607792558
32.95862068965517,1530.0,61.38203479059868,1.1543583784461564
37.35310344827587,1530.0,61.59224294424057,1.1357724252352328
41.74758620689655,1530.0,64.20473200846942,1.1388911087252644
46.14206896551724,1530.0,65.28190313241421,1.129736179370532
50.53655172413793,1530.0,67.59549285547857,1.0965717745716628
54.93103448275861,1530.0,68.78247166278112,1.0339832323568838
59.325517241379316,1530.0,71.64767941832542,0.9698453758696026
63.72,1530.0,74.18690665323794,0.9121963049840055
68.11448275862068,1530.0,76.28843513186331,0.8629710073956867
72.50896551724139,1530.0,78.74368947208242,0.8179355838099011
76.90344827586208,1530.0,81.31137355102433,0.7805510482981673
81.29793103448276,1530.0,84.73958654896073,0.7464416129302258
85.69241379310344,1530.0,87.63483896808349,0.7173374733418434
90.08689655172414,1530.0,89.86638925094454,0.6899804096847344
94.48137931034482,1530.0,93.09662008581181,0.670386869069468
98.8758620689655,1530.0,95.76412985238257,0.6537760229248546
103.2703448275862,1530.0,97.65098434331871,0.6379135953340894
107.66482758620688,1530.0,101.50080080233313,0.6268428251676224
112.05931034482757,1530.0,104.22602978820352,0.6124584926199589
116.45379310344829,1530.0,107.43076024563224,0.605426685490852
120.84827586206897,1530.0,110.66965498799593,0.5975978914492555
125.24275862068966,1530.0,113.90913288740235,0.5922746708237439
2.197241379310345,1550.0,58.71207057105171,1.1528142421259044
6.591724137931034,1550.0,56.384092926151226,1.1289268600252957
10.986206896551725,1550.0,58.682544633194254,1.1449075449721604
15.380689655172414,1550.0,57.142697620171084,1.1501951347120474
19.775172413793104,1550.0,59.638379689465225,1.1564040193404599
24.16965517241379,1550.0,60.63248883258729,1.165831444564007
28.564137931034487,1550.0,59.38292591025432,1.153249837577237
32.95862068965517,1550.0,60.97135401765505,1.1543568137790075
37.35310344827587,1550.0,60.91112242142359,1.1448482113745138
41.74758620689655,1550.0,62.939393345871544,1.1456418114054174
46.14206896551724,1550.0,64.25942470986618,1.1318606004217822
50.53655172413793,1550.0,66.52309190526476,1.0930422053418376
54.93103448275861,1550.0,68.01861218696855,1.0302718869237988
59.325517241379316,1550.0,71.08897847123444,0.9638226444274817
63.72,1550.0,73.11587974337148,0.9064838558364313
68.11448275862068,1550.0,74.37040355323273,0.8584765863598667
72.50896551724139,1550.0,78.05741908342118,0.8126088323198538
76.90344827586208,1550.0,80.5546512256066,0.7756320917433928
81.29793103448276,1550.0,82.49135892949818,0.7451648800068628
85.69241379310344,1550.0,86.81375716273911,0.7168049657411919
90.08689655172414,1550.0,88.13529069894024,0.6909860293284052
94.48137931034482,1550.0,91.14495570389997,0.6689508831451549
98.8758620689655,1550.0,94.4818557283053,0.6517369808330679
103.2703448275862,1550.0,95.61560188836995,0.637112236009814
107.66482758620688,1550.0,99.65786916428598,0.624052285869675
112.05931034482757,1550.0,102.52352327128452,0.611568822054302
116.45379310344829,1550.0,105.92119350952132,0.6034967727104171
120.84827586206897,1550.0,109.26863857266169,0.5972828375281498
125.24275862068966,1550.0,110.40822373641035,0.5909135524011296
2.197241379310345,1570.0,58.730231009589296,1.1843691714065896
6.591724137931034,1570.0,56.3855672834648,1.1501942781301646
10.986206896551725,1570.0,57.17026141617033,1.162458827075321
15.380689655172414,1570.0,56.07653547602672,1.1618877635616274
19.775172413793104,1570.0,58.12755749826757,1.1608854130248278
24.16965517241379,1570.0,59.0883902973599,1.1719533626810978
28.564137931034487,1570.0,58.59929232589073,1.1616736359854574
32.95862068965517,1570.0,60.35074655339122,1.162326621878129
37.35310344827587,1570.0,59.939960942334594,1.1509293786538253
41.74758620689655,1570.0,61.21538088668106,1.1512858273732633
46.14206896551724,1570.0,62.983285808665116,1.1353311426607908
50.53655172413793,1570.0,64.17179410274213,1.0888296349099267
54.93103448275861,1570.0,67.17105705785067,1.0253924452320293
59.325517241379316,1570.0,68.90146578662097,0.9597470672298868
63.72,1570.0,71.64450139533957,0.904858255632927
68.11448275862068,1570.0,72.49259540512237,0.8551190323968451
72.50896551724139,1570.0,76.86526843952754,0.8108683203519302
76.90344827586208,1570.0,78.48826654735538,0.7742095924203605
81.29793103448276,1570.0,81.24352265476891,0.7415999295035043
85.69241379310344,1570.0,83.64420771303672,0.7131419554937682
90.08689655172414,1570.0,86.72593376520271,0.6885160824137317
94.48137931034482,1570.0,89.24299901440031,0.666080952237103
98.8758620689655,1570.0,92.40998522287761,0.6483698578940564
103.2703448275862,1570.0,94.15178269881105,0.6362400559433001
107.66482758620688,1570.0,96.66959632379343,0.6233822657356525
112.05931034482757,1570.0,100.46416717752665,0.6120013442311891
116.45379310344829,1570.0,102.8799856040213,0.603942137703338
120.84827586206897,1570.0,105.16438451311946,0.5960157400551548
125.24275862068966,1570.0,106.7387222516247,0.5911194158918908
2.197241379310345,1590.0,52.772964260313245,1.1834147107803215
6.591724137931034,1590.0,54.81056327455573,1.152821964598619
10.986206896551725,1590.0,55.61795114587854,1.1604749872113154
15.380689655172414,1590.0,55.48017442281599,1.16281417797001
19.775172413793104,1590.0,56.08804875255651,1.1722989554143972
24.16965517241379,1590.0,56.79646490017573,1.176270455958163
28.564137931034487,1590.0,57.35940672540003,1.1653086074345065
32.95862068965517,1590.0,58.46504020401173,1.1693311910482749
37.35310344827587,1590.0,58.81394688834746,1.154824452793098
41.74758620689655,1590.0,60.174849644685395,1.1583503420533598
46.14206896551724,1590.0,61.484511627600746,1.1393718269315705
50.53655172413793,1590.0,63.10852142837312,1.0899139062571432
54.93103448275861,1590.0,65.67788681526766,1.0239167434197884
59.325517241379316,1590.0,67.04745664447546,0.9564879162147301
63.72,1590.0,69.44287657894102,0.8990291317090594
68.11448275862068,1590.0,72.26987642233755,0.8534070042757401
72.50896551724139,1590.0,74.61825665941944,0.8070338238263827
76.90344827586208,1590.0,76.41420439630747,0.7697937186809843
81.29793103448276,1590.0,79.90660658111607,0.7391811755112271
85.69241379310344,1590.0,80.92301930530347,0.7100815510965245
90.08689655172414,1590.0,85.70567182497102,0.687299162877533
94.48137931034482,1590.0,87.78492647776056,0.666936634503289
98.8758620689655,1590.0,89.22653435463582,0.6483047596286627
103.2703448275862,1590.0,92.40450886530536,0.6350812602580236
107.66482758620688,1590.0,94.17995387418517,0.6229324539386464
112.05931034482757,1590.0,97.55314241460076,0.6125683519770118
116.45379310344829,1590.0,98.84100520339248,0.603389672456089
120.84827586206897,1590.0,101.97863979053264,0.5962615291366858
125.24275862068966,1590.0,103.94250509567145,0.5914118327381692
2.197241379310345,1610.0,53.02034486664667,1.1842855194867667
6.591724137931034,1610.0,52.904821015066574,1.1727719756273123
10.986206896551725,1610.0,53.86956580645508,1.1722742640477721
15.380689655172414,1610.0,53.77715217625653,1.1694739327458108
19.775172413793104,1610.0,54.73173256052866,1.1764672939813408
24.16965517241379,1610.0,55.926723018052094,1.1837765138154313
28.564137931034487,1610.0,56.232938914663265,1.1736949478436534
32.95862068965517,1610.0,57.72164388787415,1.172877557338279
37.35310344827587,1610.0,57.89528592940834,1.164233940081237
41.74758620689655,1610.0,59.03698089285794,1.162197116646818
46.14206896551724,1610.0,59.92683473280352,1.1412469324680556
50.53655172413793,1610.0,63.216132957965904,1.0862775274916836
54.93103448275861,1610.0,64.24090317521897,1.0192032851554729
59.325517241379316,1610.0,66.89813078049986,0.9508324330475808
63.72,1610.0,68.13927610917591,0.8961480482405106
68.11448275862068,1610.0,71.73535923770181,0.8485656739620927
72.50896551724139,1610.0,73.39603927211155,0.8027353113690736
76.90344827586208,1610.0,75.30625747376018,0.7674127956172654
81.29793103448276,1610.0,78.39570081032416,0.7360529212380954
85.69241379310344,1610.0,80.9337801799394,0.7112846334963613
90.08689655172414,1610.0,83.99027152072277,0.686811662458365
94.48137931034482,1610.0,85.88802817611703,0.6660994162794992
98.8758620689655,1610.0,87.5059641037996,0.6482743116447033
103.2703448275862,1610.0,90.8880760195473,0.6336937118631794
107.66482758620688,1610.0,92.60895413685576,0.6229542652958467
112.05931034482757,1610.0,95.1667265926146,0.613545865959981
116.45379310344829,1610.0,96.59312793579367,0.6038969588418579
120.84827586206897,1610.0,100.27379982991545,0.596587765208106
125.24275862068966,1610.0,101.70869493900042,0.5924106296015917
2.197241379310345,1630.0,55.990643453598025,1.2002895228606834
6.591724137931034,1630.0,54.506674029760894,1.1765877524247537
10.986206896551725,1630.0,54.36569654775991,1.1867024840847138
15.380689655172414,1630.0,54.32741211189164,1.1776647541344998
19.775172413793104,1630.0,55.21846298784272,1.1864054003850208
24.16965517241379,1630.0,55.67145079374313,1.1857532032267757
28.564137931034487,1630.0,56.87137720858057,1.18227952078223
32.95862068965517,1630.0,57.072486651440464,1.178829602908473
37.35310344827587,1630.0,57.99088783197933,1.1684526193268021
41.74758620689655,1630.0,58.034904586581085,1.1690162783199676
46.14206896551724,1630.0,59.37088297192867,1.1395243648934152
50.53655172413793,1630.0,62.2943968690104,1.0863326718596367
54.93103448275861,1630.0,64.33187489206219,1.0158063341622
59.325517241379316,1630.0,66.48439471899636,0.9488746966357364
63.72,1630.0,67.84679867124852,0.8920788548252558
68.11448275862068,1630.0,70.23214969222927,0.8479080278379739
72.50896551724139,1630.0,73.32415995411772,0.8019918636088577
76.90344827586208,1630.0,74.26645017498069,0.7675690452257792
81.29793103448276,1630.0,77.34039990927862,0.7374453772954271
85.69241379310344,1630.0,80.34252231996416,0.7101099031107827
90.08689655172414,1630.0,82.59731667341828,0.6862464758681799
94.48137931034482,1630.0,85.33374572149107,0.664758602380593
98.8758620689655,1630.0,87.60104995354627,0.6484183846476052
103.2703448275862,1630.0,90.53995398219142,0.6346259233044655
107.66482758620688,1630.0,92.23859751726934,0.6219256464626843
112.05931034482757,1630.0,95.00318064653513,0.6132106133715599
116.45379310344829,1630.0,97.24432277690481,0.6053857860782982
120.84827586206897,1630.0,99.882010785388,0.5982335018598316
125.24275862068966,1630.0,103.34077048529353,0.59206857007157
2.197241379310345,1650.0,54.76690693431431,1.2106745734726643
6.591724137931034,1650.0,53.92011608183384,1.1890989495011477
10.986206896551725,1650.0,53.7059687304276,1.1880319044337295
15.380689655172414,1650.0,54.2484918711362,1.1886413303724168
19.775172413793104,1650.0,53.8185463639406,1.192455659805787
24.16965517241379,1650.0,54.59909276309468,1.1901489297653831
28.564137931034487,1650.0,55.61786027749379,1.180081788615901
32.95862068965517,1650.0,55.544896841049194,1.1740435798269484
37.35310344827587,1650.0,56.73205042514536,1.172292494521699
41.74758620689655,1650.0,57.25806469069077,1.171841459744443
46.14206896551724,1650.0,59.570627151646164,1.1382999458243097
50.53655172413793,1650.0,61.252266054861565,1.0804238867294411
54.93103448275861,1650.0,63.365843808779154,1.0055332387211147
59.325517241379316,1650.0,64.70582226229212,0.9420029972935771
63.72,1650.0,67.09503460436324,0.8895624065053017
68.11448275862068,1650.0,67.54042184720805,0.8429419727407138
72.50896551724139,1650.0,71.86679913773739,0.7972240207797131
76.90344827586208,1650.0,73.29842418101099,0.7639074063199198
81.29793103448276,1650.0,75.6353926025871,0.7326789901156302
85.69241379310344,1650.0,78.26589378872931,0.7062775195615976
90.08689655172414,1650.0,80.23704342743437,0.6802704796084774
94.48137931034482,1650.0,82.51336890411754,0.6623677555543961
98.8758620689655,1650.0,85.00435394099635,0.6453388337438839
103.2703448275862,1650.0,87.98132885767826,0.6308391897644515
107.66482758620688,1650.0,90.42487578727732,0.6202969823044797
112.05931034482757,1650.0,93.193631388824,0.60967417462514
116.45379310344829,1650.0,95.5189851830403,0.6024896528047925
120.84827586206897,1650.0,97.53655715276992,0.5962257107383382
125.24275862068966,1650.0,101.51683667778141,0.59007409808059
2.197241379310345,1670.0,52.880402130550806,1.1910815306302518
6.591724137931034,1670.0,51.83433694971932,1.1943313245589917
10.986206896551725,1670.0,51.80196555289958,1.1968210296971458
15.380689655172414,1670.0,51.83852522958208,1.1870847102850552
19.775172413793104,1670.0,50.940721551322525,1.192559505179195
24.16965517241379,1670.0,52.714398447956356,1.1927692097746456
28.564137931034487,1670.0,53.2084461407115,1.187678379471518
32.95862068965517,1670.0,54.155342891398405,1.1796782958308554
37.35310344827587,1670.0,54.42945751812722,1.1746351232263506
41.74758620689655,1670.0,55.55194064439872,1.1698043611354076
46.14206896551724,1670.0,58.05160658481793,1.1347165532179375
50.53655172413793,1670.0,58.84285808959578,1.074488792597894
54.93103448275861,1670.0,61.395246063509305,1.0003905308881291
59.325517241379316,1670.0,62.888479125789466,0.9384798995791506
63.72,1670.0,65.78720834051018,0.8841249529055972
68.11448275862068,1670.0,66.31432401839598,0.8377359625317194
72.50896551724139,1670.0,68.74394018656362,0.793173654375388
76.90344827586208,1670.0,71.31297771649227,0.7568185340605779
81.29793103448276,1670.0,72.77379822551053,0.7274460554104563
85.69241379310344,1670.0,75.82887615421832,0.700761968247875
90.08689655172414,1670.0,77.07866357412198,0.6777523501190945
94.48137931034482,1670.0,79.52094189858153,0.6598541117898433
98.8758620689655,1670.0,82.27132858144931,0.6434497334115947
103.2703448275862,1670.0,84.7221039582103,0.6302456465329935
107.66482758620688,1670.0,88.181659996167,0.6195303674983901
112.05931034482757,1670.0,89.77431566411195,0.6089807398381276
116.45379310344829,1670.0,91.94997571066574,0.6005949970652977
120.84827586206897,1670.0,93.87782066135233,0.5947966152727354
125.24275862068966,1670.0,96.40439238631387,0.5906019037059189
2.197241379310345,1690.0,51.975384076436356,1.229755743748724
6.591724137931034,1690.0,52.17060451209545,1.2142465740442276
10.986206896551725,1690.0,51.47737242226248,1.2027752859526515
15.380689655172414,1690.0,51.41456722054216,1.2000834717918754
19.775172413793104,1690.0,51.421671956268135,1.2017965896974636
24.16965517241379,1690.0,52.24744820689398,1.199494436029767
28.564137931034487,1690.0,53.20342387693624,1.1953796257875318
32.95862068965517,1690.0,53.006938594496916,1.1798798684737388
37.35310344827587,1690.0,53.88738149669435,1.1805173897857106
41.74758620689655,1690.0,54.64598014148382,1.1755919464839386
46.14206896551724,1690.0,56.452859891785515,1.1403512630479788
50.53655172413793,1690.0,58.21119226668125,1.0729209314958144
54.93103448275861,1690.0,60.837048779465384,0.9941027075328209
59.325517241379316,1690.0,61.996792275458574,0.9329003985413836
63.72,1690.0,64.4010176928139,0.8800106852203489
68.11448275862068,1690.0,66.60151646534602,0.8347593777831548
72.50896551724139,1690.0,67.36874852120562,0.7911057465286182
76.90344827586208,1690.0,70.1225198633141,0.7557346068621466
81.29793103448276,1690.0,72.35056350959671,0.7251306880616657
85.69241379310344,1690.0,75.40475614599272,0.6994931082598759
90.08689655172414,1690.0,76.59485818009799,0.6775586309961212
94.48137931034482,1690.0,78.52018768269393,0.659477414890651
98.8758620689655,1690.0,82.52971285708949,0.6427256723348256
103.2703448275862,1690.0,84.5880816174405,0.6291619846405759
107.66482758620688,1690.0,86.73357949323126,0.6182746883031087
112.05931034482757,1690.0,89.56149094198088,0.6094006908357953
116.45379310344829,1690.0,91.31343460369993,0.6012406297465199
120.84827586206897,1690.0,92.36910935729938,0.596235654562911
125.24275862068966,1690.0,94.98429682499005,0.5896076332424244
2.197241379310345,1710.0,52.81825926568773,1.2308181234672244
6.591724137931034,1710.0,50.27756296263801,1.2173985582131606
10.986206896551725,1710.0,50.63033399979273,1.2038848378141904
15.380689655172414,1710.0,52.15681085542396,1.2043077377533697
19.775172413793104,1710.0,51.011624853325706,1.2095653823184482
24.16965517241379,1710.0,51.68449253009425,1.2005150313442599
28.564137931034487,1710.0,51.981120735820795,1.1978452292471118
32.95862068965517,1710.0,52.09837435724006,1.1866072363167866
37.35310344827587,1710.0,52.68104119863774,1.186235755224433
41.74758620689655,1710.0,54.49476508516022,1.180400964752871
46.14206896551724,1710.0,55.97388916277987,1.1401309141048552
50.53655172413793,1710.0,58.78618255677896,1.0705350845934374
54.93103448275861,1710.0,59.71569774078212,0.9928740807429508
59.325517241379316,1710.0,61.46046644894199,0.9291471558184515
63.72,1710.0,62.67297062728508,0.8775714989351486
68.11448275862068,1710.0,65.5415593424329,0.8308611642418315
72.50896551724139,1710.0,67.1661030639101,0.7888496095037427
76.90344827586208,1710.0,69.17014844202333,0.7535613347322513
81.29793103448276,1710.0,72.16372120049265,0.7225695160147002
85.69241379310344,1710.0,74.53124563403176,0.69802820250851
90.08689655172414,1710.0,76.21430809819508,0.674973443556178
94.48137931034482,1710.0,77.01686261387336,0.6567904978986566
98.8758620689655,1710.0,80.77633575814912,0.6388548458066843
103.2703448275862,1710.0,82.81850231604444,0.626982577998888
107.66482758620688,1710.0,84.02131138998887,0.616359777654626
112.05931034482757,1710.0,88.16614758817838,0.6068627795280375
116.45379310344829,1710.0,88.81834892873411,0.5998857167097029
120.84827586206897,1710.0,90.50120860445344,0.5942274982508359
125.24275862068966,1710.0,92.74204245013081,0.5886501697015202
2.197241379310345,1730.0,50.44548026190864,1.2356585122771182
6.591724137931034,1730.0,48.49947620431582,1.2281599977841744
10.986206896551725,1730.0,48.656330901715485,1.2213512252552718
15.380689655172414,1730.0,51.21264091906725,1.2136436948236429
19.775172413793104,1730.0,50.23145392588061,1.2193125547564982
24.16965517241379,1730.0,50.5582134621957,1.2120589793764207
28.564137931034487,1730.0,50.560887070165734,1.2038880907409357
32.95862068965517,1730.0,51.125674198485086,1.1923744381830796
37.35310344827587,1730.0,51.97787897951073,1.1921328376763838
41.74758620689655,1730.0,53.67871493406785,1.1761294002678058
46.14206896551724,1730.0,54.408165477152565,1.1349716660921025
50.53655172413793,1730.0,57.01257711457901,1.0655815345584876
54.93103448275861,1730.0,58.59367438563309,0.9865380959240375
59.325517241379316,1730.0,60.49876917184641,0.9232447458870413
63.72,1730.0,61.23534205298365,0.875477789338847
68.11448275862068,1730.0,63.82482650351746,0.8282734807374816
72.50896551724139,1730.0,65.78788988615469,0.7868235422109198
76.90344827586208,1730.0,67.38064258148273,0.7514926453637183
81.29793103448276,1730.0,70.45336246310514,0.7248584122126732
85.69241379310344,1730.0,71.82285857114239,0.6974463072292048
90.08689655172414,1730.0,74.12095621653965,0.6740089456170993
94.48137931034482,1730.0,75.72079882398248,0.6566258295163814
98.8758620689655,1730.0,78.44108588496844,0.6394242095717552
103.2703448275862,1730.0,80.4603567490029,0.6278884096634844
107.66482758620688,1730.0,81.78911242768226,0.6181151072335043
112.05931034482757,1730.0,84.98884112646283,0.6078827493499577
116.45379310344829,1730.0,86.17797929406,0.6010972972383933
120.84827586206897,1730.0,88.73392622747453,0.594080663174017
125.24275862068966,1730.0,90.02469525362055,0.5900170724606331
2.197241379310345,1750.0,48.50605955653721,1.252480976325644
6.591724137931034,1750.0,47.56959333353573,1.238860953771151
10.986206896551725,1750.0,47.545552130650584,1.2237444960851274
15.380689655172414,1750.0,48.441540367073486,1.2164844917018849
19.775172413793104,1750.0,49.16125532959261,1.226744367811415
24.16965517241379,1750.0,49.3093711598998,1.2110593249646067
28.564137931034487,1750.0,49.40675746483935,1.207534350520976
32.95862068965517,1750.0,49.524521597557595,1.1977056869064007
37.35310344827587,1750.0,50.33173691630363,1.1969736365277952
41.74758620689655,1750.0,51.89178032498075,1.181447190305925
46.14206896551724,1750.0,52.587221862923386,1.1354343129931825
50.53655172413793,1750.0,54.898778676731986,1.0623595036949094
54.93103448275861,1750.0,56.62602767284198,0.9851002017518988
59.325517241379316,1750.0,58.22420289419178,0.9213539440427306
63.72,1750.0,59.70821248031694,0.8699935532531382
68.11448275862068,1750.0,62.784102566816195,0.8253038544907847
72.50896551724139,1750.0,63.36300302245629,0.7834565685712247
76.90344827586208,1750.0,65.6782366440528,0.747465977370543
81.29793103448276,1750.0,68.1343412834809,0.720175013272063
85.69241379310344,1750.0,70.06128512265313,0.6945744979888271
90.08689655172414,1750.0,71.84304434615198,0.6731983103325093
94.48137931034482,1750.0,74.06912379759171,0.6560559024798985
98.8758620689655,1750.0,77.27161629790933,0.6389091293767669
103.2703448275862,1750.0,78.7957865931685,0.6254489388605114
107.66482758620688,1750.0,80.44344573094014,0.6165321135614198
112.05931034482757,1750.0,82.97574560991441,0.6080167786972555
116.45379310344829,1750.0,84.1771727723104,0.5995842259284029
120.84827586206897,1750.0,86.77644776762311,0.5941823107909947
125.24275862068966,1750.0,88.07533569913357,0.5892884144219603
2.197241379310345,1770.0,46.75721809599135,1.2735139299920724
6.591724137931034,1770.0,45.73999995324347,1.238628741640311
10.986206896551725,1770.0,46.93764631063849,1.2271893550448703
15.380689655172414,1770.0,46.480345998097356,1.2202641453480896
19.775172413793104,1770.0,47.235935130944625,1.2306557208337505
24.16965517241379,1770.0,48.21849211364512,1.2177346195833665
28.564137931034487,1770.0,48.58511832149493,1.2147861595793261
32.95862068965517,1770.0,48.53206421248615,1.1991070357005766
37.35310344827587,1770.0,49.09365520477295,1.1998254623237383
41.74758620689655,1770.0,50.82413011190727,1.182030994205031
46.14206896551724,1770.0,52.21784487685076,1.1324812295162572
50.53655172413793,1770.0,54.695259416587334,1.0578772737957507
54.93103448275861,1770.0,56.12602721555258,0.9800613387867256
59.325517241379316,1770.0,57.215655623314284,0.9181694917424896
63.72,1770.0,59.05250825558179,0.868927915985848
68.11448275862068,1770.0,61.213745421833465,0.8218460707385135
72.50896551724139,1770.0,62.55807332473772,0.7801278183166772
76.90344827586208,1770.0,64.60342988222837,0.7472115711043886
81.29793103448276,1770.0,66.85893718581556,0.7171267467245083
85.69241379310344,1770.0,68.55328045022372,0.6916006370116538
90.08689655172414,1770.0,70.45229759961029,0.6713969716808741
94.48137931034482,1770.0,72.60198790993955,0.6543823453085198
98.8758620689655,1770.0,75.8140812951148,0.6382473778153409
103.2703448275862,1770.0,76.43677555142888,0.6246018786344543
107.66482758620688,1770.0,78.55337392867068,0.61480006681723
112.05931034482757,1770.0,82.01649082439516,0.6059469476038783
116.45379310344829,1770.0,82.22013544225031,0.5992492014177407
120.84827586206897,1770.0,84.93089354700513,0.5933916535147506
125.24275862068966,1770.0,86.50983262662258,0.5885976095142301
2.197241379310345,1790.0,45.810076268513996,1.2813932208691614
6.591724137931034,1790.0,45.77277934882376,1.255189395409364
10.986206896551725,1790.0,45.26301074138394,1.2414384021462384
15.380689655172414,1790.0,45.03689863781134,1.2265963102580095
19.775172413793104,1790.0,46.378853348075836,1.2402815090201256
24.16965517241379,1790.0,47.938517333259654,1.220273176035961
28.564137931034487,1790.0,48.25120656564832,1.2137821536134021
32.95862068965517,1790.0,48.32804110108151,1.2060326134534454
37.35310344827587,1790.0,49.44098853203985,1.2037500919477397
41.74758620689655,1790.0,50.50755938110698,1.1799117763457834
46.14206896551724,1790.0,52.55672702588077,1.1312319446783679
50.53655172413793,1790.0,54.65000283527069,1.051287868110109
54.93103448275861,1790.0,56.17154165525589,0.9764402269903156
59.325517241379316,1790.0,57.269734727839634,0.9135391091076076
63.72,1790.0,58.56102660887036,0.8645052593334762
68.11448275862068,1790.0,60.203182780908215,0.8179120438210474
72.50896551724139,1790.0,61.97983300433589,0.778304005189383
76.90344827586208,1790.0,64.28367574910322,0.744718791866757
81.29793103448276,1790.0,66.23823540891715,0.7161528786950764
85.69241379310344,1790.0,68.1665317217509,0.6882037690032927
90.08689655172414,1790.0,69.97138694618025,0.6701477647418502
94.48137931034482,1790.0,71.49235813698125,0.6530701105429647
98.8758620689655,1790.0,74.45758051399747,0.6377474821378566
103.2703448275862,1790.0,74.90429134170215,0.6245279690719608
107.66482758620688,1790.0,77.80033431239283,0.6173849578725852
112.05931034482757,1790.0,79.58209469171888,0.6058494863096135
116.45379310344829,1790.0,81.40875823751644,0.5987820607594779
120.84827586206897,1790.0,83.93351701739566,0.5948997858170433
125.24275862068966,1790.0,84.77094678702178,0.5879213463995433
2.197241379310345,1810.0,46.06520226796468,1.2939570206033308
6.591724137931034,1810.0,44.497549490796196,1.2611321394260113
10.986206896551725,1810.0,44.40415014768089,1.2447020901787667
15.380689655172414,1810.0,44.71331604266609,1.2348921693085255
19.775172413793104,1810.0,45.803745981719764,1.2472754365990135
24.16965517241379,1810.0,47.17563874309972,1.2221043945110144
28.564137931034487,1810.0,47.034048641514445,1.2203803304880594
32.95862068965517,1810.0,47.977075827204516,1.2111931282218562
37.35310344827587,1810.0,48.5666819781065,1.2098617892304364
41.74758620689655,1810.0,49.83404703578378,1.1848258692460014
46.14206896551724,1810.0,51.48828370907367,1.1325119642656198
50.53655172413793,1810.0,53.27080494598445,1.050281285665228
54.93103448275861,1810.0,53.887749666701936,0.9711980183367376
59.325517241379316,1810.0,55.686831879429526,0.91243512054318
63.72,1810.0,57.15449651128348,0.8615457277830953
68.11448275862068,1810.0,59.75237870124387,0.8188989240190258
72.50896551724139,1810.0,60.43250321703298,0.7786516178300882
76.90344827586208,1810.0,62.8371684162981,0.7449132702083747
81.29793103448276,1810.0,64.94248134430481,0.7167722943226864
85.69241379310344,1810.0,67.41438584382408,0.6907385624989302
90.08689655172414,1810.0,68.89985614447366,0.669441229472792
94.48137931034482,1810.0,70.00951060818302,0.6533926242615478
98.8758620689655,1810.0,71.97537293164139,0.6369811369041944
103.2703448275862,1810.0,72.84918817688549,0.6254524505395264
107.66482758620688,1810.0,76.78125445516173,0.6159291817262483
112.05931034482757,1810.0,76.91782706775247,0.6053776617975256
116.45379310344829,1810.0,80.1737146075677,0.5998542970906207
120.84827586206897,1810.0,82.2743286724184,0.5962875791697647
125.24275862068966,1810.0,82.65766980892255,0.5895648687588473
2.197241379310345,1830.0,42.34084800614251,1.3090268171439736
6.591724137931034,1830.0,43.32861293190056,1.2780166073487356
10.986206896551725,1830.0,44.16349117899383,1.2554896270624503
15.380689655172414,1830.0,44.5415478994449,1.2355523612090464
19.775172413793104,1830.0,44.76449627346463,1.2558268572959996
24.16965517241379,1830.0,46.13456921586914,1.2240983566128407
28.564137931034487,1830.0,45.88780727630689,1.2216927568770641
32.95862068965517,1830.0,46.88939595201777,1.210548177525486
37.35310344827587,1830.0,47.62367884367704,1.2072978880037877
41.74758620689655,1830.0,49.22670962273056,1.1816741795877
46.14206896551724,1830.0,49.92732812706221,1.1295080665927546
50.53655172413793,1830.0,52.0496108833796,1.0405245162270413
54.93103448275861,1830.0,52.42645392879362,0.968271926721489
59.325517241379316,1830.0,54.30891759290049,0.907436618135828
63.72,1830.0,56.50759804304,0.860005054928143
68.11448275862068,1830.0,58.01272084830719,0.8136683784167206
72.50896551724139,1830.0,59.76924365530253,0.775807480134785
76.90344827586208,1830.0,61.739168831706046,0.7388538167732942
81.29793103448276,1830.0,63.72621199164701,0.7131323388749555
85.69241379310344,1830.0,66.30907100309496,0.6874653855824217
90.08689655172414,1830.0,67.40299183968243,0.6686484082258065
94.48137931034482,1830.0,68.69238487560123,0.651020901528939
98.8758620689655,1830.0,70.42285476816006,0.6367399630875423
103.2703448275862,1830.0,71.88104412976712,0.6243058588213481
107.66482758620688,1830.0,74.80277351812386,0.6154724984094396
112.05931034482757,1830.0,75.86313425822289,0.6061753297283639
116.45379310344829,1830.0,78.19905578781056,0.5987487101318304
120.84827586206897,1830.0,79.54458761595043,0.5940977532796586
125.24275862068966,1830.0,80.32470582201589,0.5890755259914555
2.197241379310345,1850.0,39.76579689184825,1.2955129240865761
6.591724137931034,1850.0,44.02501169674926,1.2759049637959554
10.986206896551725,1850.0,43.47564971336612,1.2540936225570292
15.380689655172414,1850.0,44.16055786995977,1.2364590708792846
19.775172413793104,1850.0,44.16125512454244,1.2602059339780214
24.16965517241379,1850.0,45.39602911117531,1.2329426057824568
28.564137931034487,1850.0,45.40723628033366,1.2303728365188806
32.95862068965517,1850.0,45.71401755366888,1.2207394026714664
37.35310344827587,1850.0,46.75864345033963,1.2160268976857522
41.74758620689655,1850.0,48.087177649649796,1.178933481167922
46.14206896551724,1850.0,49.63810726465322,1.1265397129695764
50.53655172413793,1850.0,51.05835951750095,1.0393247570781736
54.93103448275861,1850.0,52.493064048469705,0.9643865332835251
59.325517241379316,1850.0,54.048123897156785,0.9054827538593684
63.72,1850.0,56.43933894209288,0.8574222344653228
68.11448275862068,1850.0,56.88123943426727,0.8119719039893097
72.50896551724139,1850.0,59.36043930991933,0.7718575917008191
76.90344827586208,1850.0,60.971161575449834,0.7379930362075978
81.29793103448276,1850.0,62.971994688617436,0.7134656158499121
85.69241379310344,1850.0,64.79394733171532,0.6855292249762264
90.08689655172414,1850.0,66.4841385026908,0.6656769320907564
94.48137931034482,1850.0,67.78190911111851,0.6495863624611108
98.8758620689655,1850.0,69.80119529347388,0.634820257322995
103.2703448275862,1850.0,71.1477988848374,0.6254215906980748
107.66482758620688,1850.0,72.85787763238183,0.6145279427441355
112.05931034482757,1850.0,75.23943186779616,0.6062688313728004
116.45379310344829,1850.0,76.30540187248477,0.59942379453066
120.84827586206897,1850.0,77.8345649716706,0.5943428868128853
125.24275862068966,1850.0,78.6009637777582,0.5875885163472372
2.197241379310345,1870.0,39.42085877789391,1.324307616147618
6.591724137931034,1870.0,43.51479032470121,1.2908500650754342
10.986206896551725,1870.0,42.135502177808014,1.2625960918478152
15.380689655172414,1870.0,43.510606737600426,1.246601347946749
19.775172413793104,1870.0,43.65968621439403,1.2639787476959494
24.16965517241379,1870.0,44.381313160061836,1.2354980705603331
28.564137931034487,1870.0,45.31566933915019,1.2295834192638921
32.95862068965517,1870.0,45.215392695946825,1.2206660509788108
37.35310344827587,1870.0,45.93842643764284,1.215169757157361
41.74758620689655,1870.0,47.27701837423012,1.177010809731512
46.14206896551724,1870.0,49.11983571488123,1.1237247842382052
50.53655172413793,1870.0,50.308405767266564,1.0311167289617034
54.93103448275861,1870.0,51.71679508290839,0.9616334693023452
59.325517241379316,1870.0,52.85214145367758,0.9022700008152907
63.72,1870.0,54.987995263051104,0.8534956367341128
68.11448275862068,1870.0,56.01472352334746,0.8104793913634981
72.50896551724139,1870.0,57.88936368261695,0.7699234579820626
76.90344827586208,1870.0,59.91029392240775,0.7380022526541719
81.29793103448276,1870.0,61.64417767150391,0.7100174625760526
85.69241379310344,1870.0,62.834476369734546,0.6844223411974466
90.08689655172414,1870.0,64.75668880546174,0.6660526550491812
94.48137931034482,1870.0,66.6037129098106,0.6487881713875867
98.8758620689655,1870.0,68.0331438188879,0.6345343130884379
103.2703448275862,1870.0,70.03161716407963,0.6227593109646519
107.66482758620688,1870.0,71.4259727080549,0.6147240046020258
112.05931034482757,1870.0,73.9198828085705,0.605728905513141
116.45379310344829,1870.0,75.15283749644404,0.5985658488897695
120.84827586206897,1870.0,77.15003057320914,0.5950621152047479
125.24275862068966,1870.0,77.55238723167928,0.5890288412697849
2.197241379310345,1890.0,40.70552991496192,1.3197044235164836
6.591724137931034,1890.0,41.62813078198168,1.2882837258852444
10.986206896551725,1890.0,41.91342965485873,1.2675851495584585
15.380689655172414,1890.0,41.90135590842477,1.2533033189468445
19.775172413793104,1890.0,42.87158595929798,1.2668366367731991
24.16965517241379,1890.0,43.43608095792551,1.2394427978942375
28.564137931034487,1890.0,44.340735375260316,1.2322832513236661
32.95862068965517,1890.0,44.37756873770721,1.2261799073273567
37.35310344827587,1890.0,45.07723947382636,1.21687345483212
41.74758620689655,1890.0,46.02937360388091,1.180418565211404
46.14206896551724,1890.0,47.17866838054779,1.1202603197196708
50.53655172413793,1890.0,49.55543157509249,1.0291201878972205
54.93103448275861,1890.0,50.81531261617991,0.9578822392694376
59.325517241379316,1890.0,51.52222933061421,0.8999428944575615
63.72,1890.0,53.40573986012626,0.852483204649665
68.11448275862068,1890.0,54.66026659374251,0.8074044887863193
72.50896551724139,1890.0,56.26405991101391,0.7703766241638568
76.90344827586208,1890.0,59.06632980894712,0.7370616068168347
81.29793103448276,1890.0,60.163964638171564,0.7076330339548695
85.69241379310344,1890.0,61.558749280977956,0.6826490311887804
90.08689655172414,1890.0,62.708022312039425,0.6644657147208622
94.48137931034482,1890.0,65.21360289311362,0.648520570798783
98.8758620689655,1890.0,66.67166645226315,0.6331135812564989
103.2703448275862,1890.0,69.14544422587468,0.6219417529069362
107.66482758620688,1890.0,70.55204033006653,0.6141073810322047
112.05931034482757,1890.0,72.53397224366866,0.6051492989299254
116.45379310344829,1890.0,73.57417167347892,0.6002523940574053
120.84827586206897,1890.0,74.85616081310252,0.5949236601871442
125.24275862068966,1890.0,76.29300750507456,0.5881150638909719
2.197241379310345,1910.0,40.1387041648229,1.3139108237573656
6.591724137931034,1910.0,41.46805317451556,1.2900142112603554
10.986206896551725,1910.0,41.75406723165954,1.2747168608250157
15.380689655172414,1910.0,41.65400252684399,1.2568995038244546
19.775172413793104,1910.0,42.48669549466199,1.2690985458021393
24.16965517241379,1910.0,43.503770954079094,1.2425405601305621
28.564137931034487,1910.0,43.14265399095085,1.2387617443213454
32.95862068965517,1910.0,44.27093377978438,1.2268346560521641
37.35310344827587,1910.0,44.862915567225876,1.2216124326844495
41.74758620689655,1910.0,45.11678039887522,1.1792498244270504
46.14206896551724,1910.0,45.967747991665824,1.1170682248880537
50.53655172413793,1910.0,49.08550865362342,1.0255188497276646
54.93103448275861,1910.0,50.701248960682996,0.9558865490197032
59.325517241379316,1910.0,50.9514443990257,0.8955481403199476
63.72,1910.0,53.16950868079324,0.847479182631133
68.11448275862068,1910.0,54.48371787452035,0.8052409215828208
72.50896551724139,1910.0,55.68133522924923,0.7659747149945549
76.90344827586208,1910.0,58.554316758612785,0.7330615697508185
81.29793103448276,1910.0,60.14807761305772,0.7078697446708465
85.69241379310344,1910.0,60.25091854155352,0.6814338928662347
90.08689655172414,1910.0,62.08574074060738,0.663525361351905
94.48137931034482,1910.0,64.1585228698003,0.646504079244983
98.8758620689655,1910.0,66.42709948211655,0.6324643264118484
103.2703448275862,1910.0,67.70578749253163,0.6210497570361844
107.66482758620688,1910.0,69.51782676851612,0.6123383429418207
112.05931034482757,1910.0,71.39023859693548,0.6071326594917753
116.45379310344829,1910.0,72.21055446929402,0.5983286408210902
120.84827586206897,1910.0,73.06297844882106,0.5939934036155609
125.24275862068966,1910.0,74.33633103501052,0.5881371206610743
2.197241379310345,1930.0,38.78787534766727,1.3352631950109017
6.591724137931034,1930.0,41.57809115366803,1.2921462895778508
10.986206896551725,1930.0,39.85196567133621,1.274206789270524
15.380689655172414,1930.0,41.33737474183241,1.2611014343266413
19.775172413793104,1930.0,41.73553529305335,1.279945611045474
24.16965517241379,1930.0,42.80890748354178,1.246252758475412
28.564137931034487,1930.0,42.61538061271939,1.2352435272550921
32.95862068965517,1930.0,43.310173500329256,1.22874682234632
37.35310344827587,1930.0,44.32159060935179,1.2228929827963022
41.74758620689655,1930.0,44.35845687807115,1.1787860520664148
46.14206896551724,1930.0,45.405917569358124,1.1136047103185256
50.53655172413793,1930.0,48.139200591760826,1.024039639285195
54.93103448275861,1930.0,49.06738165619126,0.9496200945090365
59.325517241379316,1930.0,50.53535535186529,0.8943274266394335
63.72,1930.0,52.60944040763525,0.8452671111910326
68.11448275862068,1930.0,53.836987502780964,0.8048392329790527
72.50896551724139,1930.0,54.58602653908982,0.7650664479099991
76.90344827586208,1930.0,56.96360767218802,0.7315328313597403
81.29793103448276,1930.0,58.626627511088394,0.7043615519192509
85.69241379310344,1930.0,59.19487851419023,0.6798216233965698
90.08689655172414,1930.0,61.621616564032166,0.6617396687530995
94.48137931034482,1930.0,62.39966923897229,0.6447184057128506
98.8758620689655,1930.0,64.93061595136284,0.6305661031874331
103.2703448275862,1930.0,66.24225294743738,0.6185421154421118
107.66482758620688,1930.0,67.38604411893878,0.6110445899781864
112.05931034482757,1930.0,69.38772025473591,0.6037541545522969
116.45379310344829,1930.0,70.82015175742133,0.5990889118606669
120.84827586206897,1930.0,72.09968668665566,0.5925407348150842
125.24275862068966,1930.0,72.90818258509454,0.5888685210300526
2.197241379310345,1950.0,40.17381507025824,1.3427564424310028
6.591724137931034,1950.0,41.07629319777091,1.3109455544214983
10.986206896551725,1950.0,39.57287596828407,1.2854503031974565
15.380689655172414,1950.0,40.330827937633906,1.2685386362967674
19.775172413793104,1950.0,41.287286981812905,1.2760445331105121
24.16965517241379,1950.0,41.522134036062255,1.2517270790491284
28.564137931034487,1950.0,42.502884854252144,1.2400456091544556
32.95862068965517,1950.0,42.10802388874193,1.232121711369936
37.35310344827587,1950.0,43.15973384247885,1.2235674964617251
41.74758620689655,1950.0,43.7617641267104,1.1810741961571367
46.14206896551724,1950.0,44.88376095903735,1.1100698895793684
50.53655172413793,1950.0,46.87482651647849,1.0199561291797594
54.93103448275861,1950.0,48.51916963609742,0.9509622693889671
59.325517241379316,1950.0,50.087017304574445,0.8920371711682387
63.72,1950.0,51.604311892279874,0.8441549630253298
68.11448275862068,1950.0,53.00220172723502,0.8021150390695102
72.50896551724139,1950.0,53.850201709560615,0.7623491454739979
76.90344827586208,1950.0,55.62375580006176,0.731595300862971
81.29793103448276,1950.0,57.06599055813707,0.7026062226376266
85.69241379310344,1950.0,58.86111418017443,0.6803464703747376
90.08689655172414,1950.0,60.29505351260135,0.6612147396417631
94.48137931034482,1950.0,60.85025309895475,0.6452769471384282
98.8758620689655,1950.0,62.996185159262936,0.6313810532470564
103.2703448275862,1950.0,65.15656084182953,0.6215016480633783
107.66482758620688,1950.0,66.06998720085711,0.613432071845507
112.05931034482757,1950.0,68.54386378473505,0.605633207754447
116.45379310344829,1950.0,69.96221032319245,0.599312877631244
120.84827586206897,1950.0,70.64439259411074,0.5955928410605892
125.24275862068966,1950.0,71.29827094493608,0.589433437577371
2.197241379310345,1970.0,40.290628245141775,1.348537791920247
6.591724137931034,1970.0,39.38332572993305,1.315961806361492
10.986206896551725,1970.0,39.43625572047852,1.2931810857788208
15.380689655172414,1970.0,39.77110342736598,1.271754108754409
19.775172413793104,1970.0,40.163082230294876,1.2854100748849293
24.16965517241379,1970.0,40.8668195829978,1.2508948298812914
28.564137931034487,1970.0,42.0111179985106,1.2447002254307376
32.95862068965517,1970.0,42.051843589792654,1.2372124126106783
37.35310344827587,1970.0,42.32764207671086,1.226139847651673
41.74758620689655,1970.0,43.587334185456626,1.1755231921527722
46.14206896551724,1970.0,44.27875655762151,1.105599957904161
50.53655172413793,1970.0,46.21740796550726,1.0172154907534716
54.93103448275861,1970.0,47.63800642396387,0.9466808390976102
59.325517241379316,1970.0,48.5694520390696,0.8873444672040988
63.72,1970.0,50.25382982387586,0.8422190464126181
68.11448275862068,1970.0,52.10649298435008,0.7988393231183181
72.50896551724139,1970.0,53.36236531937878,0.7618840252864013
76.90344827586208,1970.0,54.729303363876205,0.7304661252305039
81.29793103448276,1970.0,56.54162021262058,0.7013199275344592
85.69241379310344,1970.0,58.15476394577879,0.678610163228807
90.08689655172414,1970.0,58.84007460311427,0.6604161504034588
94.48137931034482,1970.0,60.267512091745935,0.6453730296862075
98.8758620689655,1970.0,62.529580181607834,0.630096197804591
103.2703448275862,1970.0,63.833621369113054,0.6179876364767551
107.66482758620688,1970.0,65.41217877404671,0.6121521156798005
112.05931034482757,1970.0,67.55673674090141,0.6031952613888822
116.45379310344829,1970.0,68.49346440771112,0.5982170246663641
120.84827586206897,1970.0,69.86488002295198,0.5934697042116552
125.24275862068966,1970.0,69.86026370483968,0.5894144636919512
2.197241379310345,1990.0,39.21386088795133,1.3565197280571286
6.591724137931034,1990.0,38.55583920660946,1.3222280351015239
10.986206896551725,1990.0,39.476994262249384,1.2939252828672734
15.380689655172414,1990.0,39.35147723058859,1.2779544459883554
19.775172413793104,1990.0,39.36636867889991,1.2831352802213598
24.16965517241379,1990.0,40.50276049380265,1.2573640781666051
28.564137931034487,1990.0,41.518988321017886,1.240569694639311
32.95862068965517,1990.0,41.75864606185092,1.2342141870755625
37.35310344827587,1990.0,42.05242737481991,1.2264186049751826
41.74758620689655,1990.0,43.48997810546659,1.1708944154134229
46.14206896551724,1990.0,44.205066674030746,1.101453815053429
50.53655172413793,1990.0,45.66832265614445,1.0123019221242473
54.93103448275861,1990.0,46.59770370982454,0.9425852977567248
59.325517241379316,1990.0,47.95834648102108,0.8871719699765501
63.72,1990.0,49.433309455252726,0.8402695666017661
68.11448275862068,1990.0,51.286769286993845,0.7986372527759041
72.50896551724139,1990.0,52.377630991910486,0.759596463608891
76.90344827586208,1990.0,53.722316611640984,0.7266531590565813
81.29793103448276,1990.0,55.29218286434234,0.70055391992949
85.69241379310344,1990.0,56.636815382806574,0.6768613198674968
90.08689655172414,1990.0,58.24184912132298,0.6586116674299864
94.48137931034482,1990.0,59.82086857355067,0.6419781595548292
98.8758620689655,1990.0,61.75586311990379,0.6301123660858758
103.2703448275862,1990.0,62.98086588977584,0.6190403988338591
107.66482758620688,1990.0,64.23057803094844,0.6124416548569088
112.05931034482757,1990.0,66.49654312903432,0.6045834971431693
116.45379310344829,1990.0,67.09302299558013,0.5967551436278458
120.84827586206897,1990.0,68.77586832019239,0.5942650406269425
125.24275862068966,1990.0,68.9536689100787,0.5887859114728995
2.197241379310345,2010.0,38.762353179189894,1.3557689681565022
6.591724137931034,2010.0,38.60728372053968,1.3310859402784934
10.986206896551725,2010.0,39.27247028935839,1.297282313146899
15.380689655172414,2010.0,38.530122710046946,1.2811342837971027
19.775172413793104,2010.0,39.14885239239432,1.2822288519083547
24.16965517241379,2010.0,40.274450628766935,1.2576040860359408
28.564137931034487,2010.0,40.69257898442447,1.246918424778679
32.95862068965517,2010.0,41.03890588341488,1.2361194123718915
37.35310344827587,2010.0,41.89984973884291,1.2256452903202368
41.74758620689655,2010.0,42.77832467612038,1.175702165910054
46.14206896551724,2010.0,44.02155477789223,1.0988013778494152
50.53655172413793,2010.0,44.689144004486565,1.009703095545882
54.93103448275861,2010.0,46.376922203862115,0.9411896330752858
59.325517241379316,2010.0,47.80696255527436,0.883930719211156
63.72,2010.0,49.03840965050974,0.8386747986433899
68.11448275862068,2010.0,50.69541074271187,0.7950901709381675
72.50896551724139,2010.0,52.111556131294165,0.7593864580624127
76.90344827586208,2010.0,53.281609817759865,0.7264676514246368
81.29793103448276,2010.0,54.48857202312509,0.6987551750037968
85.69241379310344,2010.0,55.26479721616432,0.6775274184704604
90.08689655172414,2010.0,57.72026428039653,0.6571747213581263
94.48137931034482,2010.0,58.74785627288714,0.6407633507604326
98.8758620689655,2010.0,59.938034704098335,0.6280570447361795
103.2703448275862,2010.0,61.586191946492775,0.6178032448013604
107.66482758620688,2010.0,63.30290481042817,0.6102639433381046
112.05931034482757,2010.0,65.23763188328405,0.602755677979861
116.45379310344829,2010.0,66.15234431359502,0.5984521170787198
120.84827586206897,2010.0,67.35353298236926,0.591805049925295
125.24275862068966,2010.0,67.45665850665314,0.5880627466753935
2.197241379310345,2030.0,37.20182206895616,1.3773133896164975
6.591724137931034,2030.0,37.22079589217901,1.3321592663343136
10.986206896551725,2030.0,37.81013945021011,1.293611926417197
15.380689655172414,2030.0,37.72480637938888,1.2854323071275606
19.775172413793104,2030.0,38.38420417191635,1.2851004690536993
24.16965517241379,2030.0,39.772685857282745,1.2595144655211132
28.564137931034487,2030.0,39.54267850994236,1.2452521412823594
32.95862068965517,2030.0,40.28834773331053,1.2387667770450863
37.35310344827587,2030.0,40.98845358954536,1.2216526779035728
41.74758620689655,2030.0,41.64785282377504,1.1694664320683992
46.14206896551724,2030.0,42.777670037033204,1.0950789370477447
50.53655172413793,2030.0,43.795894409092064,1.0049781701693186
54.93103448275861,2030.0,45.54385415328446,0.9355523073838816
59.325517241379316,2030.0,47.19600030831579,0.8822525137073391
63.72,2030.0,48.12245969299549,0.834748793153319
68.11448275862068,2030.0,49.592732358034006,0.7941105179296493
72.50896551724139,2030.0,51.313223412979845,0.7559142204750231
76.90344827586208,2030.0,52.3638382665813,0.7236685896296002
81.29793103448276,2030.0,53.816485942489855,0.6991256059400476
85.69241379310344,2030.0,54.62575944228737,0.6751389765132095
90.08689655172414,2030.0,56.69491847410224,0.657181627233984
94.48137931034482,2030.0,57.61326556504956,0.6427563127265881
98.8758620689655,2030.0,59.03898032257954,0.6292436291099078
103.2703448275862,2030.0,60.9264430011667,0.6178218433879732
107.66482758620688,2030.0,62.28375836498893,0.6095744052337242
112.05931034482757,2030.0,63.460375283804005,0.6032871370165865
116.45379310344829,2030.0,64.95140757991207,0.5986959034315052
120.84827586206897,2030.0,66.0005878221798,0.5929131613558402
125.24275862068966,2030.0,66.33607002145922,0.5889648391328154
2.197241379310345,2050.0,35.980967330932614,1.379946135531711
6.591724137931034,2050.0,36.45234243737326,1.341972034252607
10.986206896551725,2050.0,37.08357511957487,1.298822731878351
15.380689655172414,2050.0,36.794223550293175,1.2871283626085834
19.775172413793104,2050.0,37.84872155744806,1.2894356438749723
24.16965517241379,2050.0,39.0081586752619,1.264256247483632
28.564137931034487,2050.0,38.95761056078805,1.2495716884335235
32.95862068965517,2050.0,39.6828508314987,1.2452023913447883
37.35310344827587,2050.0,40.12112505667739,1.2222008108278997
41.74758620689655,2050.0,41.35275631945611,1.173273231647464
46.14206896551724,2050.0,41.97929184801049,1.0933160006323581
50.53655172413793,2050.0,43.13738510585748,1.0049471261914775
54.93103448275861,2050.0,45.57030572835689,0.9380022600017212
59.325517241379316,2050.0,46.84872385321391,0.8817031052489454
63.72,2050.0,47.53543439682252,0.8347833517437998
68.11448275862068,2050.0,48.74775925324655,0.7927465528557207
72.50896551724139,2050.0,50.21700508569285,0.7567829974461995
76.90344827586208,2050.0,51.38289765210616,0.7220547758508168
81.29793103448276,2050.0,52.99638455091179,0.6949428832474052
85.69241379310344,2050.0,54.27218138027019,0.6738483340333776
90.08689655172414,2050.0,55.56667820842358,0.6552804923333819
94.48137931034482,2050.0,56.705895640251654,0.6404397114632727
98.8758620689655,2050.0,58.361174819242756,0.628926581897703
103.2703448275862,2050.0,60.11008053893844,0.6165656324049109
107.66482758620688,2050.0,61.26150309913916,0.607549957461248
112.05931034482757,2050.0,62.53540396489679,0.602776221600593
116.45379310344829,2050.0,64.19315388809751,0.596547779785445
120.84827586206897,2050.0,64.6657108230139,0.591446020979945
125.24275862068966,2050.0,65.01054422938488,0.587535267573421
2.197241379310345,2070.0,35.03715862168206,1.380679017406399
6.591724137931034,2070.0,36.377189368837406,1.3401578336954116
10.986206896551725,2070.0,36.603947366277374,1.3105073112496584
15.380689655172414,2070.0,36.502497349624285,1.2948359605613653
19.775172413793104,2070.0,36.67511610393851,1.2898150235225643
24.16965517241379,2070.0,38.44214181933138,1.268673714406851
28.564137931034487,2070.0,38.15557071877023,1.2518929571283859
32.95862068965517,2070.0,38.890968897379935,1.2457535807523814
37.35310344827587,2070.0,39.37503880063693,1.2187878821807008
41.74758620689655,2070.0,40.634320724405285,1.1695932750556806
46.14206896551724,2070.0,41.50441727309654,1.0895008364136731
50.53655172413793,2070.0,42.460341808505554,1.0051768996675494
54.93103448275861,2070.0,44.415934415701045,0.9343104756126801
59.325517241379316,2070.0,45.26926693206446,0.8786170515133381
63.72,2070.0,46.56406010337818,0.8319945680711036
68.11448275862068,2070.0,47.35409338202006,0.7939681908885784
72.50896551724139,2070.0,48.79503977109515,0.75448093121361
76.90344827586208,2070.0,50.21890687139497,0.7224359355332975
81.29793103448276,2070.0,51.772062102593665,0.6943478220941767
85.69241379310344,2070.0,52.881109443407695,0.6734786501984108
90.08689655172414,2070.0,54.34161314638565,0.6563154134931103
94.48137931034482,2070.0,55.478995825149234,0.6413966797938375
98.8758620689655,2070.0,57.19542614517049,0.6280973430488704
103.2703448275862,2070.0,58.32604811512052,0.6173642751059324
107.66482758620688,2070.0,60.07965861677667,0.6099349293807353
112.05931034482757,2070.0,61.32304612956063,0.6023347710996731
116.45379310344829,2070.0,62.17596449686421,0.5980671808875718
120.84827586206897,2070.0,62.68324168888378,0.5935037725676711
125.24275862068966,2070.0,63.110534685508654,0.5892603390964182
2.197241379310345,2090.0,34.94332065847185,1.3769063754270305
6.591724137931034,2090.0,36.00378934873474,1.343020298389288
10.986206896551725,2090.0,36.012853890657425,1.3159603319959157
15.380689655172414,2090.0,35.97363144214506,1.2950945615377263
19.775172413793104,2090.0,36.344982070291145,1.298181541977461
24.16965517241379,2090.0,37.80491452699615,1.2661164355691241
28.564137931034487,2090.0,37.494050731261574,1.2541276733945148
32.95862068965517,2090.0,37.75402939619703,1.2530164591727717
37.35310344827587,2090.0,38.93251147038407,1.217339640511877
41.74758620689655,2090.0,39.62878746596667,1.1649985216326817
46.14206896551724,2090.0,40.73877549986553,1.0908433478645152
50.53655172413793,2090.0,41.95523076192436,1.0023716419434594
54.93103448275861,2090.0,43.006010601063345,0.9368461549282074
59.325517241379316,2090.0,43.89544293160239,0.8800989217860963
63.72,2090.0,45.09423833680742,0.8327685154162424
68.11448275862068,2090.0,46.10283095858715,0.7910777939622158
72.50896551724139,2090.0,47.54704964602435,0.7533892713725484
76.90344827586208,2090.0,49.573434175385366,0.7225173764582294
81.29793103448276,2090.0,50.93777371467887,0.6949223715970344
85.69241379310344,2090.0,51.90976423478645,0.6717272618547152
90.08689655172414,2090.0,53.48271582084719,0.6564797048510145
94.48137931034482,2090.0,54.51505259743759,0.6402051951417129
98.8758620689655,2090.0,56.271625616675266,0.627763731733841
103.2703448275862,2090.0,57.9133316052575,0.6174691635184902
107.66482758620688,2090.0,59.28201871333908,0.6091653759591716
112.05931034482757,2090.0,60.600126650698655,0.6031932320395207
116.45379310344829,2090.0,61.16721674838551,0.5970741617842878
120.84827586206897,2090.0,61.973516411641064,0.593208855684585
125.24275862068966,2090.0,61.68822530475963,0.5887581061659455
2.197241379310345,2110.0,36.07959742016262,1.3787700355389698
6.591724137931034,2110.0,36.04759966250923,1.3449119781072323
10.986206896551725,2110.0,35.421459154398356,1.3174770023965616
15.380689655172414,2110.0,35.393367925175916,1.2957384313268614
19.775172413793104,2110.0,36.43715936353064,1.2981482626292702
24.16965517241379,2110.0,36.73294302253496,1.2632814595679276
28.564137931034487,2110.0,37.09008115219574,1.2544272096817701
32.95862068965517,2110.0,37.36558838768138,1.2533244418663425
37.35310344827587,2110.0,38.40167780386077,1.2092676668067874
41.74758620689655,2110.0,38.86628471085658,1.1647198373828138
46.14206896551724,2110.0,40.30613852413292,1.0842175482714325
50.53655172413793,2110.0,41.537505839752335,0.9998792208760623
54.93103448275861,2110.0,42.740693270839685,0.9310588466210498
59.325517241379316,2110.0,43.7352663324111,0.8763356238779937
63.72,2110.0,44.41748696924359,0.8283257847422157
68.11448275862068,2110.0,45.6543208308242,0.7897253404141527
72.50896551724139,2110.0,46.95091107416721,0.7496039065194312
76.90344827586208,2110.0,48.88466064035892,0.7200297975348141
81.29793103448276,2110.0,50.44443609453917,0.6932291899172524
85.69241379310344,2110.0,51.55251055293613,0.6726562564671745
90.08689655172414,2110.0,52.65963128087472,0.6552035331634541
94.48137931034482,2110.0,53.935078374627565,0.6403614424639711
98.8758620689655,2110.0,55.56220778084209,0.6262374694816178
103.2703448275862,2110.0,57.04537768602844,0.6171566698660054
107.66482758620688,2110.0,58.52938122225219,0.6097403901556506
112.05931034482757,2110.0,59.69263159425974,0.6009810520546739
116.45379310344829,2110.0,60.650256062216236,0.5980610810123814
120.84827586206897,2110.0,61.74219823765014,0.593652088188856
125.24275862068966,2110.0,60.897132152484524,0.5884065721863813
2.197241379310345,2130.0,34.39283288054996,1.3906374556870111
6.591724137931034,2130.0,35.56923790193267,1.3534785208793787
10.986206896551725,2130.0,34.593607517856135,1.3195021950429486
15.380689655172414,2130.0,34.84169213915313,1.3016924090420643
19.775172413793104,2130.0,35.9640176454161,1.2974905509622172
24.16965517241379,2130.0,36.19377406816634,1.2659555973813814
28.564137931034487,2130.0,36.54106765095558,1.2530927299447423
32.95862068965517,2130.0,37.289330840731665,1.25170210779778
37.35310344827587,2130.0,38.01424688978328,1.2125119276619218
41.74758620689655,2130.0,38.0507438271983,1.1632948815200053
46.14206896551724,2130.0,39.78385767977462,1.0765495771393838
50.53655172413793,2130.0,40.93569844349837,0.9974521311817197
54.93103448275861,2130.0,42.217702393677065,0.9283686865535047
59.325517241379316,2130.0,43.12057539437794,0.8729466677896067
63.72,2130.0,44.408666998975804,0.8277447362124398
68.11448275862068,2130.0,45.34860860022866,0.7865273853106453
72.50896551724139,2130.0,46.43595775212875,0.7489838378817382
76.90344827586208,2130.0,47.86019708133406,0.7194814839737733
81.29793103448276,2130.0,49.24042761304241,0.6921452792224808
85.69241379310344,2130.0,50.75385082646269,0.6723748917528097
90.08689655172414,2130.0,51.85385759468793,0.655128294311055
94.48137931034482,2130.0,53.15808593830655,0.6394418464650498
98.8758620689655,2130.0,54.968277051089665,0.6257593032637607
103.2703448275862,2130.0,55.400868389105035,0.6149806290149805
107.66482758620688,2130.0,56.84064148920249,0.6088046451516377
112.05931034482757,2130.0,58.22573034555623,0.6018207802593168
116.45379310344829,2130.0,59.075912634366084,0.5974247847989883
120.84827586206897,2130.0,60.430000250440784,0.5933687745415945
125.24275862068966,2130.0,60.075998069149335,0.5885779224124654
2.197241379310345,2150.0,31.779163903660248,1.3991168670061618
6.591724137931034,2150.0,34.45945158600807,1.3607320370582434
10.986206896551725,2150.0,33.951960527786504,1.315217250640491
15.380689655172414,2150.0,34.6240749883431,1.3046850416873497
19.775172413793104,2150.0,34.89364735209024,1.2989817964327661
24.16965517241379,2150.0,35.8941259802807,1.2688139101349507
28.564137931034487,2150.0,35.97795996525222,1.258858466338942
32.95862068965517,2150.0,36.6348711354658,1.254231020015605
37.35310344827587,2150.0,37.59700512405899,1.2129646391896238
41.74758620689655,2150.0,38.101473180529396,1.162514615806181
46.14206896551724,2150.0,39.31485743081977,1.0759220900162396
50.53655172413793,2150.0,40.45035973280414,0.9965707967315502
54.93103448275861,2150.0,41.65525255151974,0.9239416950968681
59.325517241379316,2150.0,42.52132678269926,0.8715701864013607
63.72,2150.0,43.75461703327335,0.8249664116138111
68.11448275862068,2150.0,44.60142910416111,0.7854097024781262
72.50896551724139,2150.0,45.934566966282624,0.749376214750536
76.90344827586208,2150.0,47.02500235761205,0.7182844056748466
81.29793103448276,2150.0,47.967600309618426,0.69220505994977
85.69241379310344,2150.0,49.38796807508826,0.6723574093273749
90.08689655172414,2150.0,51.17360238997844,0.6529706976366463
94.48137931034482,2150.0,52.167266260655154,0.6376583661676666
98.8758620689655,2150.0,53.851947814799274,0.6258652458689034
103.2703448275862,2150.0,54.342387966516,0.6147488322652636
107.66482758620688,2150.0,55.38745242345835,0.6093251339530956
112.05931034482757,2150.0,56.69403337734918,0.6032533118324312
116.45379310344829,2150.0,57.32747736004767,0.5980881424114507
120.84827586206897,2150.0,58.979539728973045,0.593860598875951
125.24275862068966,2150.0,58.77890788308448,0.5894010517706932
2.197241379310345,2170.0,32.129379468493994,1.4247727286344194
6.591724137931034,2170.0,34.604413367807865,1.3713233784987375
10.986206896551725,2170.0,34.63704530177293,1.3270522972680456
15.380689655172414,2170.0,34.894548794185674,1.3175760072312857
19.775172413793104,2170.0,34.91371108578821,1.3067880942804915
24.16965517241379,2170.0,35.59437492832778,1.2687225336788082
28.564137931034487,2170.0,36.17025648657646,1.2576801991536817
32.95862068965517,2170.0,36.81825704738084,1.2529123927966037
37.35310344827587,2170.0,37.33096834984091,1.2176865185742816
41.74758620689655,2170.0,38.42493760356536,1.164638737920505
46.14206896551724,2170.0,39.6511755930817,1.0734656367912494
50.53655172413793,2170.0,40.418870614125176,0.9924879462233646
54.93103448275861,2170.0,41.62428617285145,0.924004614504951
59.325517241379316,2170.0,42.40743282333844,0.8707908836342174
63.72,2170.0,43.35821300735812,0.8257004962663567
68.11448275862068,2170.0,44.54967725690868,0.7838437953852694
72.50896551724139,2170.0,45.47780990245796,0.7480965840043461
76.90344827586208,2170.0,47.168028774112464,0.7172779649456891
81.29793103448276,2170.0,48.21260137496075,0.687457484127156
85.69241379310344,2170.0,48.88280270345833,0.6684467460456971
90.08689655172414,2170.0,51.201739958624714,0.6521268728798092
94.48137931034482,2170.0,52.427815735576644,0.6370809006183638
98.8758620689655,2170.0,53.784020476361626,0.6252034672745646
103.2703448275862,2170.0,54.8292933957326,0.6157752791680505
107.66482758620688,2170.0,55.87170772739755,0.607420552976078
112.05931034482757,2170.0,57.19755237552052,0.6023266222176239
116.45379310344829,2170.0,57.441652564649225,0.5970176605827547
120.84827586206897,2170.0,58.72020554070185,0.5925947051950073
125.24275862068966,2170.0,58.582491003442556,0.5887284430902563
2.197241379310345,2190.0,32.9965166038937,1.406846684251128
6.591724137931034,2190.0,34.17131959564156,1.3710691190682924
10.986206896551725,2190.0,35.42709287228408,1.3228038965557027
15.380689655172414,2190.0,34.4956362252986,1.318310565462238
19.775172413793104,2190.0,35.411315609629334,1.2983929252067248
24.16965517241379,2190.0,35.67830920018374,1.2686511537357539
28.564137931034487,2190.0,36.37822092738416,1.251196210300732
32.95862068965517,2190.0,36.857733538995184,1.2460969252504777
37.35310344827587,2190.0,37.50463693307506,1.2088472153578387
41.74758620689655,2190.0,38.12121987253682,1.1591354124081175
46.14206896551724,2190.0,39.42952584838255,1.0655299276772854
50.53655172413793,2190.0,40.331966872653396,0.9843725967901968
54.93103448275861,2190.0,41.73646321946147,0.9144815860385144
59.325517241379316,2190.0,42.713088863529265,0.8631385231763754
63.72,2190.0,43.78135369570902,0.8161211062516119
68.11448275862068,2190.0,44.917504467621995,0.7768913336762542
72.50896551724139,2190.0,45.9818740444524,0.7387089464393792
76.90344827586208,2190.0,47.69794578701258,0.7099049220071036
81.29793103448276,2190.0,48.98770609109298,0.6833495206015388
85.69241379310344,2190.0,49.75423922393346,0.6629106722136527
90.08689655172414,2190.0,51.27611931982765,0.6449677469650837
94.48137931034482,2190.0,52.41405722510721,0.630071858139569
98.8758620689655,2190.0,54.14981869468068,0.6190573495584134
103.2703448275862,2190.0,54.83601150206393,0.609032888512741
107.66482758620688,2190.0,56.132206556554955,0.60268385188079
112.05931034482757,2190.0,57.87953319920233,0.5969370244247881
116.45379310344829,2190.0,58.24694224336633,0.5926225930613058
120.84827586206897,2190.0,58.847742800326905,0.5876774647768375
125.24275862068966,2190.0,58.622190102469176,0.5844767203846069
2.197241379310345,2210.0,33.77557593716515,1.4228219669417472
6.591724137931034,2210.0,33.15128569553296,1.3568901291260353
10.986206896551725,2210.0,34.52032015776192,1.3167386955929241
15.380689655172414,2210.0,33.78325119559412,1.3175820262220346
19.775172413793104,2210.0,34.142703607551056,1.3038498226440314
24.16965517241379,2210.0,34.64661825330011,1.264882718032899
28.564137931034487,2210.0,35.255336271805895,1.2520378840223723
32.95862068965517,2210.0,35.824785474894774,1.2501563290119897
37.35310344827587,2210.0,36.7373691972759,1.21233680408101
41.74758620689655,2210.0,37.250007482038605,1.1542801225185395
46.14206896551724,2210.0,38.0126833454666,1.0620143498104495
50.53655172413793,2210.0,39.82895373775918,0.9838822658648604
54.93103448275861,2210.0,41.14973293036544,0.9159828198866712
59.325517241379316,2210.0,42.19553980976343,0.8617497309097676
63.72,2210.0,43.161665627066,0.8181655475471166
68.11448275862068,2210.0,43.76276146565323,0.7760689095398391
72.50896551724139,2210.0,45.29878255772213,0.7382063319562042
76.90344827586208,2210.0,46.8283174412118,0.7084704298308067
81.29793103448276,2210.0,48.15411684579319,0.6801286520951704
85.69241379310344,2210.0,49.159631557870604,0.6623953900904664
90.08689655172414,2210.0,49.87457790288254,0.6439206707933507
94.48137931034482,2210.0,51.1347660165694,0.628938077145298
98.8758620689655,2210.0,52.92071377919016,0.6189593927213133
103.2703448275862,2210.0,53.41994563425107,0.6083192193732906
107.66482758620688,2210.0,54.684438014452944,0.6008179502084064
112.05931034482757,2210.0,56.06010285225581,0.5954692925533018
116.45379310344829,2210.0,56.8401935134221,0.5916327955145019
120.84827586206897,2210.0,57.42255724240947,0.5881789837400102
125.24275862068966,2210.0,57.276593611420445,0.5841659488638339
2.197241379310345,2230.0,33.80182273387909,1.4170172881271879
6.591724137931034,2230.0,32.92789274371333,1.3606753722979472
10.986206896551725,2230.0,33.58503695218652,1.3221953805141184
15.380689655172414,2230.0,33.53591248724195,1.320149072396912
19.775172413793104,2230.0,33.75259923973145,1.3035518048387584
24.16965517241379,2230.0,33.742505805714735,1.2651467430366188
28.564137931034487,2230.0,34.49112294821276,1.2483627148779841
32.95862068965517,2230.0,35.420408277668884,1.2443061695805975
37.35310344827587,2230.0,35.933379875620204,1.2075164413289405
41.74758620689655,2230.0,36.553716307394524,1.1518572903846975
46.14206896551724,2230.0,37.15880093042158,1.0558698287777668
50.53655172413793,2230.0,38.35137183085466,0.9786588164127391
54.93103448275861,2230.0,39.876866989131464,0.9096652801252074
59.325517241379316,2230.0,41.35238802960764,0.8601686919481192
63.72,2230.0,42.055024112540266,0.8136156775122516
68.11448275862068,2230.0,43.107747487079955,0.7731233285952774
72.50896551724139,2230.0,44.325532317792295,0.7382451016326359
76.90344827586208,2230.0,45.53390132445428,0.7061935275508964
81.29793103448276,2230.0,47.05765491529651,0.6829072137444164
85.69241379310344,2230.0,47.675692134073394,0.6600831900568793
90.08689655172414,2230.0,48.824205669416045,0.6435602029306072
94.48137931034482,2230.0,50.17090834517564,0.6302451207930705
98.8758620689655,2230.0,51.589216323044056,0.6177298336102803
103.2703448275862,2230.0,52.54060326859592,0.6102946869058427
107.66482758620688,2230.0,53.558110332066526,0.6019362234438708
112.05931034482757,2230.0,54.57985806399925,0.5966685134091528
116.45379310344829,2230.0,55.20719977915287,0.593311659792459
120.84827586206897,2230.0,56.15580648763312,0.5886457861279664
125.24275862068966,2230.0,56.03651887835501,0.5849715766390454
2.197241379310345,2250.0,33.09533718956841,1.4152998311371454
6.591724137931034,2250.0,32.54466459982925,1.3693078231353026
10.986206896551725,2250.0,32.78680237631003,1.3252333369672573
15.380689655172414,2250.0,33.19093837064725,1.3272032968301342
19.775172413793104,2250.0,33.755472037272575,1.3015704612626637
24.16965517241379,2250.0,33.98764360589641,1.267467057285439
28.564137931034487,2250.0,34.37181090687712,1.2492415171586386
32.95862068965517,2250.0,35.38709124601964,1.2454923563487998
37.35310344827587,2250.0,35.245439014335474,1.2022766220659058
41.74758620689655,2250.0,36.21521187057862,1.1447766464694147
46.14206896551724,2250.0,36.95338516816115,1.0535007504565
50.53655172413793,2250.0,37.452488916169884,0.97470575313382
54.93103448275861,2250.0,39.260107202021445,0.9114213939480208
59.325517241379316,2250.0,40.73623524585532,0.8576620842754488
63.72,2250.0,41.420260862021905,0.8141167778744048
68.11448275862068,2250.0,43.20888004383003,0.7725595702515338
72.50896551724139,2250.0,43.83976013666739,0.7343024528625529
76.90344827586208,2250.0,44.68780181416207,0.7062934631534425
81.29793103448276,2250.0,46.185449778313796,0.6801111373960862
85.69241379310344,2250.0,46.677689894385956,0.6608659599982731
90.08689655172414,2250.0,48.04748597558664,0.6446083339481364
94.48137931034482,2250.0,49.49712036644655,0.6289071471288769
98.8758620689655,2250.0,50.525950494102936,0.6180101914924492
103.2703448275862,2250.0,51.75219465632524,0.6081081910695548
107.66482758620688,2250.0,52.754193113795644,0.6031441743764461
112.05931034482757,2250.0,54.247676552094596,0.5957261040773058
116.45379310344829,2250.0,54.698658007272975,0.5939364464723724
120.84827586206897,2250.0,55.4662985569901,0.5877340883452657
125.24275862068966,2250.0,55.62490686624207,0.5837776309327922
2.197241379310345,2270.0,32.7666478700108,1.44243076830934
6.591724137931034,2270.0,31.55632039076752,1.373852201608511
10.986206896551725,2270.0,31.871066065850084,1.3262768889077798
15.380689655172414,2270.0,32.6820631855064,1.3240747537212278
19.775172413793104,2270.0,32.898535290334976,1.3062676959500787
24.16965517241379,2270.0,33.505732837177455,1.267639579173146
28.564137931034487,2270.0,33.76266509687735,1.2511036500572947
32.95862068965517,2270.0,34.42081261809088,1.2425878252522222
37.35310344827587,2270.0,34.61764891859558,1.2008413068269155
41.74758620689655,2270.0,35.609475759741585,1.1455775531735766
46.14206896551724,2270.0,36.47139004369577,1.049628131322365
50.53655172413793,2270.0,37.1509451952755,0.9736869853770309
54.93103448275861,2270.0,38.90049668249264,0.9074631832126114
59.325517241379316,2270.0,39.68180724657658,0.8550681580150924
63.72,2270.0,40.52228216481981,0.8109855885389976
68.11448275862068,2270.0,42.00796491960869,0.7718413336011708
72.50896551724139,2270.0,42.713367706095724,0.7331101070825264
76.90344827586208,2270.0,44.260525105314116,0.7031526219719417
81.29793103448276,2270.0,45.13913144459183,0.6780323033862031
85.69241379310344,2270.0,46.399079550075655,0.6603828606491476
90.08689655172414,2270.0,47.164947967950994,0.6432240636512795
94.48137931034482,2270.0,48.71228538412187,0.6268119109670853
98.8758620689655,2270.0,49.67836323354998,0.6158775304034201
103.2703448275862,2270.0,50.71170102042102,0.6080430725755409
107.66482758620688,2270.0,52.15950854899098,0.5997791692217841
112.05931034482757,2270.0,53.37621061809938,0.595347666389802
116.45379310344829,2270.0,54.238708946881474,0.5925332192296195
120.84827586206897,2270.0,54.837569372716295,0.5887563983881753
125.24275862068966,2270.0,54.495990886146,0.5844264433833273
2.197241379310345,2290.0,33.52324261003071,1.429348584622313
6.591724137931034,2290.0,30.498447699679268,1.377868180320813
10.986206896551725,2290.0,32.57823614444998,1.3220134665889125
15.380689655172414,2290.0,32.669562835384305,1.3317572612330746
19.775172413793104,2290.0,32.54758614301681,1.3058434036310202
24.16965517241379,2290.0,32.60093479497092,1.2604467345072943
28.564137931034487,2290.0,33.122315947380336,1.2516866810950673
32.95862068965517,2290.0,33.784489461324284,1.246890345627294
37.35310344827587,2290.0,34.75615154322651,1.2012629541509674
41.74758620689655,2290.0,35.537188585497375,1.1440514150431846
46.14206896551724,2290.0,36.07096695791707,1.0461791730032557
50.53655172413793,2290.0,36.981622909124084,0.9718219199228899
54.93103448275861,2290.0,38.069066065613946,0.9062937810879063
59.325517241379316,2290.0,39.08889603376802,0.8551334658116481
63.72,2290.0,40.0110135887876,0.8090681013789742
68.11448275862068,2290.0,40.97465917679631,0.7695329820925292
72.50896551724139,2290.0,41.98855234367191,0.7324416653534219
76.90344827586208,2290.0,43.669823662936686,0.7062021249673776
81.29793103448276,2290.0,44.81417509719081,0.6776414754733361
85.69241379310344,2290.0,45.89161716243207,0.6601388373443089
90.08689655172414,2290.0,46.92459349405198,0.6436472346492108
94.48137931034482,2290.0,47.89729148947767,0.6273474104790221
98.8758620689655,2290.0,48.92202903024661,0.6186629996670913
103.2703448275862,2290.0,49.79443801679308,0.608976292822521
107.66482758620688,2290.0,51.519397080115894,0.6027068145945494
112.05931034482757,2290.0,52.38734305015316,0.5945948334267506
116.45379310344829,2290.0,53.25137328522074,0.5931357859350207
120.84827586206897,2290.0,54.01090453662514,0.5894541418877582
125.24275862068966,2290.0,53.275125785383004,0.5847309384878728
2.197241379310345,2310.0,32.7560085243649,1.429107526601371
6.591724137931034,2310.0,30.41993429760138,1.3805388384140456
10.986206896551725,2310.0,32.23588710526625,1.3273820621626717
15.380689655172414,2310.0,31.80879270864857,1.3381898766790454
19.775172413793104,2310.0,31.84213213915498,1.3028201094040504
24.16965517241379,2310.0,32.42605946768844,1.2702348744418441
28.564137931034487,2310.0,32.56480121509068,1.2454440236144548
32.95862068965517,2310.0,33.35065230106315,1.2414426571793027
37.35310344827587,2310.0,34.156469456189214,1.205416134483655
41.74758620689655,2310.0,34.8751601471096,1.1425082021151016
46.14206896551724,2310.0,35.497777120870914,1.0430504583745404
50.53655172413793,2310.0,36.544889036406815,0.9689649308151879
54.93103448275861,2310.0,37.55375877268425,0.9049000834839211
59.325517241379316,2310.0,38.28530267408739,0.8530945449135411
63.72,2310.0,39.41496422270566,0.8086914354216607
68.11448275862068,2310.0,40.741062451935846,0.7680362591255037
72.50896551724139,2310.0,41.091417515955904,0.7334983495681939
76.90344827586208,2310.0,42.6186143219471,0.704041628633613
81.29793103448276,2310.0,44.24703709982731,0.6746141540043823
85.69241379310344,2310.0,44.67573329712746,0.6573252900640405
90.08689655172414,2310.0,46.14740384050778,0.6412579213471336
94.48137931034482,2310.0,47.08287471952656,0.6275505764804764
98.8758620689655,2310.0,47.78624859057431,0.6154037020443117
103.2703448275862,2310.0,48.8737346154475,0.608705906144523
107.66482758620688,2310.0,50.268895846045794,0.6009161300132454
112.05931034482757,2310.0,51.728337297435566,0.5953231430026741
116.45379310344829,2310.0,52.256940624890504,0.5923047873695366
120.84827586206897,2310.0,52.76130320718906,0.589658835784448
125.24275862068966,2310.0,52.9040957223624,0.5855214964456416
2.197241379310345,2330.0,29.88827325503031,1.4438773050146587
6.591724137931034,2330.0,30.178080510762,1.3835715429140971
10.986206896551725,2330.0,30.606339752674103,1.331009344708535
15.380689655172414,2330.0,31.424553528428078,1.3342038042867932
19.775172413793104,2330.0,31.321906379654877,1.3074892330680146
24.16965517241379,2330.0,32.28081116588816,1.271563633556376
28.564137931034487,2330.0,32.13404428989937,1.2494494011675275
32.95862068965517,2330.0,32.636670507490635,1.24568170741937
37.35310344827587,2330.0,33.39169360647598,1.205044427992134
41.74758620689655,2330.0,34.10895085844219,1.1396968589611907
46.14206896551724,2330.0,35.03539141579571,1.0442314462950535
50.53655172413793,2330.0,36.207701817919045,0.9687760198422571
54.93103448275861,2330.0,37.24566724437113,0.9052492502524897
59.325517241379316,2330.0,37.798298723581766,0.8534002207213303
63.72,2330.0,38.75905726840834,0.8076095706475758
68.11448275862068,2330.0,40.267530644565454,0.7671412859515575
72.50896551724139,2330.0,40.40226001461978,0.7334114160538964
76.90344827586208,2330.0,41.80856083482504,0.7044115071671719
81.29793103448276,2330.0,43.16976732605897,0.677315018951746
85.69241379310344,2330.0,43.814913938946766,0.657314788355929
90.08689655172414,2330.0,45.020463218224016,0.6408401439846618
94.48137931034482,2330.0,46.260739719051685,0.6274657527092501
98.8758620689655,2330.0,47.11438566675553,0.6170009127260766
103.2703448275862,2330.0,47.859749808730115,0.6075244069128616
107.66482758620688,2330.0,49.42899630689758,0.6012723944917676
112.05931034482757,2330.0,50.836490190942285,0.595085557017526
116.45379310344829,2330.0,51.49780615794438,0.5907923192030093
120.84827586206897,2330.0,51.47054400095363,0.5890564504095095
125.24275862068966,2330.0,51.61045747462453,0.5858137735708738
2.197241379310345,2350.0,29.99767300552792,1.438306850228606
6.591724137931034,2350.0,29.982766051259304,1.3844001919031144
10.986206896551725,2350.0,31.028340150360705,1.330614297483374
15.380689655172414,2350.0,31.100694533299514,1.3396484980685484
19.775172413793104,2350.0,31.175540087824192,1.3071685964875017
24.16965517241379,2350.0,31.83647451869079,1.2721377560133194
28.564137931034487,2350.0,31.5722530145819,1.2527321558809619
32.95862068965517,2350.0,32.6093347546541,1.2444825584984625
37.35310344827587,2350.0,32.97106146696541,1.2047501960658082
41.74758620689655,2350.0,33.62650018758499,1.1385758725031099
46.14206896551724,2350.0,34.801317545848015,1.0395903523879504
50.53655172413793,2350.0,36.014489700524216,0.9684652887108062
54.93103448275861,2350.0,36.759492064675975,0.9027140139843579
59.325517241379316,2350.0,37.29838432837278,0.851769728395562
63.72,2350.0,38.320787432201115,0.8066274280716904
68.11448275862068,2350.0,39.54264136946496,0.7667398786195605
72.50896551724139,2350.0,40.297977806083736,0.73186314390436
76.90344827586208,2350.0,41.532765202969316,0.7014554875763838
81.29793103448276,2350.0,42.29454039922659,0.677126002381484
85.69241379310344,2350.0,43.18500951018886,0.6583072541908348
90.08689655172414,2350.0,44.251527565541984,0.6412335425482191
94.48137931034482,2350.0,45.42477044191152,0.6277345630641412
98.8758620689655,2350.0,46.81232193118741,0.6169637581919136
103.2703448275862,2350.0,47.42177355650161,0.609180810187198
107.66482758620688,2350.0,48.49324782221253,0.600783815044546
112.05931034482757,2350.0,49.8447192718184,0.5964714018569003
116.45379310344829,2350.0,50.78532250860223,0.5935256559694245
120.84827586206897,2350.0,50.52772677777445,0.5888273002062753
125.24275862068966,2350.0,50.5105367744238,0.584404094327492
2.197241379310345,2370.0,30.301122358110216,1.4477507327236026
6.591724137931034,2370.0,30.51066396302647,1.3798770136558092
10.986206896551725,2370.0,31.196261487625264,1.3369378153629567
15.380689655172414,2370.0,30.61788534124692,1.3483761216547623
19.775172413793104,2370.0,30.852861176443916,1.3127138434489367
24.16965517241379,2370.0,31.590481953488457,1.2727654307705014
28.564137931034487,2370.0,31.42147902006076,1.2545670516272844
32.95862068965517,2370.0,32.054697666938104,1.2477293791337283
37.35310344827587,2370.0,32.65096122721831,1.2065120946621017
41.74758620689655,2370.0,33.09658808706917,1.1352054004563827
46.14206896551724,2370.0,34.1349074662878,1.0383710787689264
50.53655172413793,2370.0,34.92206931942039,0.9699336194355969
54.93103448275861,2370.0,36.05349434426183,0.9024171787693545
59.325517241379316,2370.0,36.82904441934079,0.8508325527002524
63.72,2370.0,37.428914772415595,0.8080298446575231
68.11448275862068,2370.0,38.64712111049412,0.7655821107025962
72.50896551724139,2370.0,39.95230283741913,0.7302307127061739
76.90344827586208,2370.0,41.00609286493725,0.700720993112491
81.29793103448276,2370.0,41.602546239172774,0.6740412147175142
85.69241379310344,2370.0,42.72608020937673,0.6572402993137662
90.08689655172414,2370.0,43.7460017845609,0.6385844708578937
94.48137931034482,2370.0,44.579819077004984,0.6271170505444166
98.8758620689655,2370.0,45.84587994631794,0.6159581869999305
103.2703448275862,2370.0,46.45658420055867,0.6083884487452166
107.66482758620688,2370.0,48.00412313366073,0.5999705519584616
112.05931034482757,2370.0,48.7259544729183,0.5954498918516333
116.45379310344829,2370.0,49.547705225867254,0.5928289854129242
120.84827586206897,2370.0,50.054604956332376,0.5883543222370156
125.24275862068966,2370.0,49.87442909000028,0.5849470723109186
2.197241379310345,2390.0,29.831812567181053,1.4436370349873258
6.591724137931034,2390.0,29.939541093177265,1.3814471357143843
10.986206896551725,2390.0,29.776088803454684,1.3287288815744462
15.380689655172414,2390.0,30.313987397485306,1.3449407412999932
19.775172413793104,2390.0,31.01253713005119,1.3113846389016943
24.16965517241379,2390.0,31.13714856039437,1.274976949606623
28.564137931034487,2390.0,31.10681980268823,1.2506678541907197
32.95862068965517,2390.0,31.346091958590677,1.246662418735304
37.35310344827587,2390.0,32.246407218774166,1.2028590454781922
41.74758620689655,2390.0,32.737723055622006,1.1307773093886786
46.14206896551724,2390.0,33.63262488482854,1.0354712482343997
50.53655172413793,2390.0,34.26306546753288,0.9635175975856809
54.93103448275861,2390.0,35.330854516516446,0.8991774194908363
59.325517241379316,2390.0,36.589461964969004,0.8478122069512195
63.72,2390.0,36.891513666437,0.8046632288653602
68.11448275862068,2390.0,37.99484041733322,0.7644971355235831
72.50896551724139,2390.0,39.13930000806296,0.7310089297043432
76.90344827586208,2390.0,39.956849228094015,0.7011232133183254
81.29793103448276,2390.0,41.2793656790602,0.67554723352506
85.69241379310344,2390.0,42.126305261599846,0.6547672394001017
90.08689655172414,2390.0,43.40102377054102,0.6401301698186157
94.48137931034482,2390.0,44.22994627697127,0.6270150917779647
98.8758620689655,2390.0,44.898703154271985,0.6164434651407823
103.2703448275862,2390.0,45.50562817786658,0.607088197675788
107.66482758620688,2390.0,47.21062082765888,0.6005163761965029
112.05931034482757,2390.0,47.75073671787475,0.596021552120938
116.45379310344829,2390.0,48.56256205108431,0.5935070384856285
120.84827586206897,2390.0,49.57804701151022,0.5889633412233065
125.24275862068966,2390.0,48.786448555584585,0.5852013556928723
2.197241379310345,2410.0,28.75586405330234,1.4567000441632028
6.591724137931034,2410.0,29.31243107799027,1.3822681456804276
10.986206896551725,2410.0,28.772725863037284,1.3321851366950619
15.380689655172414,2410.0,28.986556846234535,1.3530426544718224
19.775172413793104,2410.0,29.83660301464236,1.3106917440140577
24.16965517241379,2410.0,30.445506894990565,1.2784953663016068
28.564137931034487,2410.0,30.349566234586142,1.25111002256667
32.95862068965517,2410.0,30.87577623811861,1.2410944166315876
37.35310344827587,2410.0,31.072422793342007,1.2100199117188568
41.74758620689655,2410.0,32.32074001883594,1.1284799345749528
46.14206896551724,2410.0,33.004235815224995,1.0382159464555767
50.53655172413793,2410.0,33.68509687317742,0.9597820889484505
54.93103448275861,2410.0,34.60523958092949,0.897364338501184
59.325517241379316,2410.0,35.45156728471112,0.8480367930834312
63.72,2410.0,36.524126385924994,0.8042789223228264
68.11448275862068,2410.0,37.22138323478493,0.7620435719685074
72.50896551724139,2410.0,38.12383810340096,0.7285850117286157
76.90344827586208,2410.0,38.74806833316883,0.699581080865186
81.29793103448276,2410.0,40.269624334530555,0.673751182606282
85.69241379310344,2410.0,40.67599223118618,0.6548446714701528
90.08689655172414,2410.0,41.96775541493411,0.6397154015628803
94.48137931034482,2410.0,43.3585723622569,0.6254071024240531
98.8758620689655,2410.0,44.12168358259986,0.6150025425036768
103.2703448275862,2410.0,44.76750376672736,0.6060980213669208
107.66482758620688,2410.0,45.694966429608996,0.5986858568511406
112.05931034482757,2410.0,46.91278829824443,0.5952269095742055
116.45379310344829,2410.0,47.69784722444084,0.5929929272941056
120.84827586206897,2410.0,48.74840094100416,0.5914345354178179
125.24275862068966,2410.0,48.02922227926966,0.5840368915926317
2.197241379310345,2430.0,28.576764660411413,1.4525851583750236
6.591724137931034,2430.0,28.963896083335083,1.3885340681442848
10.986206896551725,2430.0,28.44738147049038,1.3346512099290224
15.380689655172414,2430.0,28.30865081040948,1.3615234578374396
19.775172413793104,2430.0,29.26621707802654,1.3127968348844226
24.16965517241379,2430.0,29.73326427832482,1.27769722379431
28.564137931034487,2430.0,30.00534008909017,1.2494024603129703
32.95862068965517,2430.0,30.212891788118412,1.24393076884887
37.35310344827587,2430.0,30.664480410516262,1.2102858606255502
41.74758620689655,2430.0,31.846937344879166,1.1279957974846684
46.14206896551724,2430.0,32.474459713149784,1.0319213653230561
50.53655172413793,2430.0,33.31252639963586,0.9602563208624308
54.93103448275861,2430.0,34.20881874741833,0.8955400020987899
59.325517241379316,2430.0,34.80859616673034,0.8486399618075847
63.72,2430.0,36.0727959436215,0.8039725202838864
68.11448275862068,2430.0,36.68007567865246,0.7631118348638363
72.50896551724139,2430.0,37.67857383676464,0.7271315180884366
76.90344827586208,2430.0,38.37688066156374,0.7001280848727972
81.29793103448276,2430.0,39.715065771866826,0.6732584845667186
85.69241379310344,2430.0,40.29745642462934,0.6546629863963308
90.08689655172414,2430.0,40.837515839778916,0.639077229550909
94.48137931034482,2430.0,42.441499401475234,0.6267417780017955
98.8758620689655,2430.0,43.45118940118542,0.6153434204848193
103.2703448275862,2430.0,43.92340136414009,0.6062486209887482
107.66482758620688,2430.0,44.613080857642764,0.599405986962893
112.05931034482757,2430.0,46.24505442416025,0.5955957475763101
116.45379310344829,2430.0,46.89899620568311,0.594193392832594
120.84827586206897,2430.0,47.42870934877325,0.5888214066911203
125.24275862068966,2430.0,47.54686518029,0.5851605432614116
2.197241379310345,2450.0,29.398038548893396,1.4593637131028256
6.591724137931034,2450.0,27.56074915909105,1.3823489234997677
10.986206896551725,2450.0,28.003279522337294,1.3370116980669136
15.380689655172414,2450.0,27.9313587874726,1.3605715722927558
19.775172413793104,2450.0,28.91509989184192,1.3129225960306317
24.16965517241379,2450.0,28.937159653220856,1.2766503185159017
28.564137931034487,2450.0,29.766481663410865,1.2499463880834951
32.95862068965517,2450.0,29.652097254577612,1.2436489722772277
37.35310344827587,2450.0,30.52202327052752,1.2106019275581337
41.74758620689655,2450.0,30.886721481115387,1.1231646324627436
46.14206896551724,2450.0,32.22896423598385,1.029057277086298
50.53655172413793,2450.0,32.87911832752901,0.9587126224496855
54.93103448275861,2450.0,33.678750584416065,0.8963952053890184
59.325517241379316,2450.0,34.554567597444276,0.8454231512138426
63.72,2450.0,35.46025412998818,0.8007715607836973
68.11448275862068,2450.0,36.35462548638936,0.7631161496888739
72.50896551724139,2450.0,37.23244118560402,0.7262487317822739
76.90344827586208,2450.0,38.36079619303346,0.698627315878006
81.29793103448276,2450.0,39.393107048807224,0.6722150735570851
85.69241379310344,2450.0,40.01951386200057,0.652142817384047
90.08689655172414,2450.0,40.60929019644417,0.6384625199502038
94.48137931034482,2450.0,41.91750649522458,0.6241507430459179
98.8758620689655,2450.0,42.80563852362908,0.615770541879577
103.2703448275862,2450.0,43.49350210616276,0.6059752046645972
107.66482758620688,2450.0,44.282877866906695,0.5982185208257366
112.05931034482757,2450.0,45.68793031357555,0.5957452249978732
116.45379310344829,2450.0,46.35637641736755,0.5930807313064597
120.84827586206897,2450.0,46.64968839453326,0.5885930719620308
125.24275862068966,2450.0,46.66904308905619,0.5841701041759028
2.197241379310345,2470.0,28.332882144716052,1.4600960965883933
6.591724137931034,2470.0,27.040265047301848,1.3818515887627234
10.986206896551725,2470.0,27.4128673631284,1.3383104725642139
15.380689655172414,2470.0,27.530279639418477,1.362633198794752
19.775172413793104,2470.0,28.065174983097958,1.3159037131056077
24.16965517241379,2470.0,28.276483935259638,1.2787549225222163
28.564137931034487,2470.0,28.930753427247204,1.2482617586110032
32.95862068965517,2470.0,29.066398587595256,1.2409750466564309
37.35310344827587,2470.0,29.63052719690733,1.208837669084568
41.74758620689655,2470.0,30.381100935813713,1.1196199091156918
46.14206896551724,2470.0,31.506025654446873,1.0289740363976596
50.53655172413793,2470.0,32.30573254409763,0.9547018359153874
54.93103448275861,2470.0,32.98558672867368,0.8922369461644579
59.325517241379316,2470.0,33.775009194802905,0.8438057286423943
63.72,2470.0,34.65293213085812,0.8010779971771043
68.11448275862068,2470.0,35.461492867013554,0.761920283099001
72.50896551724139,2470.0,36.65669506622685,0.7241763923840496
76.90344827586208,2470.0,37.52648138503234,0.6960000624337689
81.29793103448276,2470.0,38.098277648505956,0.6724528145832334
85.69241379310344,2470.0,38.84371562352503,0.6543529583185346
90.08689655172414,2470.0,39.869298020525584,0.638072705677373
94.48137931034482,2470.0,40.8188958589638,0.6249959090648806
98.8758620689655,2470.0,41.771026604960106,0.6141293607123242
103.2703448275862,2470.0,42.69462473317981,0.6058118788636746
107.66482758620688,2470.0,43.85711730502803,0.5998277047188803
112.05931034482757,2470.0,44.56593073242241,0.5943974066475128
116.45379310344829,2470.0,45.32593913701949,0.5923263579896291
120.84827586206897,2470.0,45.88169139852516,0.5882180709964954
125.24275862068966,2470.0,45.562866693155634,0.5850334655816779
2.197241379310345,2490.0,27.216416748364765,1.4488904893735035
6.591724137931034,2490.0,27.164681312524614,1.3863959420185823
10.986206896551725,2490.0,27.121262349464274,1.3438694141976844
15.380689655172414,2490.0,27.674960473897283,1.3685031407343673
19.775172413793104,2490.0,27.810969282928696,1.313348800394337
24.16965517241379,2490.0,28.18031321690669,1.2716312457909102
28.564137931034487,2490.0,28.21685571544286,1.2522243038481549
32.95862068965517,2490.0,29.37754039642298,1.242473826963819
37.35310344827587,2490.0,29.500477025657894,1.2035234182422516
41.74758620689655,2490.0,30.364353571182644,1.117419323440808
46.14206896551724,2490.0,31.053355778193367,1.0278815665834509
50.53655172413793,2490.0,32.053305197857384,0.9576299202742549
54.93103448275861,2490.0,32.66996392110983,0.8937382328979395
59.325517241379316,2490.0,33.012395125192896,0.8433519757887316
63.72,2490.0,34.372497858456626,0.7999111085347742
68.11448275862068,2490.0,35.107420760126395,0.7607748423350937
72.50896551724139,2490.0,36.13179676416059,0.726643705898598
76.90344827586208,2490.0,36.754207367781135,0.6958151464592384
81.29793103448276,2490.0,37.45487806017417,0.6715807083326214
85.69241379310344,2490.0,38.39286484428938,0.653955850392686
90.08689655172414,2490.0,39.265091456929035,0.6400981354420575
94.48137931034482,2490.0,40.01941388138821,0.6252100878341295
98.8758620689655,2490.0,41.1143175866614,0.6145333143604756
103.2703448275862,2490.0,42.05855353696951,0.6072573598244398
107.66482758620688,2490.0,43.07874199925026,0.6007251184518958
112.05931034482757,2490.0,43.64722593264146,0.5951007197143265
116.45379310344829,2490.0,44.55189169970927,0.5932388919388765
120.84827586206897,2490.0,44.97859654870201,0.5887542088301136
125.24275862068966,2490.0,44.88542853999469,0.5851260981728705
2.197241379310345,2510.0,26.531298298305934,1.4600377372429196
6.591724137931034,2510.0,26.955967600974773,1.3906775279687
10.986206896551725,2510.0,27.014922244129355,1.341405774453818
15.380689655172414,2510.0,27.27010448139023,1.3624086154766208
19.775172413793104,2510.0,27.486226907143227,1.3093409960155824
24.16965517241379,2510.0,28.099577260395836,1.269939082572941
28.564137931034487,2510.0,27.73104063504272,1.248292013632256
32.95862068965517,2510.0,29.368833570741117,1.2391219001427813
37.35310344827587,2510.0,29.629370843287973,1.2005169079785132
41.74758620689655,2510.0,29.830872089689617,1.112054586019089
46.14206896551724,2510.0,30.74409718327543,1.021180165074436
50.53655172413793,2510.0,31.59538806242566,0.9542518789648068
54.93103448275861,2510.0,32.46749259600929,0.8905357082546861
59.325517241379316,2510.0,32.52401146856654,0.8412486805138907
63.72,2510.0,34.03219811986258,0.7965614720052827
68.11448275862068,2510.0,34.90764759651121,0.7586307982772084
72.50896551724139,2510.0,35.26612698251293,0.7224241093485014
76.90344827586208,2510.0,36.03560435473919,0.6962105980844657
81.29793103448276,2510.0,37.19247617558149,0.670084222347848
85.69241379310344,2510.0,37.74732206308323,0.6531065029767452
90.08689655172414,2510.0,38.727221340143764,0.6376758612277337
94.48137931034482,2510.0,39.671024229880125,0.6251797328126762
98.8758620689655,2510.0,40.43249133324776,0.6149499259065482
103.2703448275862,2510.0,41.503051164190445,0.6072092618972034
107.66482758620688,2510.0,42.363715293963516,0.6013073652272801
112.05931034482757,2510.0,43.166282533746376,0.5962901453222085
116.45379310344829,2510.0,44.00857420155296,0.5933271477945515
120.84827586206897,2510.0,44.359604944615,0.5885142078093661
125.24275862068966,2510.0,44.173906059832206,0.584850883560024
2.197241379310345,2530.0,26.329434816042586,1.4597872596676067
6.591724137931034,2530.0,26.68083568496837,1.3966081330409417
10.986206896551725,2530.0,27.031442908225234,1.3443714650819927
15.380689655172414,2530.0,26.74586283305177,1.3678907150084278
19.775172413793104,2530.0,26.613738904524055,1.3095411720218826
24.16965517241379,2530.0,27.47457594601881,1.2736589786823558
28.564137931034487,2530.0,27.32647238371687,1.2507016435397877
32.95862068965517,2530.0,28.633433814160526,1.239883903610974
37.35310344827587,2530.0,28.94266832628184,1.2007116764448316
41.74758620689655,2530.0,29.42151509823962,1.109832079410553
46.14206896551724,2530.0,30.064336061796062,1.0227437426492703
50.53655172413793,2530.0,31.216519122959202,0.9528048845089
54.93103448275861,2530.0,31.720786742198428,0.891329605339302
59.325517241379316,2530.0,32.43972184752218,0.8429457454840611
63.72,2530.0,33.33240765668912,0.7966372385538089
68.11448275862068,2530.0,34.079094748346165,0.7560824481063497
72.50896551724139,2530.0,34.949031425373896,0.7212731258966992
76.90344827586208,2530.0,35.5157178543922,0.6941042147836428
81.29793103448276,2530.0,36.60150671329187,0.6692550323641895
85.69241379310344,2530.0,37.140659073916616,0.6507284758277061
90.08689655172414,2530.0,38.18879099869404,0.6360273877213881
94.48137931034482,2530.0,39.285323122989325,0.6227350527464514
98.8758620689655,2530.0,39.82388914955987,0.6132322822567113
103.2703448275862,2530.0,40.61500430450079,0.6061130099502062
107.66482758620688,2530.0,41.40719412969447,0.6006032976555468
112.05931034482757,2530.0,42.527058893181255,0.594840202730031
116.45379310344829,2530.0,43.09467504355642,0.5932873811370294
120.84827586206897,2530.0,43.69812785376325,0.5884179136993046
125.24275862068966,2530.0,43.03973719777746,0.5845438679446076
2.197241379310345,2550.0,25.896071322758996,1.4643894420505243
6.591724137931034,2550.0,26.318927662654055,1.3942364488656704
10.986206896551725,2550.0,26.297349278573638,1.3399460856815637
15.380689655172414,2550.0,26.491800852119923,1.368850798693427
19.775172413793104,2550.0,26.19883062212895,1.3115303535155145
24.16965517241379,2550.0,26.7812898898172,1.272998254433149
28.564137931034487,2550.0,27.495774537014462,1.2454290740708052
32.95862068965517,2550.0,28.25674842277335,1.2386778344257057
37.35310344827587,2550.0,28.177049359348086,1.1991396738741837
41.74758620689655,2550.0,28.94154377651011,1.108426683591537
46.14206896551724,2550.0,29.426426423347404,1.0207460984027228
50.53655172413793,2550.0,30.632828379989178,0.9519073847725458
54.93103448275861,2550.0,30.852353264407448,0.8891730059628133
59.325517241379316,2550.0,32.04836516594514,0.839473585027411
63.72,2550.0,32.65071506400443,0.794889303041339
68.11448275862068,2550.0,33.46804211826788,0.75467890978145
72.50896551724139,2550.0,34.27750997060033,0.7199160804679314
76.90344827586208,2550.0,35.16518829402825,0.6929316324409022
81.29793103448276,2550.0,35.8836972595413,0.6688710691628821
85.69241379310344,2550.0,36.81908492132086,0.6504293181646562
90.08689655172414,2550.0,37.745490806004085,0.6360637466159926
94.48137931034482,2550.0,38.421085562882205,0.6230960344373223
98.8758620689655,2550.0,39.01048442947432,0.6138587759554568
103.2703448275862,2550.0,39.74937942904967,0.6050434896319258
107.66482758620688,2550.0,40.563067047446395,0.5990239118566473
112.05931034482757,2550.0,41.61804996721874,0.5948691029893867
116.45379310344829,2550.0,42.37613028240977,0.5924751187857109
120.84827586206897,2550.0,42.50581526576109,0.588282288033453
125.24275862068966,2550.0,42.39897288392402,0.5850387089292837
2.197241379310345,2570.0,24.60446085664961,1.4689966662455414
6.591724137931034,2570.0,26.51425805108415,1.3924971390229004
10.986206896551725,2570.0,26.03361538107748,1.3420553553488948
15.380689655172414,2570.0,25.7386271710749,1.370446833027166
19.775172413793104,2570.0,26.646533215784626,1.3113629209154498
24.16965517241379,2570.0,26.311867050944812,1.2715013161176394
28.564137931034487,2570.0,27.165055119949912,1.2445912085883784
32.95862068965517,2570.0,27.474505407839185,1.237511825534286
37.35310344827587,2570.0,27.67285914296905,1.1989375264225033
41.74758620689655,2570.0,28.406969973865223,1.10539908250766
46.14206896551724,2570.0,29.15745634706611,1.018263590349033
50.53655172413793,2570.0,30.232661914940063,0.9504694875491702
54.93103448275861,2570.0,30.482632423921295,0.8875977509689552
59.325517241379316,2570.0,31.1919557503942,0.8395380518593631
63.72,2570.0,32.25859118981954,0.7937785165892676
68.11448275862068,2570.0,32.76513270523262,0.7581588858923846
72.50896551724139,2570.0,33.22008718818268,0.7217912904980368
76.90344827586208,2570.0,34.70742287143237,0.6946322890114894
81.29793103448276,2570.0,35.29186428568646,0.6701165816791984
85.69241379310344,2570.0,36.196360666574776,0.6506495441341005
90.08689655172414,2570.0,37.24582079792914,0.635165582341831
94.48137931034482,2570.0,37.758261708749664,0.6227504723890818
98.8758620689655,2570.0,38.13113555519117,0.6130479366252195
103.2703448275862,2570.0,39.25004299857195,0.6055053465476992
107.66482758620688,2570.0,40.00215929181412,0.6004498284875595
112.05931034482757,2570.0,40.848123356348744,0.5960395513785102
116.45379310344829,2570.0,41.853454848930795,0.5934796355330451
120.84827586206897,2570.0,41.71005608735521,0.588609120073451
125.24275862068966,2570.0,41.90222092371227,0.5834967804874769
2.197241379310345,2590.0,25.252074252234564,1.4769916904848175
6.591724137931034,2590.0,26.18008488168319,1.3949572230760867
10.986206896551725,2590.0,26.035142106590445,1.3413089968367107
15.380689655172414,2590.0,25.224189876682228,1.370665603093526
19.775172413793104,2590.0,26.187182567695263,1.3161374840237932
24.16965517241379,2590.0,26.451199317617075,1.273232611193627
28.564137931034487,2590.0,26.711544757398464,1.2444494842000795
32.95862068965517,2590.0,27.30510000925925,1.238320568025951
37.35310344827587,2590.0,27.421298559175604,1.1963672583827387
41.74758620689655,2590.0,28.53282409396946,1.1072954674579605
46.14206896551724,2590.0,28.78814829128165,1.014971879582885
50.53655172413793,2590.0,29.925018331179253,0.9469180941552278
54.93103448275861,2590.0,30.50951935933055,0.8870694050772323
59.325517241379316,2590.0,31.2446261132136,0.8387395884536225
63.72,2590.0,31.882597104864722,0.7938085876363749
68.11448275862068,2590.0,32.53911757018463,0.7549244703103184
72.50896551724139,2590.0,33.30974435975785,0.7210562149314041
76.90344827586208,2590.0,34.38712931668593,0.6905084513201281
81.29793103448276,2590.0,35.24939862199596,0.6657331664613273
85.69241379310344,2590.0,36.01882949395888,0.6499911172280167
90.08689655172414,2590.0,36.90308966779925,0.6357608860944117
94.48137931034482,2590.0,37.60594769842213,0.6236641090841888
98.8758620689655,2590.0,38.04658420218362,0.6129199088254517
103.2703448275862,2590.0,38.716310802374096,0.6048350521198216
107.66482758620688,2590.0,39.8741006761561,0.600598055791042
112.05931034482757,2590.0,40.78586910200942,0.5935986741837873
116.45379310344829,2590.0,41.24178066653787,0.5923117774958956
120.84827586206897,2590.0,41.75642062528851,0.5878199478829386
125.24275862068966,2590.0,41.526885365342935,0.584862677548126
2.197241379310345,2610.0,25.206607124540543,1.4688241023801814
6.591724137931034,2610.0,25.057166125625372,1.391027525296578
10.986206896551725,2610.0,25.20148175706466,1.336632155602978
15.380689655172414,2610.0,25.263051057303397,1.3724326733208487
19.775172413793104,2610.0,25.563736922211113,1.3108448221791602
24.16965517241379,2610.0,26.28411224756449,1.2661466004342592
28.564137931034487,2610.0,26.38791549795618,1.2466559787256044
32.95862068965517,2610.0,26.862521081335014,1.2366032388924462
37.35310344827587,2610.0,26.903050847434333,1.193207064132736
41.74758620689655,2610.0,27.957306191325188,1.1040531719798472
46.14206896551724,2610.0,28.289324219856,1.0167874914915425
50.53655172413793,2610.0,29.20616824676593,0.9491701016843084
54.93103448275861,2610.0,30.41581859201941,0.8865717569573058
59.325517241379316,2610.0,31.02098606661376,0.8362513690405948
63.72,2610.0,31.300567379658233,0.7944496238430815
68.11448275862068,2610.0,32.45277956739804,0.7542749110968919
72.50896551724139,2610.0,33.201962546815,0.7197784476697197
76.90344827586208,2610.0,33.88894987011121,0.6917785317597226
81.29793103448276,2610.0,34.747913441004386,0.6670124025135149
85.69241379310344,2610.0,35.341714059961014,0.6512800748702756
90.08689655172414,2610.0,36.25378360580695,0.636601863669191
94.48137931034482,2610.0,36.973044503184546,0.6238195047707833
98.8758620689655,2610.0,37.86209107540611,0.6129998034867505
103.2703448275862,2610.0,38.2621398194146,0.6054117909316101
107.66482758620688,2610.0,39.2290258286271,0.5985637052295254
112.05931034482757,2610.0,40.13259571803238,0.5946913067740283
116.45379310344829,2610.0,40.31893574543021,0.592093460885382
120.84827586206897,2610.0,41.19617497390197,0.5878079683647607
125.24275862068966,2610.0,40.91725546574323,0.5852637230074947
2.197241379310345,2630.0,24.90705700582928,1.478274036261995
6.591724137931034,2630.0,25.18537080205149,1.3931129746712172
10.986206896551725,2630.0,24.947705354403567,1.3380185688420925
15.380689655172414,2630.0,25.52134868061101,1.3734971319291458
19.775172413793104,2630.0,25.376060473103806,1.3122194608302802
24.16965517241379,2630.0,25.934093558835606,1.2630308619504715
28.564137931034487,2630.0,26.050214066584076,1.2428312333926004
32.95862068965517,2630.0,26.13418564324578,1.2319551979265695
37.35310344827587,2630.0,26.703985551413563,1.187210113338689
41.74758620689655,2630.0,27.31344139308501,1.0981385411255395
46.14206896551724,2630.0,27.830571776717647,1.0106902195355005
50.53655172413793,2630.0,28.76265132529104,0.945453494875563
54.93103448275861,2630.0,29.860064144950613,0.885560336391683
59.325517241379316,2630.0,29.97434146438415,0.8342507827589296
63.72,2630.0,30.876161613812048,0.7925558377445551
68.11448275862068,2630.0,31.95345399560936,0.7512148826018624
72.50896551724139,2630.0,32.20757506925751,0.7182598257740449
76.90344827586208,2630.0,33.226234302918115,0.6909213558936652
81.29793103448276,2630.0,34.090925628616326,0.6678874997705571
85.69241379310344,2630.0,34.48872007919107,0.6500647068288513
90.08689655172414,2630.0,35.344300553946,0.6351184400972676
94.48137931034482,2630.0,35.98619338760655,0.6227324638970404
98.8758620689655,2630.0,37.13813346703975,0.6126139492937506
103.2703448275862,2630.0,37.6973091915309,0.6052078449702754
107.66482758620688,2630.0,38.2655830323639,0.598997617240461
112.05931034482757,2630.0,39.28328171156673,0.5950480821108387
116.45379310344829,2630.0,39.51873333009857,0.5929735927803184
120.84827586206897,2630.0,40.2579791508615,0.5880173242535679
125.24275862068966,2630.0,39.93060691677965,0.5833631364533501
2.197241379310345,2650.0,25.815274226665498,1.4654228518911674
6.591724137931034,2650.0,24.894277232388653,1.3954047056344838
10.986206896551725,2650.0,24.48131860102768,1.3446851401559767
15.380689655172414,2650.0,25.106528403858345,1.3737666109214128
19.775172413793104,2650.0,25.236114323266552,1.3118550775933926
24.16965517241379,2650.0,25.77230335559164,1.2670760178202842
28.564137931034487,2650.0,25.624052135687734,1.2379108634818723
32.95862068965517,2650.0,26.057147334329784,1.2332288671864908
37.35310344827587,2650.0,26.5607084799144,1.1853680870664722
41.74758620689655,2650.0,27.10367263923598,1.0983200188181295
46.14206896551724,2650.0,27.626704776452648,1.0114266100314866
50.53655172413793,2650.0,28.473688590284603,0.9423755486698254
54.93103448275861,2650.0,28.903162604217886,0.8808991675713548
59.325517241379316,2650.0,29.36334456819006,0.8351776686293133
63.72,2650.0,30.398454144229124,0.7914863446921513
68.11448275862068,2650.0,31.35366536074399,0.7530163363193271
72.50896551724139,2650.0,31.38682922129593,0.7180154816051932
76.90344827586208,2650.0,32.64169761273596,0.6904463171909938
81.29793103448276,2650.0,33.63454970494273,0.6660891645028498
85.69241379310344,2650.0,34.220331573076,0.6498653364072055
90.08689655172414,2650.0,34.83981449138415,0.6356894615465606
94.48137931034482,2650.0,35.588098906601466,0.6238766830909112
98.8758620689655,2650.0,36.33489509130645,0.6094553115688884
103.2703448275862,2650.0,36.92049307878765,0.6050809541175345
107.66482758620688,2650.0,37.892086559614,0.599139772543474
112.05931034482757,2650.0,38.66961882807791,0.5954101079560783
116.45379310344829,2650.0,38.98394432575615,0.5936772081329197
120.84827586206897,2650.0,39.41670227284526,0.5877273176768701
125.24275862068966,2650.0,39.12200931037953,0.5833466532039672
2.197241379310345,2670.0,24.879718192418416,1.4663882161264366
6.591724137931034,2670.0,24.29555816658669,1.3930323355473004
10.986206896551725,2670.0,24.558073051273823,1.3448976109379447
15.380689655172414,2670.0,24.460264777695695,1.3699438451049943
19.775172413793104,2670.0,25.064774168734875,1.307897162752728
24.16965517241379,2670.0,25.48467789176438,1.26516540999673
28.564137931034487,2670.0,25.379095623166197,1.238627422395862
32.95862068965517,2670.0,25.621494261754883,1.2340428732727107
37.35310344827587,2670.0,26.137501096311542,1.1894681421381714
41.74758620689655,2670.0,26.892691020145374,1.0958124749696077
46.14206896551724,2670.0,27.4043946585212,1.012684888297082
50.53655172413793,2670.0,27.85914131680615,0.94228730760073
54.93103448275861,2670.0,28.44157801418963,0.884514684188697
59.325517241379316,2670.0,29.31783702928159,0.8350471791607388
63.72,2670.0,29.97321815517398,0.7896113444887274
68.11448275862068,2670.0,30.751635725713438,0.7500714113937201
72.50896551724139,2670.0,31.080270888431674,0.7191291210061569
76.90344827586208,2670.0,32.073607977355515,0.6891109955489126
81.29793103448276,2670.0,33.07415376736778,0.6648091608113297
85.69241379310344,2670.0,33.613750747688435,0.6475424485907877
90.08689655172414,2670.0,34.40825067517979,0.6347112058677998
94.48137931034482,2670.0,35.44033149073994,0.621589320386726
98.8758620689655,2670.0,36.099630716360274,0.6128029178669318
103.2703448275862,2670.0,36.620515495302186,0.60513364198188
107.66482758620688,2670.0,37.51441030378428,0.5991853137841184
112.05931034482757,2670.0,37.884966293694795,0.597082556062694
116.45379310344829,2670.0,38.51026679147724,0.5929647039130291
120.84827586206897,2670.0,38.57088300632008,0.5878328002995522
125.24275862068966,2670.0,38.45925012440421,0.5838258111968769
2.197241379310345,2690.0,23.302509331703185,1.471242819128737
6.591724137931034,2690.0,23.72198174811072,1.399463934623278
10.986206896551725,2690.0,24.608971889096278,1.3464670304878517
15.380689655172414,2690.0,23.950390833671445,1.37651042769197
19.775172413793104,2690.0,24.515752945827618,1.3105615694967265
24.16965517241379,2690.0,24.566709511218562,1.2620593565477043
28.564137931034487,2690.0,25.026645310481804,1.2434985079731442
32.95862068965517,2690.0,25.04756099818688,1.2318157739341487
37.35310344827587,2690.0,25.537398499747116,1.18545245849826
41.74758620689655,2690.0,26.289823387741535,1.0930329288475549
46.14206896551724,2690.0,26.59123390677393,1.010745310925145
50.53655172413793,2690.0,27.27252124148047,0.9422627000705056
54.93103448275861,2690.0,28.132192240981222,0.8835721118720593
59.325517241379316,2690.0,28.862522700491052,0.8350320776841041
63.72,2690.0,29.117736491892074,0.7920540845526906
68.11448275862068,2690.0,30.17754954044465,0.7511517150092846
72.50896551724139,2690.0,30.798374042348573,0.7182092486319853
76.90344827586208,2690.0,31.575482965633274,0.6908720265204463
81.29793103448276,2690.0,32.51097808522735,0.6650838989280141
85.69241379310344,2690.0,33.11567972481682,0.6485178345832002
90.08689655172414,2690.0,33.43849560729905,0.6346213505928374
94.48137931034482,2690.0,34.66008425979978,0.6216685169394381
98.8758620689655,2690.0,35.41645815242559,0.6131400628162749
103.2703448275862,2690.0,36.14269883218147,0.6055570832297688
107.66482758620688,2690.0,36.83126225533728,0.6001178385365349
112.05931034482757,2690.0,37.465983061903856,0.5961347257120038
116.45379310344829,2690.0,37.87041098347712,0.5932176568488349
120.84827586206897,2690.0,38.04332406095722,0.5888038114784753
125.24275862068966,2690.0,38.05345674006578,0.5829411136909461
2.197241379310345,2710.0,22.740565387407937,1.4696505965486084
6.591724137931034,2710.0,23.48713962195648,1.3974758393489397
10.986206896551725,2710.0,23.82002048332382,1.3459825330340918
15.380689655172414,2710.0,23.231535999587294,1.3734334974571976
19.775172413793104,2710.0,23.829437109012886,1.3112636292986666
24.16965517241379,2710.0,23.702478808424775,1.2669690448884703
28.564137931034487,2710.0,24.7048444455593,1.237911911221423
32.95862068965517,2710.0,24.759644298348576,1.2324965468409945
37.35310344827587,2710.0,25.16868493076828,1.1796893555503263
41.74758620689655,2710.0,25.613557136975803,1.0911921936362536
46.14206896551724,2710.0,26.16732375795006,1.008283467996305
50.53655172413793,2710.0,27.0578447739538,0.9393076536212515
54.93103448275861,2710.0,27.620418225191404,0.8783827970701236
59.325517241379316,2710.0,28.22453140394969,0.8307786591206178
63.72,2710.0,28.775155775386978,0.7889135814165917
68.11448275862068,2710.0,29.575103625333238,0.7488688186261262
72.50896551724139,2710.0,30.293360594758592,0.7158413176452003
76.90344827586208,2710.0,31.192609601219498,0.6865286241915569
81.29793103448276,2710.0,31.95193155405026,0.664125433025247
85.69241379310344,2710.0,32.57892115874855,0.6474839034600633
90.08689655172414,2710.0,32.835907100414744,0.634729593160231
94.48137931034482,2710.0,33.85068729052704,0.6190667509538076
98.8758620689655,2710.0,34.34748036605425,0.6116228081421968
103.2703448275862,2710.0,35.4317813427162,0.6039797200599684
107.66482758620688,2710.0,36.29175288310111,0.5999581818301396
112.05931034482757,2710.0,36.96905031338685,0.5964073550242645
116.45379310344829,2710.0,37.573698353657015,0.5936628928419276
120.84827586206897,2710.0,37.75490002487512,0.588376601030396
125.24275862068966,2710.0,37.69121396489855,0.5833046013143424
2.197241379310345,2730.0,22.563254831896888,1.4679568063067852
6.591724137931034,2730.0,23.046392583184772,1.4044939442322804
10.986206896551725,2730.0,23.450327784926802,1.348004596436628
15.380689655172414,2730.0,23.18718541385951,1.3765902914623223
19.775172413793104,2730.0,23.5954751103607,1.3126095377227822
24.16965517241379,2730.0,23.906520038015312,1.2639885902592616
28.564137931034487,2730.0,24.294901106196143,1.2383975137825758
32.95862068965517,2730.0,24.500744331835044,1.2331488164253845
37.35310344827587,2730.0,25.0048676578535,1.1769959298642239
41.74758620689655,2730.0,25.473605887630047,1.0894513835803106
46.14206896551724,2730.0,26.19063853943704,1.0042624885991085
50.53655172413793,2730.0,26.652248098809498,0.939163154867209
54.93103448275861,2730.0,27.43059978294971,0.8801501822278456
59.325517241379316,2730.0,28.08768390258774,0.8302651377849829
63.72,2730.0,28.879205759982636,0.7893292397118411
68.11448275862068,2730.0,29.595456408589712,0.7486586599180429
72.50896551724139,2730.0,29.959625464228413,0.7153121822349137
76.90344827586208,2730.0,30.865409048605294,0.6874034278178043
81.29793103448276,2730.0,31.1660916082525,0.6638833813171877
85.69241379310344,2730.0,31.889652936930815,0.6456173853507328
90.08689655172414,2730.0,32.732725059871235,0.6320743628474402
94.48137931034482,2730.0,33.36089118735657,0.6215161414342341
98.8758620689655,2730.0,34.02804301281133,0.6128953807773805
103.2703448275862,2730.0,34.917057892396336,0.6047048017375325
107.66482758620688,2730.0,35.792464061658045,0.5990801718693256
112.05931034482757,2730.0,36.29030595880366,0.5969550014283862
116.45379310344829,2730.0,37.01131892794812,0.5947153111397449
120.84827586206897,2730.0,37.090200824236945,0.5885742780469034
125.24275862068966,2730.0,36.61097139213234,0.582779430644549
2.197241379310345,2750.0,23.591741633415218,1.4829859012937816
6.591724137931034,2750.0,22.782602586679985,1.399617710021826
10.986206896551725,2750.0,23.119334092846625,1.3517921312888097
15.380689655172414,2750.0,23.392863993843395,1.3741766680200926
19.775172413793104,2750.0,23.32534741973266,1.3107467413849434
24.16965517241379,2750.0,24.11991583047405,1.2620291020251622
28.564137931034487,2750.0,24.175609327645763,1.2363192860440717
32.95862068965517,2750.0,24.640774312325647,1.2315433286258153
37.35310344827587,2750.0,24.5856689421667,1.1828398421955628
41.74758620689655,2750.0,25.312376137345264,1.0884855399200077
46.14206896551724,2750.0,26.017464732639812,1.0051080382107633
50.53655172413793,2750.0,26.575221129653293,0.939362002867955
54.93103448275861,2750.0,27.31951081907664,0.8795616246207997
59.325517241379316,2750.0,27.97052637580782,0.8310942940558806
63.72,2750.0,28.639000795459676,0.7875710028618598
68.11448275862068,2750.0,29.37628655475967,0.7491776261179431
72.50896551724139,2750.0,29.911248438020863,0.7135325596358248
76.90344827586208,2750.0,30.547739674937397,0.6866731665915835
81.29793103448276,2750.0,30.742486655532165,0.6638539594564259
85.69241379310344,2750.0,31.542594383700163,0.646131652027757
90.08689655172414,2750.0,32.285286974542,0.6330407458284193
94.48137931034482,2750.0,33.08965982195168,0.6210536294850088
98.8758620689655,2750.0,33.584955637144226,0.6120036560588689
103.2703448275862,2750.0,34.47904094636795,0.6049144630020267
107.66482758620688,2750.0,35.21966735484842,0.5996688266868961
112.05931034482757,2750.0,35.81919630368551,0.5938930377768715
116.45379310344829,2750.0,36.335821614497235,0.5932029080806208
120.84827586206897,2750.0,36.37213093276118,0.5888899529795084
125.24275862068966,2750.0,35.86644868813973,0.5837531327590987
2.197241379310345,2770.0,24.099198570516375,1.487104272438308
6.591724137931034,2770.0,22.655031432708107,1.401031242425625
10.986206896551725,2770.0,22.348237803136858,1.352333825442099
15.380689655172414,2770.0,23.390337050512983,1.3784984506592892
19.775172413793104,2770.0,22.887214899317833,1.31088867047872
24.16965517241379,2770.0,23.67531228940638,1.2615914333204763
28.564137931034487,2770.0,24.127037897706032,1.2379286050743574
32.95862068965517,2770.0,24.694333769484526,1.2287902903529586
37.35310344827587,2770.0,24.58822779605786,1.1761332225425507
41.74758620689655,2770.0,25.081058660951946,1.0875927660935532
46.14206896551724,2770.0,25.659288989618805,1.0062714259148435
50.53655172413793,2770.0,26.411725683281055,0.9400999029811192
54.93103448275861,2770.0,26.903114364993186,0.8762499386651649
59.325517241379316,2770.0,27.679212159218473,0.8299385755876314
63.72,2770.0,28.437051751685363,0.786349232614562
68.11448275862068,2770.0,28.702515066037947,0.749059889116925
72.50896551724139,2770.0,29.466285500261524,0.71303635880206
76.90344827586208,2770.0,30.09828416585094,0.6848865784092376
81.29793103448276,2770.0,30.65480860700642,0.6630873172896847
85.69241379310344,2770.0,31.171361541906414,0.6469940255259239
90.08689655172414,2770.0,32.033374142281865,0.6330821811570461
94.48137931034482,2770.0,32.83966858622929,0.6211470119032921
98.8758620689655,2770.0,33.208022782722345,0.6107242617370754
103.2703448275862,2770.0,34.28503156725377,0.6043622819424026
107.66482758620688,2770.0,34.90739912043015,0.5986697099918464
112.05931034482757,2770.0,35.41411393609914,0.595698401881424
116.45379310344829,2770.0,35.96055586280094,0.5931719816944742
120.84827586206897,2770.0,36.0791358975024,0.5882651937321876
125.24275862068966,2770.0,35.51360119284234,0.5829261916010533
2.197241379310345,2790.0,23.50515611436632,1.4890397760154164
6.591724137931034,2790.0,22.555791499714058,1.3994576834715329
10.986206896551725,2790.0,22.342003475184793,1.3487246716352101
15.380689655172414,2790.0,23.243442244827747,1.3726689347725511
19.775172413793104,2790.0,23.093054670808666,1.3118843728258869
24.16965517241379,2790.0,23.397757183583014,1.2678759347240465
28.564137931034487,2790.0,23.60402292313261,1.2372606770130499
32.95862068965517,2790.0,24.084318640848828,1.2255622547315626
37.35310344827587,2790.0,24.63212244287133,1.175270626257907
41.74758620689655,2790.0,24.866655125067783,1.0827061329314958
46.14206896551724,2790.0,25.523320184686245,1.0033505028196141
50.53655172413793,2790.0,25.74516951522002,0.9346265151301627
54.93103448275861,2790.0,26.674592363310968,0.8765192505938035
59.325517241379316,2790.0,27.47251480393526,0.8269513973545847
63.72,2790.0,27.92218447816961,0.7842854481418643
68.11448275862068,2790.0,28.303608004371696,0.7453847992657385
72.50896551724139,2790.0,28.8963817225168,0.712604009257487
76.90344827586208,2790.0,29.82388320511414,0.6860368182046251
81.29793103448276,2790.0,30.368000400239147,0.6608914196426973
85.69241379310344,2790.0,30.777147394159567,0.644929742034507
90.08689655172414,2790.0,31.882280129694347,0.6317841633280717
94.48137931034482,2790.0,32.391281795732326,0.6205275520060124
98.8758620689655,2790.0,33.144186000411324,0.6096360597865275
103.2703448275862,2790.0,33.72978865967265,0.6018197506914293
107.66482758620688,2790.0,34.66734651527528,0.59852996318558
112.05931034482757,2790.0,35.000980926508255,0.5964078675534121
116.45379310344829,2790.0,35.506204909222014,0.5929266332782889
120.84827586206897,2790.0,35.83129423693601,0.5861166192118988
125.24275862068966,2790.0,35.35950094438158,0.5808560354552033
2.197241379310345,2810.0,23.44126124514474,1.4761887249973533
6.591724137931034,2810.0,22.669297421971955,1.4075558623442284
10.986206896551725,2810.0,22.70194450434711,1.3533269990973757
15.380689655172414,2810.0,22.93631237745285,1.3769082297791357
19.775172413793104,2810.0,23.00425717807733,1.3091957205038527
24.16965517241379,2810.0,23.06481848207731,1.2631440158275997
28.564137931034487,2810.0,23.290614520303077,1.2335143129789596
32.95862068965517,2810.0,23.636728341484236,1.2251276945395952
37.35310344827587,2810.0,24.204562339352236,1.173331526279612
41.74758620689655,2810.0,24.43871112931997,1.0852315842269322
46.14206896551724,2810.0,24.897715970491753,1.003601924738789
50.53655172413793,2810.0,25.3340508243085,0.9338543969740274
54.93103448275861,2810.0,26.35146288579083,0.8776367242344552
59.325517241379316,2810.0,26.91851310012862,0.8271209434846247
63.72,2810.0,27.268057755298084,0.7829355527909863
68.11448275862068,2810.0,27.90674806915132,0.7458577817340238
72.50896551724139,2810.0,28.53475372418367,0.7129061486836269
76.90344827586208,2810.0,29.288512828076875,0.6847652808409784
81.29793103448276,2810.0,29.865283800100073,0.6618270323975028
85.69241379310344,2810.0,30.466554241551872,0.6444629933552649
90.08689655172414,2810.0,31.157706953500675,0.6325837960002576
94.48137931034482,2810.0,31.854416015750125,0.6198985552738323
98.8758620689655,2810.0,32.510255854226585,0.6114569278943974
103.2703448275862,2810.0,32.93673493695401,0.6048492140498789
107.66482758620688,2810.0,33.87471043227162,0.5998675292866745
112.05931034482757,2810.0,34.39214809703004,0.5951932828182279
116.45379310344829,2810.0,34.6960036680622,0.5936786887670664
120.84827586206897,2810.0,34.82238472499002,0.5871264139925407
125.24275862068966,2810.0,34.7352847315164,0.581653447551328
2.197241379310345,2830.0,22.81895698044035,1.4742261312775693
6.591724137931034,2830.0,22.466576324154936,1.3954781364936095
10.986206896551725,2830.0,22.622415160691293,1.3459792491477756
15.380689655172414,2830.0,22.68268232682237,1.371392939252035
19.775172413793104,2830.0,22.41481950446072,1.3057556496909644
24.16965517241379,2830.0,22.84978134303339,1.2617633130182238
28.564137931034487,2830.0,22.931444286265307,1.2341921412341337
32.95862068965517,2830.0,23.543039605124953,1.2286329399922016
37.35310344827587,2830.0,23.655701312919454,1.1686634565684513
41.74758620689655,2830.0,24.403713086858776,1.0825979189351935
46.14206896551724,2830.0,24.493108725382225,1.0013575308123785
50.53655172413793,2830.0,24.990169980459743,0.9346116521053399
54.93103448275861,2830.0,25.920019716344857,0.8746696213053332
59.325517241379316,2830.0,26.3492988138977,0.8248742906249185
63.72,2830.0,27.062245476990938,0.782934446181204
68.11448275862068,2830.0,27.795251478843486,0.7434476523844741
72.50896551724139,2830.0,28.165146457376306,0.7127907332110637
76.90344827586208,2830.0,28.594466268022853,0.6852699145870644
81.29793103448276,2830.0,29.403355224049037,0.661044207000468
85.69241379310344,2830.0,30.218475982870746,0.6429095453719533
90.08689655172414,2830.0,30.690124069988862,0.6318712262660349
94.48137931034482,2830.0,31.331762004821076,0.6200386982339352
98.8758620689655,2830.0,31.931802511406254,0.6099685931060668
103.2703448275862,2830.0,32.53498308088571,0.6043191764259257
107.66482758620688,2830.0,33.309071300472795,0.5992191877322239
112.05931034482757,2830.0,33.80662024954353,0.5950393892757224
116.45379310344829,2830.0,34.254529757328605,0.592138106204293
120.84827586206897,2830.0,34.00959791515778,0.586877542899853
125.24275862068966,2830.0,33.65722589524618,0.5816635928008727
2.197241379310345,2850.0,22.587910191218057,1.4734985121225908
6.591724137931034,2850.0,22.59785716111461,1.4039100759304486
10.986206896551725,2850.0,22.094313440775426,1.349085244714939
15.380689655172414,2850.0,22.33487234844102,1.3695145238064972
19.775172413793104,2850.0,22.248779016172787,1.3079541300796442
24.16965517241379,2850.0,22.74106673979097,1.258530547732816
28.564137931034487,2850.0,22.83224712715795,1.2344532892187365
32.95862068965517,2850.0,23.3660948220123,1.2271224996021817
37.35310344827587,2850.0,23.639642234891653,1.1675606137001824
41.74758620689655,2850.0,24.285400840334407,1.0827695623293665
46.14206896551724,2850.0,24.755693817813683,1.002817500020023
50.53655172413793,2850.0,24.999625139511547,0.9336777218127911
54.93103448275861,2850.0,25.778224431752733,0.8744547734244003
59.325517241379316,2850.0,26.29922811035067,0.8289570210978628
63.72,2850.0,26.93743082779793,0.785814910854436
68.11448275862068,2850.0,27.896241132721855,0.7443306274443052
72.50896551724139,2850.0,28.000019606735027,0.7115974356426815
76.90344827586208,2850.0,28.50107734865612,0.6850116604315772
81.29793103448276,2850.0,29.39567171515906,0.6634357959463577
85.69241379310344,2850.0,30.041599665538985,0.6470915014365626
90.08689655172414,2850.0,30.627783189149664,0.6326014526242454
94.48137931034482,2850.0,30.959213455872877,0.6195711675090058
98.8758620689655,2850.0,31.813454613726364,0.6098218533733735
103.2703448275862,2850.0,32.41220556282335,0.6034217859590089
107.66482758620688,2850.0,32.92971351397335,0.5982241621262723
112.05931034482757,2850.0,33.587044784567176,0.5949361736485861
116.45379310344829,2850.0,33.82080313621296,0.5917044673259655
120.84827586206897,2850.0,33.89703828045259,0.5861595460684055
125.24275862068966,2850.0,33.505643796550835,0.5809274962276147
2.197241379310345,2870.0,22.740693589051563,1.483443256825377
6.591724137931034,2870.0,22.321597050461506,1.415033976848309
10.986206896551725,2870.0,21.879675535140212,1.3602538652683733
15.380689655172414,2870.0,21.610599804255695,1.3714557484173127
19.775172413793104,2870.0,22.154422307243713,1.308676599292671
24.16965517241379,2870.0,22.43367517952408,1.2589068527669967
28.564137931034487,2870.0,22.816638068709935,1.230952849264255
32.95862068965517,2870.0,23.077987851937195,1.2243850281125024
37.35310344827587,2870.0,23.500715450114676,1.1684613385800613
41.74758620689655,2870.0,23.710516172469173,1.0805154413972033
46.14206896551724,2870.0,24.345818211316555,0.9998520591288014
50.53655172413793,2870.0,25.024459201046547,0.9316052112860878
54.93103448275861,2870.0,25.33535686001769,0.8759159734265671
59.325517241379316,2870.0,26.000638952815077,0.826570712212577
63.72,2870.0,26.344583550537074,0.7840067762036881
68.11448275862068,2870.0,27.50783121682428,0.7428216209460816
72.50896551724139,2870.0,27.56765573751674,0.7103011047568623
76.90344827586208,2870.0,28.364471655049254,0.682539570461873
81.29793103448276,2870.0,28.917374903687097,0.6609572494747972
85.69241379310344,2870.0,29.730312725951993,0.6447407871052199
90.08689655172414,2870.0,30.191612500182085,0.6317197595401093
94.48137931034482,2870.0,30.70025850140623,0.6195631650589583
98.8758620689655,2870.0,31.407153229651037,0.6091127695164381
103.2703448275862,2870.0,32.16011496588943,0.6032466107065425
107.66482758620688,2870.0,32.41508479961605,0.5997946040616977
112.05931034482757,2870.0,33.11612812612795,0.5939928375184536
116.45379310344829,2870.0,33.24571591800562,0.5934565586421231
120.84827586206897,2870.0,33.54558119367214,0.5879173960262617
125.24275862068966,2870.0,33.244381583761424,0.5824592360699458
2.197241379310345,2890.0,22.447937983936733,1.4790789569165073
6.591724137931034,2890.0,21.788865313761764,1.39926802951556
10.986206896551725,2890.0,21.838871926345206,1.3503758287924226
15.380689655172414,2890.0,21.37461368960363,1.3708379106490158
19.775172413793104,2890.0,21.889005882108314,1.307511795603058
24.16965517241379,2890.0,22.361652242640655,1.2605394647464532
28.564137931034487,2890.0,22.46062016518166,1.2297421407688998
32.95862068965517,2890.0,22.826397335467238,1.225189560438419
37.35310344827587,2890.0,22.921138061914178,1.1681045792275204
41.74758620689655,2890.0,23.519823313396202,1.077665325047365
46.14206896551724,2890.0,23.773781501393543,0.998933470750277
50.53655172413793,2890.0,24.62602749072079,0.9334881252833741
54.93103448275861,2890.0,25.08424706020022,0.8732286899178117
59.325517241379316,2890.0,25.649024151912375,0.8250327430230928
63.72,2890.0,25.97581117577207,0.7828778489037175
68.11448275862068,2890.0,26.893318570920346,0.7430090294627908
72.50896551724139,2890.0,27.05496974648149,0.710476753702167
76.90344827586208,2890.0,27.87853482266267,0.6845584321989973
81.29793103448276,2890.0,28.173452481717444,0.6614484177903489
85.69241379310344,2890.0,29.09726977665067,0.6451624280980555
90.08689655172414,2890.0,29.501339758672415,0.6316533813690887
94.48137931034482,2890.0,30.15511936203591,0.6201847563766948
98.8758620689655,2890.0,30.695520680652468,0.6103083991897094
103.2703448275862,2890.0,31.529198070662833,0.6034407532034144
107.66482758620688,2890.0,32.093340890246566,0.5995452644591407
112.05931034482757,2890.0,32.385774688763846,0.5947161455701918
116.45379310344829,2890.0,32.99586503055912,0.5930274264875726
120.84827586206897,2890.0,33.20770131509289,0.5876057357449446
125.24275862068966,2890.0,32.92703599731127,0.5831364276671641
2.197241379310345,2910.0,21.288718638155196,1.501132924004463
6.591724137931034,2910.0,21.5595852745076,1.4095260970867598
10.986206896551725,2910.0,21.468553897131372,1.3626931338540968
15.380689655172414,2910.0,21.505296515369853,1.3806255125369962
19.775172413793104,2910.0,21.534452093462658,1.3123895986104193
24.16965517241379,2910.0,22.122856546843813,1.2607211088996475
28.564137931034487,2910.0,21.983623856989045,1.2350114186957717
32.95862068965517,2910.0,22.856355280201466,1.2239762111721177
37.35310344827587,2910.0,22.97888443801138,1.1655489319140069
41.74758620689655,2910.0,23.290195821728712,1.0741765892861495
46.14206896551724,2910.0,23.380718774010994,0.9972955641559268
50.53655172413793,2910.0,24.30561871196215,0.9331065585225703
54.93103448275861,2910.0,24.659051413070344,0.8738252094774335
59.325517241379316,2910.0,25.486547787156372,0.8243707224840041
63.72,2910.0,25.744367514173558,0.7802390684162518
68.11448275862068,2910.0,26.49073922381173,0.742939301675176
72.50896551724139,2910.0,27.108021828331168,0.7107749741902686
76.90344827586208,2910.0,27.38527771242791,0.6832528265142895
81.29793103448276,2910.0,27.757663781372244,0.6621270243282753
85.69241379310344,2910.0,28.333675648225245,0.6439113703234147
90.08689655172414,2910.0,28.985434509290048,0.6296249956666325
94.48137931034482,2910.0,29.85310046803502,0.6183123227360418
98.8758620689655,2910.0,30.446857844630625,0.6095297955105017
103.2703448275862,2910.0,31.02316866933353,0.6028292723488972
107.66482758620688,2910.0,31.48599147160049,0.5992395107585211
112.05931034482757,2910.0,32.04141272549276,0.5955467997599242
116.45379310344829,2910.0,32.56221362493104,0.5915685783528479
120.84827586206897,2910.0,32.66483991272677,0.586999871459693
125.24275862068966,2910.0,32.48959067290545,0.5819747215265292
2.197241379310345,2930.0,20.56620716518826,1.484410339829612
6.591724137931034,2930.0,21.35749307523171,1.3997683855203482
10.986206896551725,2930.0,21.46355964491765,1.3588295088660332
15.380689655172414,2930.0,21.612015920104806,1.3724798921308337
19.775172413793104,2930.0,21.554410533645218,1.3075613652353624
24.16965517241379,2930.0,21.81923939074789,1.2607273620968105
28.564137931034487,2930.0,21.91015716393789,1.2314738168597856
32.95862068965517,2930.0,22.598957833627033,1.2236145614215306
37.35310344827587,2930.0,22.842380881143942,1.1626327831252372
41.74758620689655,2930.0,22.862820775622232,1.0778417050642812
46.14206896551724,2930.0,23.4183733390692,0.9983879497225305
50.53655172413793,2930.0,23.85015689619841,0.9323047016390228
54.93103448275861,2930.0,24.475526198264095,0.8744118467249252
59.325517241379316,2930.0,25.108826778156473,0.8250556427195026
63.72,2930.0,25.28611179123874,0.7816069832659943
68.11448275862068,2930.0,26.020626521266905,0.7426684263300263
72.50896551724139,2930.0,26.828209880897134,0.7113812041361408
76.90344827586208,2930.0,27.296383469055097,0.6820175962903482
81.29793103448276,2930.0,27.76108738063758,0.6594583458248215
85.69241379310344,2930.0,28.06057071680392,0.6439117178700476
90.08689655172414,2930.0,28.797476016542543,0.631129710493575
94.48137931034482,2930.0,29.711201188494524,0.617802880345435
98.8758620689655,2930.0,30.460523295319742,0.6109973213032764
103.2703448275862,2930.0,30.997746639219777,0.6051196032746473
107.66482758620688,2930.0,31.36999795194787,0.597693616210273
112.05931034482757,2930.0,32.04940313665253,0.5951765311755476
116.45379310344829,2930.0,32.27843925492079,0.5922656571002383
120.84827586206897,2930.0,32.233268396220964,0.5881465595078508
125.24275862068966,2930.0,31.963012311116067,0.581872545089044
2.197241379310345,2950.0,20.321454817718934,1.487901468061458
6.591724137931034,2950.0,20.59715481309427,1.4121173993899272
10.986206896551725,2950.0,21.044631455507545,1.358783670559457
15.380689655172414,2950.0,21.417106224982827,1.3692579494462167
19.775172413793104,2950.0,21.220832367228645,1.3061212854511492
24.16965517241379,2950.0,21.348250592038745,1.252726502966981
28.564137931034487,2950.0,21.889738120035165,1.2293143395473436
32.95862068965517,2950.0,21.938379987867343,1.2237047281946454
37.35310344827587,2950.0,22.23889863698019,1.159619031568016
41.74758620689655,2950.0,22.402566511215817,1.0748558989107626
46.14206896551724,2950.0,23.435941472363012,0.9981293774382994
50.53655172413793,2950.0,23.70694388710281,0.9287485649787155
54.93103448275861,2950.0,24.42887458632496,0.8721857990655634
59.325517241379316,2950.0,24.741156227162314,0.8259806646851292
63.72,2950.0,24.976586241413045,0.7822025051501978
68.11448275862068,2950.0,25.8284247868039,0.7430378332152117
72.50896551724139,2950.0,26.338649489261485,0.708510815345984
76.90344827586208,2950.0,27.28739587089254,0.6821699576362977
81.29793103448276,2950.0,27.823679979638634,0.6619146442062607
85.69241379310344,2950.0,28.016459372614463,0.6437649346702684
90.08689655172414,2950.0,28.621688132349593,0.6297924932797551
94.48137931034482,2950.0,29.38761358022217,0.6202766436812263
98.8758620689655,2950.0,29.971199138551697,0.608933066348517
103.2703448275862,2950.0,30.67260277058397,0.6039240775806839
107.66482758620688,2950.0,31.239199636768102,0.5974009960806297
112.05931034482757,2950.0,31.734765146517187,0.5946633533958127
116.45379310344829,2950.0,31.952451534293314,0.5907682389908047
120.84827586206897,2950.0,31.794028149175098,0.5857837407049228
125.24275862068966,2950.0,31.684781569263173,0.5810634530295179
2.197241379310345,2970.0,20.334414859612785,1.4694785681148033
6.591724137931034,2970.0,20.14777140484916,1.4135390471953613
10.986206896551725,2970.0,20.722218440638645,1.3587260325932833
15.380689655172414,2970.0,20.985757476201766,1.3732114944858644
19.775172413793104,2970.0,20.776924099422924,1.306498742974375
24.16965517241379,2970.0,21.062308580984197,1.255782591820765
28.564137931034487,2970.0,21.43345426240315,1.228867387713378
32.95862068965517,2970.0,21.567230235836988,1.2187875491771392
37.35310344827587,2970.0,21.97042997173137,1.1620708977826457
41.74758620689655,2970.0,22.201726184123093,1.074755486375501
46.14206896551724,2970.0,22.983806475614887,0.9957814720846647
50.53655172413793,2970.0,23.479349482581657,0.9300417483677506
54.93103448275861,2970.0,24.075131844235152,0.8699964635901981
59.325517241379316,2970.0,24.597844381506246,0.8243136183749995
63.72,2970.0,24.788513679517273,0.7818905895986344
68.11448275862068,2970.0,25.589397445413066,0.742197926464376
72.50896551724139,2970.0,25.927766671611202,0.7096751514350754
76.90344827586208,2970.0,26.66620727015866,0.6809496519637688
81.29793103448276,2970.0,27.236418644587197,0.6596605066423495
85.69241379310344,2970.0,27.612488348900836,0.6432502579067556
90.08689655172414,2970.0,27.90652970579408,0.6312992701786381
94.48137931034482,2970.0,28.751699649566223,0.6176271173560581
98.8758620689655,2970.0,29.38093981774062,0.6082264780695975
103.2703448275862,2970.0,29.985572900475255,0.6034897557705144
107.66482758620688,2970.0,30.347919024155974,0.5976709495988031
112.05931034482757,2970.0,30.923738627522084,0.5940728755086255
116.45379310344829,2970.0,31.5107189975127,0.5913684052882059
120.84827586206897,2970.0,31.034322642141213,0.5865532537317993
125.24275862068966,2970.0,30.965015520833227,0.5820540632306321
2.197241379310345,2990.0,20.924067507849802,1.4871816574516943
6.591724137931034,2990.0,19.9781413115561,1.4066692212453256
10.986206896551725,2990.0,20.627275244919236,1.3661093159754705
15.380689655172414,2990.0,20.736479019401248,1.373517374230374
19.775172413793104,2990.0,20.693481154039375,1.3081755124651815
24.16965517241379,2990.0,21.028521852419967,1.2564345239152928
28.564137931034487,2990.0,21.042319843338596,1.227886887469046
32.95862068965517,2990.0,21.340694221719687,1.221433680345554
37.35310344827587,2990.0,21.67246667697198,1.1561256623528338
41.74758620689655,2990.0,21.98848985804197,1.0721868250812436
46.14206896551724,2990.0,22.578475453755537,0.9975239110171004
50.53655172413793,2990.0,23.082381564295954,0.9274652320670752
54.93103448275861,2990.0,23.73553223678288,0.8708222889237933
59.325517241379316,2990.0,24.292275188697708,0.8216318396421579
63.72,2990.0,24.529541121726783,0.7799399985665827
68.11448275862068,2990.0,25.428397928215105,0.7416940467568031
72.50896551724139,2990.0,25.63093088318904,0.70820135787461
76.90344827586208,2990.0,26.171027708301942,0.6806189238652832
81.29793103448276,2990.0,26.81406802966615,0.6585755127717959
85.69241379310344,2990.0,27.172725591538605,0.6412960470773245
90.08689655172414,2990.0,27.476196019304176,0.6289996266964176
94.48137931034482,2990.0,28.216661886592938,0.6180178764569364
98.8758620689655,2990.0,29.011107922332663,0.6077708856450134
103.2703448275862,2990.0,29.52460515886427,0.6027079663046953
107.66482758620688,2990.0,29.98886842109349,0.5977745880518546
112.05931034482757,2990.0,30.490825689099854,0.5961329257191577
116.45379310344829,2990.0,31.203990062519356,0.5932484456338792
120.84827586206897,2990.0,30.702237222976738,0.5858208779743982
125.24275862068966,2990.0,30.450835810949076,0.5816453180161802
2.197241379310345,3010.0,20.646046336491903,1.4896044495415552
6.591724137931034,3010.0,20.086256153053707,1.4012303897967706
10.986206896551725,3010.0,20.259665765006233,1.361225233237315
15.380689655172414,3010.0,20.19054400368973,1.3664545521901112
19.775172413793104,3010.0,20.657191105632702,1.3087129546352838
24.16965517241379,3010.0,20.900581803645878,1.255514784363889
28.564137931034487,3010.0,20.944508546808112,1.2245749890222006
32.95862068965517,3010.0,21.38426477379269,1.2190069576687728
37.35310344827587,3010.0,21.481676592305305,1.1569380491036836
41.74758620689655,3010.0,21.950498019146103,1.0727114854002624
46.14206896551724,3010.0,22.335715618589497,0.9939566294341224
50.53655172413793,3010.0,22.98404600404394,0.9283150794948984
54.93103448275861,3010.0,23.350165762728263,0.8697648204587124
59.325517241379316,3010.0,24.0157503192313,0.8240152907038985
63.72,3010.0,24.322934009410712,0.7788143194115342
68.11448275862068,3010.0,25.084723369068936,0.7400213883491061
72.50896551724139,3010.0,25.563661664349848,0.7084816251628837
76.90344827586208,3010.0,26.05187490578327,0.6800660825898426
81.29793103448276,3010.0,26.68111059188411,0.6599265967466474
85.69241379310344,3010.0,26.941338829444224,0.6425349177148246
90.08689655172414,3010.0,27.421562248819807,0.631629778083678
94.48137931034482,3010.0,28.008051887952856,0.617575843880308
98.8758620689655,3010.0,28.71334221182216,0.610769430284991
103.2703448275862,3010.0,29.325425383797477,0.6042108255986719
107.66482758620688,3010.0,29.94271599467116,0.5987781073579661
112.05931034482757,3010.0,30.492418158134626,0.594325109132949
116.45379310344829,3010.0,30.821543880165727,0.5916746567912252
120.84827586206897,3010.0,30.60044109098175,0.5870459049466661
125.24275862068966,3010.0,30.385438596842704,0.5829231660459598
2.197241379310345,3030.0,20.001050590806535,1.483048086112502
6.591724137931034,3030.0,19.93951323669818,1.4017385313144097
10.986206896551725,3030.0,20.000144640604656,1.3633338184125963
15.380689655172414,3030.0,19.89682242301879,1.3730167347870312
19.775172413793104,3030.0,20.583607001819164,1.3052214863018066
24.16965517241379,3030.0,20.590809098311833,1.2541576927887792
28.564137931034487,3030.0,20.923470560564763,1.2281566964955355
32.95862068965517,3030.0,21.174549792168868,1.2205582598731632
37.35310344827587,3030.0,21.33498448605339,1.1552624153367168
41.74758620689655,3030.0,21.794618750771143,1.070913640527583
46.14206896551724,3030.0,22.26432036009864,0.9927542615286281
50.53655172413793,3030.0,22.686018882271576,0.9261981699866033
54.93103448275861,3030.0,23.143509645776074,0.8694018718407109
59.325517241379316,3030.0,23.68047933673693,0.822075402161023
63.72,3030.0,24.146334963471247,0.7795579999258524
68.11448275862068,3030.0,24.35207472792194,0.7394448498383374
72.50896551724139,3030.0,25.157862466183445,0.7059107376612277
76.90344827586208,3030.0,25.601383758439784,0.6804283838094574
81.29793103448276,3030.0,26.187141846343515,0.6587482818705905
85.69241379310344,3030.0,26.741245225647795,0.6428588481566988
90.08689655172414,3030.0,27.143078979231465,0.6283325759900941
94.48137931034482,3030.0,27.906671317826426,0.6169777964810169
98.8758620689655,3030.0,28.347900228272387,0.6085418745966035
103.2703448275862,3030.0,29.050735905677787,0.6034587755011181
107.66482758620688,3030.0,29.4561329435029,0.5978010969844615
112.05931034482757,3030.0,30.047514788455235,0.5949168648756198
116.45379310344829,3030.0,30.45484928452858,0.5907986164993001
120.84827586206897,3030.0,30.22036480512835,0.5864852342854275
125.24275862068966,3030.0,29.69657515138063,0.5802066961887979
2.197241379310345,3050.0,20.465066976679694,1.4836774660369096
6.591724137931034,3050.0,19.494097592102158,1.4126671151472971
10.986206896551725,3050.0,19.470292248107768,1.371795855178965
15.380689655172414,3050.0,19.727427033224593,1.3621252915496198
19.775172413793104,3050.0,20.41375938108844,1.301252898663958
24.16965517241379,3050.0,20.279824839343153,1.252198028652107
28.564137931034487,3050.0,20.403027133964414,1.2218853838966752
32.95862068965517,3050.0,20.686842385524262,1.2162766783021208
37.35310344827587,3050.0,20.968381823764908,1.1508085305720863
41.74758620689655,3050.0,21.302221892895094,1.0719031573657773
46.14206896551724,3050.0,21.849411627166294,0.9925556581104751
50.53655172413793,3050.0,22.481355412457233,0.9286171407420409
54.93103448275861,3050.0,22.826913724396388,0.868588919841029
59.325517241379316,3050.0,23.3436293363209,0.8211970757299425
63.72,3050.0,23.82875104126647,0.777759753772211
68.11448275862068,3050.0,24.18547828182762,0.7398385250324613
72.50896551724139,3050.0,24.751979481172622,0.7057396045760336
76.90344827586208,3050.0,25.22162367761549,0.6789732100411436
81.29793103448276,3050.0,25.77167779005668,0.6582091827168188
85.69241379310344,3050.0,26.23883079262315,0.6419401521754773
90.08689655172414,3050.0,26.862795236446555,0.6281781887613749
94.48137931034482,3050.0,27.52265908155176,0.6170661092618165
98.8758620689655,3050.0,27.975071999634434,0.6093569297653304
103.2703448275862,3050.0,28.694988274163318,0.6035485086993594
107.66482758620688,3050.0,29.101605770816864,0.5962837488468369
112.05931034482757,3050.0,29.456800856448787,0.5940998375112385
116.45379310344829,3050.0,29.97703519411109,0.5909607238180428
120.84827586206897,3050.0,30.02119259493657,0.5848104294239976
125.24275862068966,3050.0,29.10661989434872,0.5802295316956387
2.197241379310345,3070.0,20.271984508302477,1.490634603688946
6.591724137931034,3070.0,19.447284649436675,1.4101032197475434
10.986206896551725,3070.0,19.360216628346176,1.356664651687244
15.380689655172414,3070.0,19.36463175037945,1.364880142730386
19.775172413793104,3070.0,20.112575634295105,1.3040863087855898
24.16965517241379,3070.0,19.959699610750825,1.2503642375354005
28.564137931034487,3070.0,19.955746496510173,1.2295880018870742
32.95862068965517,3070.0,20.425411995448584,1.211536085323953
37.35310344827587,3070.0,20.968667749729423,1.1490328647259842
41.74758620689655,3070.0,21.08158683948792,1.0656502044321814
46.14206896551724,3070.0,21.367710933662377,0.9904662996068992
50.53655172413793,3070.0,21.903090744510163,0.9248754394649281
54.93103448275861,3070.0,22.323961523004332,0.8665379553757332
59.325517241379316,3070.0,22.987284165367278,0.8192894294140002
63.72,3070.0,23.353153493531323,0.7774624385431634
68.11448275862068,3070.0,23.680204414521103,0.7363368427228558
72.50896551724139,3070.0,24.54278455836274,0.705250999774986
76.90344827586208,3070.0,24.96132775594791,0.6781323999607352
81.29793103448276,3070.0,25.234049422261506,0.6575398606902938
85.69241379310344,3070.0,25.7475211976303,0.6402939682808745
90.08689655172414,3070.0,26.36623562943368,0.6277233460831748
94.48137931034482,3070.0,26.83424815766898,0.6164750638328158
98.8758620689655,3070.0,27.42795936637518,0.6084197629583172
103.2703448275862,3070.0,28.2641825377202,0.6022629155563035
107.66482758620688,3070.0,28.656535714293803,0.5965702468403196
112.05931034482757,3070.0,28.914251743618287,0.5941607973087427
116.45379310344829,3070.0,29.124288798896252,0.5900964828801114
120.84827586206897,3070.0,29.668190211398535,0.5838426575376138
125.24275862068966,3070.0,28.870189314051657,0.5802142147159103
2.197241379310345,3090.0,19.503207675615947,1.4923398912289723
6.591724137931034,3090.0,19.423708469296493,1.415302674816205
10.986206896551725,3090.0,19.37553374276117,1.3735152691740045
15.380689655172414,3090.0,19.47769698942149,1.3653746848243744
19.775172413793104,3090.0,19.675280826214035,1.3045924706783343
24.16965517241379,3090.0,19.746983355591226,1.2488717556688465
28.564137931034487,3090.0,19.90212986499278,1.2279689865150418
32.95862068965517,3090.0,20.251177695010682,1.2117335243030583
37.35310344827587,3090.0,20.651721480488778,1.1470287366760994
41.74758620689655,3090.0,20.80738345024168,1.0676179559532384
46.14206896551724,3090.0,21.327224483219986,0.9905936579195271
50.53655172413793,3090.0,21.46433981810497,0.9252992302709417
54.93103448275861,3090.0,22.23715828815776,0.8654689964872819
59.325517241379316,3090.0,22.644748849975358,0.817475370319587
63.72,3090.0,23.167930386546587,0.7764875114663499
68.11448275862068,3090.0,23.169769772040993,0.7385099882763716
72.50896551724139,3090.0,24.296640040737298,0.7072305069596446
76.90344827586208,3090.0,24.659408948839538,0.6799099969234927
81.29793103448276,3090.0,24.826132115426557,0.6570521049518242
85.69241379310344,3090.0,25.63428140831166,0.6431300719820351
90.08689655172414,3090.0,26.03215868274371,0.6294781481966767
94.48137931034482,3090.0,26.679981799300997,0.6183786277780887
98.8758620689655,3090.0,26.90220712009085,0.6092694563069523
103.2703448275862,3090.0,27.740153922862003,0.6017943869156072
107.66482758620688,3090.0,28.056113095461637,0.5990301883531084
112.05931034482757,3090.0,28.54036253326971,0.5945398783892798
116.45379310344829,3090.0,28.52443245914247,0.5917108698142973
120.84827586206897,3090.0,28.973874939593415,0.5858412452920474
125.24275862068966,3090.0,28.447346882910804,0.5802489208346059
2.197241379310345,3110.0,19.121637619866263,1.492085790230056
6.591724137931034,3110.0,19.452435428483618,1.4042417691304134
10.986206896551725,3110.0,19.18362550202895,1.3691611497358243
15.380689655172414,3110.0,19.27898831693111,1.3627090603358663
19.775172413793104,3110.0,19.339856929121872,1.2951958530045276
24.16965517241379,3110.0,19.500884679870474,1.2478343737976891
28.564137931034487,3110.0,19.76771604181785,1.227956994759253
32.95862068965517,3110.0,19.91939130244363,1.2096148008296748
37.35310344827587,3110.0,20.088431044916312,1.1421448796133715
41.74758620689655,3110.0,20.438593360921764,1.0643965870426493
46.14206896551724,3110.0,20.900679055060078,0.990920985183489
50.53655172413793,3110.0,21.32397506319177,0.925837388431484
54.93103448275861,3110.0,22.244505489625595,0.8641066694701159
59.325517241379316,3110.0,22.399948154576123,0.8188285924437584
63.72,3110.0,22.95025365960635,0.7763493890113174
68.11448275862068,3110.0,22.998790273925774,0.736000620366768
72.50896551724139,3110.0,23.94209799127131,0.7041570444090062
76.90344827586208,3110.0,24.261361559014766,0.6801760236412424
81.29793103448276,3110.0,24.705319371272402,0.6557944789299316
85.69241379310344,3110.0,25.145314566953026,0.6397308881142976
90.08689655172414,3110.0,25.84691330581025,0.6260133728360011
94.48137931034482,3110.0,26.324161959132034,0.6157002416289784
98.8758620689655,3110.0,26.46204902547706,0.6074629361811141
103.2703448275862,3110.0,27.22584720170273,0.6019667309839333
107.66482758620688,3110.0,27.621759470980397,0.598132571262046
112.05931034482757,3110.0,28.12270155424401,0.5955324436407283
116.45379310344829,3110.0,28.314684432248274,0.5896499909209835
120.84827586206897,3110.0,28.48856309229155,0.5847292374975257
125.24275862068966,3110.0,28.00882857445524,0.580684969094427
2.197241379310345,3130.0,18.260068255000643,1.4726852515323015
6.591724137931034,3130.0,19.182546194642782,1.4114326172150098
10.986206896551725,3130.0,19.30803519004473,1.372147023677826
15.380689655172414,3130.0,18.768502609321363,1.3545263081200813
19.775172413793104,3130.0,19.159340160333702,1.2935371501770068
24.16965517241379,3130.0,19.14136400387164,1.2466428687467295
28.564137931034487,3130.0,19.474755109649983,1.2241745328606763
32.95862068965517,3130.0,19.61949027464208,1.2067441182343934
37.35310344827587,3130.0,19.93924155202177,1.143682428466672
41.74758620689655,3130.0,20.364752057589524,1.0619978301742765
46.14206896551724,3130.0,20.470495477286924,0.988694456315278
50.53655172413793,3130.0,21.013344788175615,0.9222490737295669
54.93103448275861,3130.0,21.664353260216316,0.8662673084548226
59.325517241379316,3130.0,22.064720285099206,0.815458627872717
63.72,3130.0,22.527352547663966,0.7751215280299635
68.11448275862068,3130.0,22.957965621793715,0.7373762799367891
72.50896551724139,3130.0,23.356669172605194,0.7039603557028342
76.90344827586208,3130.0,24.089138408719247,0.676527396251033
81.29793103448276,3130.0,24.422158693444832,0.6567908375491276
85.69241379310344,3130.0,24.7397167150849,0.6386689228751649
90.08689655172414,3130.0,25.513516836848254,0.6277313774512974
94.48137931034482,3130.0,25.629744320826994,0.6165301536570844
98.8758620689655,3130.0,26.179857498377114,0.6064556276550399
103.2703448275862,3130.0,26.675940604451746,0.6027027723086628
107.66482758620688,3130.0,27.231974204638224,0.597732231647319
112.05931034482757,3130.0,27.729534196683048,0.595037107456189
116.45379310344829,3130.0,28.030609691547607,0.5913678967459023
120.84827586206897,3130.0,28.135784805892342,0.586439504063872
125.24275862068966,3130.0,27.520411386878955,0.5795665193750958
2.197241379310345,3150.0,17.099940278132756,1.482686661731052
6.591724137931034,3150.0,18.255391362847554,1.4008873249475773
10.986206896551725,3150.0,19.310618054949575,1.358959734027836
15.380689655172414,3150.0,18.61113739013672,1.3663356032391143
19.775172413793104,3150.0,19.10317120070641,1.3022511720807486
24.16965517241379,3150.0,18.961439599327385,1.2460107980530803
28.564137931034487,3150.0,19.17595117192508,1.2266853945081653
32.95862068965517,3150.0,19.365087529230447,1.2041430301762608
37.35310344827587,3150.0,19.49836131069395,1.1460496677102916
41.74758620689655,3150.0,20.183069169330295,1.0608445023295419
46.14206896551724,3150.0,20.38940176714817,0.9870650475861225
50.53655172413793,3150.0,20.777302713603035,0.92060217507213
54.93103448275861,3150.0,21.110712801470125,0.865135918116128
59.325517241379316,3150.0,21.522013580943977,0.8166413169955663
63.72,3150.0,22.116375278221604,0.7752395377641835
68.11448275862068,3150.0,22.824169037426696,0.7329805833874332
72.50896551724139,3150.0,22.89504080646174,0.7050166950562402
76.90344827586208,3150.0,23.767327345162627,0.6773761438645476
81.29793103448276,3150.0,23.994677346856623,0.6544458524163902
85.69241379310344,3150.0,24.436255533050222,0.6379454813818161
90.08689655172414,3150.0,24.90270686448634,0.6251021613960224
94.48137931034482,3150.0,25.258334845289706,0.6157585594372333
98.8758620689655,3150.0,25.994006959880643,0.607458962059559
103.2703448275862,3150.0,26.358991571509883,0.6010121438509979
107.66482758620688,3150.0,26.75469236171508,0.5972010900676668
112.05931034482757,3150.0,27.295872005047624,0.593707272680097
116.45379310344829,3150.0,27.504609740152954,0.5898481901217577
120.84827586206897,3150.0,27.613397034783983,0.5846439675462236
125.24275862068966,3150.0,27.10174340734051,0.5793807143458775
2.197241379310345,3170.0,18.093790678845515,1.483162607850328
6.591724137931034,3170.0,17.916589881189992,1.4080605557331671
10.986206896551725,3170.0,18.502937178920817,1.3647003377088205
15.380689655172414,3170.0,18.38199847550304,1.3619997726851387
19.775172413793104,3170.0,18.69629711479458,1.2965851005739168
24.16965517241379,3170.0,18.67496224135042,1.24153758610497
28.564137931034487,3170.0,18.893845376946654,1.2276080698833585
32.95862068965517,3170.0,19.30954036059686,1.2032142490137183
37.35310344827587,3170.0,19.266983863794145,1.1423846128654154
41.74758620689655,3170.0,19.744431115527693,1.0626667738849906
46.14206896551724,3170.0,20.388557858032804,0.9878784686294013
50.53655172413793,3170.0,20.54791108254566,0.9235741101912124
54.93103448275861,3170.0,21.021645489986653,0.866624649848651
59.325517241379316,3170.0,21.481470537371933,0.8165632869138217
63.72,3170.0,21.90688195291125,0.7754654599236608
68.11448275862068,3170.0,22.51646251471736,0.7357389733920048
72.50896551724139,3170.0,22.696283654915906,0.7061058093012623
76.90344827586208,3170.0,23.34029343268938,0.6800653245802148
81.29793103448276,3170.0,23.759707131319576,0.6591935069590017
85.69241379310344,3170.0,24.221605439476917,0.6414519098335745
90.08689655172414,3170.0,24.460904211312734,0.6274004829355886
94.48137931034482,3170.0,25.09767876597979,0.6156679981286444
98.8758620689655,3170.0,25.658827991710385,0.6075532819894397
103.2703448275862,3170.0,26.224260445181578,0.6014038136522637
107.66482758620688,3170.0,26.511825504459413,0.596964445648935
112.05931034482757,3170.0,27.033554470348438,0.5934461528359495
116.45379310344829,3170.0,27.052863624981704,0.5899644574990963
120.84827586206897,3170.0,27.33670864821507,0.5845353924560308
125.24275862068966,3170.0,26.897312189956814,0.5793826447260496
2.197241379310345,3190.0,18.568306346734367,1.4710412079331565
6.591724137931034,3190.0,18.230590191980205,1.4106202137011747
10.986206896551725,3190.0,17.840815501908462,1.3540764727076078
15.380689655172414,3190.0,18.134121156125158,1.3631132899930603
19.775172413793104,3190.0,18.433767448951542,1.3003169397262841
24.16965517241379,3190.0,18.552780204467354,1.245558987676847
28.564137931034487,3190.0,18.926845677585032,1.2263309334130459
32.95862068965517,3190.0,19.358931962659376,1.2036935620938736
37.35310344827587,3190.0,19.252937694680362,1.144797182904702
41.74758620689655,3190.0,19.547034591659266,1.0604622031524245
46.14206896551724,3190.0,20.081803144608486,0.9868972118350521
50.53655172413793,3190.0,20.29128856546222,0.9229424207990349
54.93103448275861,3190.0,20.937681155045613,0.8637071631572865
59.325517241379316,3190.0,21.446234340676,0.816985122223376
63.72,3190.0,21.801826399012274,0.7745576125222156
68.11448275862068,3190.0,22.233020605093994,0.7357336969973414
72.50896551724139,3190.0,22.67140523598544,0.702290767443694
76.90344827586208,3190.0,23.020254321851667,0.6760361568707137
81.29793103448276,3190.0,23.61196335657063,0.6560403276429967
85.69241379310344,3190.0,23.93550851743146,0.6389005129927354
90.08689655172414,3190.0,24.386352306084028,0.6252602487885706
94.48137931034482,3190.0,24.978421597741544,0.6144976147851354
98.8758620689655,3190.0,25.43903018145734,0.6056313120607008
103.2703448275862,3190.0,25.822942694856064,0.6009874513243251
107.66482758620688,3190.0,26.254551010741586,0.5975278027352191
112.05931034482757,3190.0,26.846657967401878,0.5951652252094238
116.45379310344829,3190.0,26.924138150571125,0.5901913770938146
120.84827586206897,3190.0,27.054697557869886,0.5839813595861945
125.24275862068966,3190.0,26.461194657227573,0.57811206427538
2.197241379310345,3210.0,17.46969783306122,1.4611963296340684
6.591724137931034,3210.0,17.990805430958666,1.4050546921216525
10.986206896551725,3210.0,17.908661113431055,1.354797326749371
15.380689655172414,3210.0,18.161744135121506,1.3605623189313911
19.775172413793104,3210.0,18.3422600882303,1.3025589632597618
24.16965517241379,3210.0,18.760058105287573,1.2456682940804158
28.564137931034487,3210.0,18.880019024014473,1.2299601223904486
32.95862068965517,3210.0,19.136474032472407,1.2012338892068013
37.35310344827587,3210.0,19.262757333699202,1.1430720685082927
41.74758620689655,3210.0,19.497815561886778,1.058541599208652
46.14206896551724,3210.0,19.792615287666585,0.9878020389087959
50.53655172413793,3210.0,20.20829918983782,0.9171193637425014
54.93103448275861,3210.0,20.699220030939067,0.8608366834758608
59.325517241379316,3210.0,21.053625050880434,0.8156703945976742
63.72,3210.0,21.406589536303883,0.7743761601695582
68.11448275862068,3210.0,21.734475227693718,0.7331633075588577
72.50896551724139,3210.0,22.359105223641983,0.7024988193318807
76.90344827586208,3210.0,22.688335966649984,0.6770131000410092
81.29793103448276,3210.0,23.180290976350292,0.6543436806720124
85.69241379310344,3210.0,23.460778674677666,0.6385794176600909
90.08689655172414,3210.0,24.134251600642457,0.6247137552080442
94.48137931034482,3210.0,24.71177835262839,0.6148445139174415
98.8758620689655,3210.0,25.03720881177001,0.60689549026803
103.2703448275862,3210.0,25.504240161133193,0.5998817131718681
107.66482758620688,3210.0,25.69776469176471,0.5957757525671481
112.05931034482757,3210.0,26.387706902166606,0.5927877552301636
116.45379310344829,3210.0,26.730451324231563,0.5893287853730764
120.84827586206897,3210.0,26.5731213584031,0.5827781091939446
125.24275862068966,3210.0,25.868557660271307,0.5775746737167976
2.197241379310345,3230.0,17.148643324110243,1.477187314275968
6.591724137931034,3230.0,17.9097360111773,1.4071214760725315
10.986206896551725,3230.0,17.833528920456214,1.350311897866737
15.380689655172414,3230.0,18.33075007106419,1.3642898239195347
19.775172413793104,3230.0,18.09746295506628,1.3006847168246205
24.16965517241379,3230.0,18.526357297149918,1.244295535280424
28.564137931034487,3230.0,18.539228450610405,1.2302363568411934
32.95862068965517,3230.0,18.60014406027686,1.1954611333132517
37.35310344827587,3230.0,19.029168071121802,1.140836292428014
41.74758620689655,3230.0,19.35237416379854,1.0575128297277865
46.14206896551724,3230.0,19.425453273595398,0.9833322972290021
50.53655172413793,3230.0,20.151549132970665,0.9201975064315343
54.93103448275861,3230.0,20.31843143751625,0.860184740178563
59.325517241379316,3230.0,20.890737463771885,0.8129943780796264
63.72,3230.0,20.953108097392104,0.7743493372199549
68.11448275862068,3230.0,21.350856887170885,0.7357973283103221
72.50896551724139,3230.0,21.85706401021077,0.7028472548368826
76.90344827586208,3230.0,22.362993598501717,0.6774279975395388
81.29793103448276,3230.0,22.882210976597154,0.653614596643348
85.69241379310344,3230.0,23.219101816667738,0.6381130086575851
90.08689655172414,3230.0,23.74815346785481,0.6257187394307753
94.48137931034482,3230.0,24.328441102279438,0.6145557319023497
98.8758620689655,3230.0,24.63016064757975,0.6068190806724781
103.2703448275862,3230.0,25.286800920490236,0.6017930461650205
107.66482758620688,3230.0,25.601055153128176,0.5967637240218537
112.05931034482757,3230.0,26.126146650750833,0.5917276056778377
116.45379310344829,3230.0,26.272810213778303,0.5906717144595692
120.84827586206897,3230.0,26.205730999631236,0.5848126889745328
125.24275862068966,3230.0,25.671297315327035,0.5795221858977402
2.197241379310345,3250.0,17.43287660413318,1.4650773160201682
6.591724137931034,3250.0,17.59579176124599,1.4064655356682263
10.986206896551725,3250.0,17.793463537814443,1.349273262622719
15.380689655172414,3250.0,17.94930296032517,1.3558174510061005
19.775172413793104,3250.0,17.893411399717003,1.2951695295590298
24.16965517241379,3250.0,18.065744443959186,1.241061592803282
28.564137931034487,3250.0,18.363793550369643,1.2227955012917253
32.95862068965517,3250.0,18.26321759964857,1.194091995231813
37.35310344827587,3250.0,18.5075047477252,1.142920757990742
41.74758620689655,3250.0,19.23811308377319,1.057357714055937
46.14206896551724,3250.0,19.214511480532654,0.9837519473239648
50.53655172413793,3250.0,19.754791811363308,0.9195807869343654
54.93103448275861,3250.0,20.09314289426691,0.8604545405203545
59.325517241379316,3250.0,20.705101833057903,0.8131352846565029
63.72,3250.0,20.66901714179987,0.7716160146378769
68.11448275862068,3250.0,21.187238914127473,0.7346770617624988
72.50896551724139,3250.0,21.56786281045861,0.7016073041731525
76.90344827586208,3250.0,21.970004061899253,0.676120796705609
81.29793103448276,3250.0,22.77827367868166,0.6545305950492528
85.69241379310344,3250.0,23.11699700900826,0.639184778132498
90.08689655172414,3250.0,23.40197816203916,0.6250220426487763
94.48137931034482,3250.0,24.07589657474605,0.6117348430371131
98.8758620689655,3250.0,24.50849985721338,0.6066746648257451
103.2703448275862,3250.0,24.872873117748117,0.6005282383320906
107.66482758620688,3250.0,25.368585584135687,0.5959570012440307
112.05931034482757,3250.0,25.767944513509672,0.5930487175467867
116.45379310344829,3250.0,25.74428020087246,0.5889623568644803
120.84827586206897,3250.0,25.7368530163091,0.5832173667200233
125.24275862068966,3250.0,25.454774191370234,0.5779419951654505
2.197241379310345,3270.0,17.859381863805982,1.4679461987005116
6.591724137931034,3270.0,17.117628963871134,1.3989147862562767
10.986206896551725,3270.0,17.22816640097234,1.3432503880993012
15.380689655172414,3270.0,17.233572665739942,1.3586257602942824
19.775172413793104,3270.0,17.61059910708513,1.2980664659582397
24.16965517241379,3270.0,17.89454106146854,1.2348835771011204
28.564137931034487,3270.0,18.02836591579641,1.2261970845603603
32.95862068965517,3270.0,18.338173421772403,1.1912636278562894
37.35310344827587,3270.0,18.32193250529882,1.1372830764292694
41.74758620689655,3270.0,18.970199324349817,1.054760414125385
46.14206896551724,3270.0,19.184110441778458,0.9845591872864592
50.53655172413793,3270.0,19.338230293785404,0.9200423688962761
54.93103448275861,3270.0,19.755357813050033,0.8596968484835492
59.325517241379316,3270.0,20.52043171938405,0.8115958304775033
63.72,3270.0,20.456984418087902,0.7707927082809742
68.11448275862068,3270.0,20.911518825471035,0.7303248049475818
72.50896551724139,3270.0,21.216688564076783,0.7013957374968847
76.90344827586208,3270.0,21.66508422075874,0.6770401294738113
81.29793103448276,3270.0,22.464668926031546,0.6526364641412129
85.69241379310344,3270.0,22.866189473205143,0.6371963475897061
90.08689655172414,3270.0,23.084134655271797,0.6244921413822789
94.48137931034482,3270.0,23.783248950623804,0.6135135492952082
98.8758620689655,3270.0,24.134612583961243,0.6060638434119507
103.2703448275862,3270.0,24.52083919599416,0.6017117122704497
107.66482758620688,3270.0,24.77800678187746,0.5967785126970283
112.05931034482757,3270.0,25.21477463555628,0.5942097618737642
116.45379310344829,3270.0,25.633775428061686,0.5892923724025205
120.84827586206897,3270.0,25.373849661935584,0.5834956223979891
125.24275862068966,3270.0,24.870498100748385,0.5781768873811299
2.197241379310345,3290.0,17.565327111879988,1.464781646001137
6.591724137931034,3290.0,17.408942461427717,1.392728572854629
10.986206896551725,3290.0,16.910250142906552,1.347556788663161
15.380689655172414,3290.0,17.01035794629543,1.3544634311018806
19.775172413793104,3290.0,17.54609895427512,1.2958458848954448
24.16965517241379,3290.0,17.737862759639345,1.2366507575228936
28.564137931034487,3290.0,17.92853206116706,1.2220935806141087
32.95862068965517,3290.0,18.104959087679163,1.1944922713917805
37.35310344827587,3290.0,18.3534359264291,1.138291561953205
41.74758620689655,3290.0,18.703626403855715,1.052905661027823
46.14206896551724,3290.0,19.08516225591302,0.9812885225148855
50.53655172413793,3290.0,19.205914747224657,0.9164877209679883
54.93103448275861,3290.0,19.652428714498402,0.8593368572631368
59.325517241379316,3290.0,20.10438939812593,0.8124867688143343
63.72,3290.0,20.385310511185246,0.771673030961622
68.11448275862068,3290.0,20.673330506033917,0.7316506332556553
72.50896551724139,3290.0,21.205116713222452,0.7019680813939333
76.90344827586208,3290.0,21.49147643103368,0.676320352571368
81.29793103448276,3290.0,22.18472808279133,0.6537103645379574
85.69241379310344,3290.0,22.564107336697806,0.6378363777190377
90.08689655172414,3290.0,22.920211073661605,0.624057348129105
94.48137931034482,3290.0,23.530849471717836,0.615304712293873
98.8758620689655,3290.0,23.935431834740136,0.6052146221966337
103.2703448275862,3290.0,24.37509708783574,0.6010266905258265
107.66482758620688,3290.0,24.858910497920267,0.5957504310921384
112.05931034482757,3290.0,25.1475150414338,0.5939093326247925
116.45379310344829,3290.0,25.479233144513433,0.5909556846445341
120.84827586206897,3290.0,25.328052764125413,0.5847990160284682
125.24275862068966,3290.0,24.608705195640344,0.5789823450740285
2.197241379310345,3310.0,17.31046786573198,1.4829741871289615
6.591724137931034,3310.0,17.54912243452337,1.4044405973874605
10.986206896551725,3310.0,17.19160433555091,1.3513148777221204
15.380689655172414,3310.0,17.382956012945485,1.3530449640603712
19.775172413793104,3310.0,17.498082088258784,1.2987196893250612
24.16965517241379,3310.0,17.50453206879042,1.239226988289787
28.564137931034487,3310.0,17.81319461892256,1.2263173504994083
32.95862068965517,3310.0,18.06377993976801,1.1892426201586583
37.35310344827587,3310.0,18.30014177682913,1.1369541942219454
41.74758620689655,3310.0,18.475851793861032,1.0539472294095593
46.14206896551724,3310.0,18.936418769769688,0.9822011653960279
50.53655172413793,3310.0,19.21099670508351,0.916510977999495
54.93103448275861,3310.0,19.51285055856551,0.8609593936828551
59.325517241379316,3310.0,19.635460009694928,0.8146270412891876
63.72,3310.0,20.348190668970346,0.7703498737410884
68.11448275862068,3310.0,20.506973950974185,0.7310764896920172
72.50896551724139,3310.0,21.093003567298332,0.7002482285388902
76.90344827586208,3310.0,21.286669557810658,0.6767369647566069
81.29793103448276,3310.0,22.01617586284264,0.6529207664805287
85.69241379310344,3310.0,22.346266860619256,0.638084441220379
90.08689655172414,3310.0,22.845305081313292,0.624897966420331
94.48137931034482,3310.0,23.306925008132584,0.6132171538636503
98.8758620689655,3310.0,23.819668712826754,0.6061035312908658
103.2703448275862,3310.0,24.048741557251013,0.5994664935958841
107.66482758620688,3310.0,24.552846187989715,0.5958313945853114
112.05931034482757,3310.0,24.969553225620427,0.5922294760755015
116.45379310344829,3310.0,25.025031021085603,0.5902846809524828
120.84827586206897,3310.0,24.95893289264278,0.5836541447570441
125.24275862068966,3310.0,24.46380613788885,0.5778902565512054
2.197241379310345,3330.0,17.06132964425617,1.4593668745062445
6.591724137931034,3330.0,17.023325136138332,1.4019629187308824
10.986206896551725,3330.0,17.123069363059823,1.3425288777197562
15.380689655172414,3330.0,17.54304302290634,1.349760631589513
19.775172413793104,3330.0,17.18349330690809,1.296173302330058
24.16965517241379,3330.0,17.46521915634355,1.2376635734837096
28.564137931034487,3330.0,17.401105979043574,1.2255966464058394
32.95862068965517,3330.0,17.765378177010763,1.184898608084414
37.35310344827587,3330.0,17.95665436865141,1.1373684559561221
41.74758620689655,3330.0,17.978403797580135,1.0540477933988934
46.14206896551724,3330.0,18.392087650222656,0.9820566295885143
50.53655172413793,3330.0,19.060499036700552,0.9153425449822025
54.93103448275861,3330.0,19.06698970368472,0.8586793630349415
59.325517241379316,3330.0,19.44595784856938,0.8130625596778532
63.72,3330.0,19.95461951823974,0.7707386891236833
68.11448275862068,3330.0,20.00838234634311,0.7338601295495174
72.50896551724139,3330.0,20.484074052482374,0.700293727618058
76.90344827586208,3330.0,20.882219439548336,0.6747059710740181
81.29793103448276,3330.0,21.39559872847968,0.6537661064583727
85.69241379310344,3330.0,21.834814442069707,0.6390238306551325
90.08689655172414,3330.0,22.380062325369742,0.6240611310064427
94.48137931034482,3330.0,22.806131335049276,0.6132341262064794
98.8758620689655,3330.0,23.361005444382116,0.6063242359936962
103.2703448275862,3330.0,23.600740692947827,0.6016008397099086
107.66482758620688,3330.0,23.885614054313223,0.5958175749449683
112.05931034482757,3330.0,24.432651827431688,0.5927003603951154
116.45379310344829,3330.0,24.492845752241987,0.5892689716395527
120.84827586206897,3330.0,24.590558987037806,0.5839491820766475
125.24275862068966,3330.0,24.182920945252338,0.5787638473231572
2.197241379310345,3350.0,17.06071980661816,1.4508956778520918
6.591724137931034,3350.0,16.055158777162433,1.3950308111997751
10.986206896551725,3350.0,16.96521121456667,1.3404673980677733
15.380689655172414,3350.0,17.065323561429977,1.34683091997316
19.775172413793104,3350.0,17.01830893627599,1.2965722380567257
24.16965517241379,3350.0,17.318181564499223,1.2384709909307856
28.564137931034487,3350.0,17.26762213987402,1.2240485367209477
32.95862068965517,3350.0,17.47095071358813,1.182246808566068
37.35310344827587,3350.0,17.528054360879793,1.1342627807414873
41.74758620689655,3350.0,17.797858715932975,1.0498049061807642
46.14206896551724,3350.0,18.251598534222026,0.9762347343386011
50.53655172413793,3350.0,18.679051785785546,0.9154391398307363
54.93103448275861,3350.0,18.90964135201815,0.8574434329652124
59.325517241379316,3350.0,19.421166147286485,0.8097879582305934
63.72,3350.0,19.569648716138836,0.7697624905107509
68.11448275862068,3350.0,19.82040105819886,0.7306171793575751
72.50896551724139,3350.0,20.382692081567946,0.6989769761674676
76.90344827586208,3350.0,20.69475348800835,0.6725247499093971
81.29793103448276,3350.0,21.01585344877544,0.6508624987586075
85.69241379310344,3350.0,21.549608914829466,0.6373849295574059
90.08689655172414,3350.0,22.01395760018742,0.6233464716275866
94.48137931034482,3350.0,22.455193532778626,0.6135652092837867
98.8758620689655,3350.0,23.098710021784164,0.6075221952995471
103.2703448275862,3350.0,23.304536284006662,0.6010593182857018
107.66482758620688,3350.0,23.681300874856586,0.5944600589729981
112.05931034482757,3350.0,24.111460307491043,0.5927818449913647
116.45379310344829,3350.0,24.23828235340339,0.5893268135020299
120.84827586206897,3350.0,24.406073597777223,0.5831269741986558
125.24275862068966,3350.0,23.84352545963419,0.5773154335415228
2.197241379310345,3370.0,16.835587022039626,1.465436845175964
6.591724137931034,3370.0,16.179648030756248,1.4002285971091344
10.986206896551725,3370.0,16.914781565053598,1.3456585235584717
15.380689655172414,3370.0,16.955259118781047,1.356801793763512
19.775172413793104,3370.0,16.948711635083214,1.2969542687350617
24.16965517241379,3370.0,17.188765234062597,1.2356785329825737
28.564137931034487,3370.0,17.32863733674296,1.2260598198342696
32.95862068965517,3370.0,17.588998833878172,1.1846330681423942
37.35310344827587,3370.0,17.48514401084847,1.1356258543988367
41.74758620689655,3370.0,17.98414421083135,1.052576243912985
46.14206896551724,3370.0,18.185639907462665,0.9818499903400651
50.53655172413793,3370.0,18.491417242978248,0.9166405677442023
54.93103448275861,3370.0,18.79837591980841,0.8592406850860075
59.325517241379316,3370.0,19.3028261434649,0.8122492871063801
63.72,3370.0,19.660065570938183,0.7704714051934586
68.11448275862068,3370.0,19.95228270974792,0.7346298276565492
72.50896551724139,3370.0,20.382506786574602,0.6992587633690018
76.90344827586208,3370.0,20.764783317461195,0.6745892968873771
81.29793103448276,3370.0,21.04006738521627,0.6520422142749573
85.69241379310344,3370.0,21.61528799512788,0.6361610643450895
90.08689655172414,3370.0,22.017927236196133,0.6231385869380152
94.48137931034482,3370.0,22.412533450679526,0.6123325624792364
98.8758620689655,3370.0,22.820026090464147,0.6053199031433699
103.2703448275862,3370.0,23.119965690173327,0.6004707428766277
107.66482758620688,3370.0,23.528591028860703,0.5949270304906652
112.05931034482757,3370.0,24.094933502300822,0.5932935089951726
116.45379310344829,3370.0,24.20213332205183,0.5890711548612023
120.84827586206897,3370.0,24.077527059169086,0.5837014311905888
125.24275862068966,3370.0,23.452765779304578,0.577174473076527
2.197241379310345,3390.0,16.449034620655908,1.4689595591550493
6.591724137931034,3390.0,16.693847697642116,1.3935795962810515
10.986206896551725,3390.0,16.77096735948214,1.3412482770082588
15.380689655172414,3390.0,16.879113590413777,1.3403076499062276
19.775172413793104,3390.0,16.6856971542932,1.290071196722744
24.16965517241379,3390.0,16.98504916684968,1.226963799572041
28.564137931034487,3390.0,16.98826348791934,1.2235426759209407
32.95862068965517,3390.0,17.44850827582801,1.1776934791987108
37.35310344827587,3390.0,17.549061732076932,1.1306762232873189
41.74758620689655,3390.0,17.93138601560878,1.0503063460985345
46.14206896551724,3390.0,18.073800587373917,0.9793009693050279
50.53655172413793,3390.0,18.365410834009577,0.9146717586536182
54.93103448275861,3390.0,18.637277456083897,0.858336629304621
59.325517241379316,3390.0,19.017556163611715,0.8099328106802999
63.72,3390.0,19.420849114357505,0.7698019676224618
68.11448275862068,3390.0,19.592044253063236,0.7308598485450667
72.50896551724139,3390.0,20.025252176655663,0.6986343594415629
76.90344827586208,3390.0,20.543470149880484,0.6715838293116944
81.29793103448276,3390.0,20.74557729729492,0.6524109820791107
85.69241379310344,3390.0,21.574131369203833,0.6357554732005319
90.08689655172414,3390.0,21.753339894386244,0.6223228076677759
94.48137931034482,3390.0,22.2688890013489,0.6134614943859727
98.8758620689655,3390.0,22.70078122822775,0.6047536240962408
103.2703448275862,3390.0,22.965814062142893,0.597581146596899
107.66482758620688,3390.0,23.416102354739476,0.5936502198654321
112.05931034482757,3390.0,23.80105040961193,0.5924369938165893
116.45379310344829,3390.0,24.09928807875452,0.5866732918581025
120.84827586206897,3390.0,23.74372367497558,0.5829349218814768
125.24275862068966,3390.0,23.219839853603236,0.5768115896027647
2.197241379310345,3410.0,16.465557066599526,1.4576401643160373
6.591724137931034,3410.0,16.755374780959553,1.3928320845732323
10.986206896551725,3410.0,16.52156579742829,1.3430498015770715
15.380689655172414,3410.0,16.381281963377088,1.3415931086171007
19.775172413793104,3410.0,16.635359207215984,1.2872817922073887
24.16965517241379,3410.0,16.69483356248765,1.2332397416985335
28.564137931034487,3410.0,16.74520093952823,1.2231786198381867
32.95862068965517,3410.0,17.057374931095787,1.1760410092804972
37.35310344827587,3410.0,17.36680931130217,1.1303606412793865
41.74758620689655,3410.0,17.545301449604523,1.0508733714501728
46.14206896551724,3410.0,17.966508080052513,0.9821334250469124
50.53655172413793,3410.0,18.158471743393147,0.915051687243781
54.93103448275861,3410.0,18.610536511329848,0.8590199556477643
59.325517241379316,3410.0,18.856411335433627,0.8117169644226991
63.72,3410.0,19.018372732663043,0.7697027293148738
68.11448275862068,3410.0,19.322505532988107,0.7301719922492762
72.50896551724139,3410.0,19.997281281859,0.6976612910151647
76.90344827586208,3410.0,20.306745721368742,0.6734822206370615
81.29793103448276,3410.0,20.665336036181824,0.6531769533860264
85.69241379310344,3410.0,21.32153920996664,0.6332712187895208
90.08689655172414,3410.0,21.61774500775364,0.6238982783872811
94.48137931034482,3410.0,22.143811234731288,0.6129483662434002
98.8758620689655,3410.0,22.721325670950048,0.6053070703230451
103.2703448275862,3410.0,22.819055285526527,0.6000520630569054
107.66482758620688,3410.0,23.378588649562037,0.5951428239184637
112.05931034482757,3410.0,23.665603959149934,0.5917706621313527
116.45379310344829,3410.0,23.82305402650705,0.5875764371243862
120.84827586206897,3410.0,23.466452116913654,0.5836019056746393
125.24275862068966,3410.0,23.11357014339107,0.5783859806109616
2.197241379310345,3430.0,16.96152439183659,1.4569059239942475
6.591724137931034,3430.0,16.565569341389672,1.3933224758276572
10.986206896551725,3430.0,16.05434449803498,1.3435932038017133
15.380689655172414,3430.0,16.120536699339198,1.342069179457927
19.775172413793104,3430.0,16.63544985308097,1.2893565115084877
24.16965517241379,3430.0,16.513686298673587,1.2319056977118765
28.564137931034487,3430.0,16.585030666345524,1.2276133991245712
32.95862068965517,3430.0,16.816032367215183,1.1781580205526265
37.35310344827587,3430.0,17.086037456740936,1.1285157173170404
41.74758620689655,3430.0,17.318421950070267,1.0514785882823507
46.14206896551724,3430.0,17.678514757328944,0.9775557008992254
50.53655172413793,3430.0,17.96003969416468,0.9120289661108034
54.93103448275861,3430.0,18.472823973411302,0.8562717725143388
59.325517241379316,3430.0,18.639776779112353,0.810232333568124
63.72,3430.0,18.747330371704365,0.769143003096112
68.11448275862068,3430.0,19.202403235496426,0.7310794063445041
72.50896551724139,3430.0,20.090703688975836,0.6975227928511871
76.90344827586208,3430.0,20.093611124106168,0.6749225974788328
81.29793103448276,3430.0,20.45026236563777,0.6534475573991011
85.69241379310344,3430.0,20.83327747184945,0.6364149436072151
90.08689655172414,3430.0,21.45474403593985,0.6232767780189206
94.48137931034482,3430.0,21.80024664915566,0.6127061900668788
98.8758620689655,3430.0,22.27575114226112,0.605480339306333
103.2703448275862,3430.0,22.568570680901527,0.598481464463338
107.66482758620688,3430.0,22.936021391402257,0.5961574365370522
112.05931034482757,3430.0,23.40490070039325,0.5912766356375153
116.45379310344829,3430.0,23.37736000678054,0.5884719101279794
120.84827586206897,3430.0,23.09428099043401,0.5847181241840972
125.24275862068966,3430.0,22.80113767729684,0.5780732073191938
2.197241379310345,3450.0,16.357820138004094,1.4518223677651356
6.591724137931034,3450.0,16.27465649052627,1.3964738781635577
10.986206896551725,3450.0,15.921454965930293,1.3427551707364447
15.380689655172414,3450.0,15.738231082136432,1.3415069609512518
19.775172413793104,3450.0,16.37219736648676,1.29660464091325
24.16965517241379,3450.0,16.267728353007918,1.2318635754475074
28.564137931034487,3450.0,16.28591108617062,1.2229189562605876
32.95862068965517,3450.0,16.74196091048523,1.1720163674519166
37.35310344827587,3450.0,16.900801535530224,1.1283914455371844
41.74758620689655,3450.0,17.295368013672658,1.0494214711546328
46.14206896551724,3450.0,17.655041419399474,0.9788479779937626
50.53655172413793,3450.0,17.649775900567573,0.9113844494397932
54.93103448275861,3450.0,18.060180224585068,0.8593990189609704
59.325517241379316,3450.0,18.528673760871044,0.8115607436214175
63.72,3450.0,18.536985220416323,0.7694977378337841
68.11448275862068,3450.0,19.04665979147417,0.7308280247434501
72.50896551724139,3450.0,19.622999528827016,0.6993920877109565
76.90344827586208,3450.0,19.933823101263904,0.6726821668637104
81.29793103448276,3450.0,20.086937300950865,0.6530045221754232
85.69241379310344,3450.0,20.529328654776663,0.6372335349558301
90.08689655172414,3450.0,21.04750875911576,0.6233700828378191
94.48137931034482,3450.0,21.375746123744026,0.6123864395659601
98.8758620689655,3450.0,21.88919773570493,0.6074983384800248
103.2703448275862,3450.0,22.0838252905431,0.5987716482607438
107.66482758620688,3450.0,22.510682601281854,0.5955102004698926
112.05931034482757,3450.0,22.839711442062953,0.5918828784846343
116.45379310344829,3450.0,22.8273396982363,0.587360077654112
120.84827586206897,3450.0,22.8847369736097,0.584415157353599
125.24275862068966,3450.0,22.411000597599518,0.5780306352062237
2.197241379310345,3470.0,15.622436017460297,1.4532148514763783
6.591724137931034,3470.0,15.926596597664886,1.3935042686187304
10.986206896551725,3470.0,15.973501847298058,1.3378727198471123
15.380689655172414,3470.0,15.652745341192238,1.3348348878538658
19.775172413793104,3470.0,16.00754722984683,1.292843638799653
24.16965517241379,3470.0,16.240306938096644,1.2353689541899358
28.564137931034487,3470.0,16.236965663808707,1.228169889123166
32.95862068965517,3470.0,16.625438093828656,1.1750448376211664
37.35310344827587,3470.0,16.842301736699625,1.1250635730496532
41.74758620689655,3470.0,17.177997548586855,1.0517934024138296
46.14206896551724,3470.0,17.453057931720192,0.9757407116250391
50.53655172413793,3470.0,17.703765861785563,0.9121521916019587
54.93103448275861,3470.0,17.817313287153464,0.854952389029441
59.325517241379316,3470.0,18.510939500993118,0.8094777689958566
63.72,3470.0,18.565307315490728,0.7669418652615285
68.11448275862068,3470.0,19.013843764953407,0.7275863208024925
72.50896551724139,3470.0,19.243395317129043,0.6986300260429588
76.90344827586208,3470.0,19.81091088766439,0.6732161773624662
81.29793103448276,3470.0,20.036594171131004,0.6516984181635849
85.69241379310344,3470.0,20.55887304670245,0.6369466829992019
90.08689655172414,3470.0,20.83460281312871,0.6234839458594703
94.48137931034482,3470.0,21.168042195014774,0.6104442860683869
98.8758620689655,3470.0,21.73679061300862,0.603897202265039
103.2703448275862,3470.0,21.89353598244045,0.5974548253778963
107.66482758620688,3470.0,22.310366827123925,0.5941842603473283
112.05931034482757,3470.0,22.75565491343287,0.5918679176412557
116.45379310344829,3470.0,22.7478966905287,0.5877862060289891
120.84827586206897,3470.0,22.732438666940805,0.5827080189160081
125.24275862068966,3470.0,22.205247307636963,0.5780208687609951
2.197241379310345,3490.0,15.29850052528911,1.438426418493023
6.591724137931034,3490.0,15.009551169764663,1.3943297629172986
10.986206896551725,3490.0,15.591707148485716,1.3425293276386876
15.380689655172414,3490.0,15.798283470173677,1.3317045271641923
19.775172413793104,3490.0,15.913298042411478,1.2897007528045015
24.16965517241379,3490.0,16.07640931798175,1.2312621247305089
28.564137931034487,3490.0,16.192315906363852,1.2218723473350828
32.95862068965517,3490.0,16.566597787145938,1.1672534165234052
37.35310344827587,3490.0,16.629686345542886,1.1240624765907434
41.74758620689655,3490.0,17.060669093177868,1.0470276444003106
46.14206896551724,3490.0,17.071859748301726,0.9762700057333022
50.53655172413793,3490.0,17.851644732153567,0.9133049861892409
54.93103448275861,3490.0,17.819558937276135,0.8577584700451957
59.325517241379316,3490.0,18.231091148116523,0.808630130095494
63.72,3490.0,18.357036517335125,0.766436300940616
68.11448275862068,3490.0,18.811150708481566,0.7279097399974274
72.50896551724139,3490.0,19.152312070762036,0.6975022218344274
76.90344827586208,3490.0,19.54312074943963,0.6727812137163289
81.29793103448276,3490.0,19.90714680811993,0.649915266256419
85.69241379310344,3490.0,20.16623914587325,0.6330735738879132
90.08689655172414,3490.0,20.723976692670533,0.6216517895010848
94.48137931034482,3490.0,20.858826117907903,0.6121905055455464
98.8758620689655,3490.0,21.575973993883682,0.6046921271815684
103.2703448275862,3490.0,21.86514748459209,0.5971053449672361
107.66482758620688,3490.0,21.999735319430286,0.5948850079946348
112.05931034482757,3490.0,22.729597357525066,0.592563662863425
116.45379310344829,3490.0,22.594533790841147,0.5871857238886837
120.84827586206897,3490.0,22.554172987824465,0.5834617279345375
125.24275862068966,3490.0,22.010938588609054,0.5770704306643955
2.197241379310345,3510.0,15.767374814218945,1.4536972295092998
6.591724137931034,3510.0,15.285175952646469,1.392615608068613
10.986206896551725,3510.0,15.599478557016011,1.3355983740173727
15.380689655172414,3510.0,15.609398629102444,1.3328753053306648
19.775172413793104,3510.0,16.266398006015354,1.284289492843133
24.16965517241379,3510.0,15.984045820946376,1.230179878562188
28.564137931034487,3510.0,16.187655108049512,1.2237528069165071
32.95862068965517,3510.0,16.349047516783077,1.169712805761553
37.35310344827587,3510.0,16.75813122224063,1.1248804967936845
41.74758620689655,3510.0,17.026507788775568,1.0511322738661122
46.14206896551724,3510.0,17.00328638094167,0.977665237604385
50.53655172413793,3510.0,17.445470333003847,0.9133680946830469
54.93103448275861,3510.0,17.74217080135286,0.8553876827160517
59.325517241379316,3510.0,17.99992440609882,0.8088967379116447
63.72,3510.0,18.216693431621902,0.7674078045971543
68.11448275862068,3510.0,18.668949837214313,0.7321431275756375
72.50896551724139,3510.0,18.982090338177624,0.6971507236123168
76.90344827586208,3510.0,19.42274482615499,0.67221864548014
81.29793103448276,3510.0,19.651425596758507,0.6497918985880456
85.69241379310344,3510.0,19.899541595356837,0.6347568601113854
90.08689655172414,3510.0,20.590619311868608,0.6212639194304287
94.48137931034482,3510.0,20.71979682437617,0.6123447750178534
98.8758620689655,3510.0,21.294038243910187,0.6027632479916721
103.2703448275862,3510.0,21.534859520797102,0.5984716009746336
107.66482758620688,3510.0,21.91116504326206,0.5939420822212652
112.05931034482757,3510.0,22.367359538459112,0.5916013711920152
116.45379310344829,3510.0,22.33800765089001,0.5864860881457461
120.84827586206897,3510.0,22.401735398577515,0.5823492975562911
125.24275862068966,3510.0,21.740496794833838,0.5771039353331607
2.197241379310345,3530.0,16.7651646733284,1.4229155684595054
6.591724137931034,3530.0,15.954649278480145,1.393203154206276
10.986206896551725,3530.0,15.935681530308946,1.3411895415749968
15.380689655172414,3530.0,15.628712814853147,1.3297791840802682
19.775172413793104,3530.0,16.23066387077173,1.2900544357630523
24.16965517241379,3530.0,16.08411471167254,1.2360384633310704
28.564137931034487,3530.0,16.34452119562775,1.2211821672639676
32.95862068965517,3530.0,16.400702996748606,1.169277960075594
37.35310344827587,3530.0,16.808984618778858,1.1179243287765313
41.74758620689655,3530.0,16.743795942785773,1.0486835236870968
46.14206896551724,3530.0,17.072315979828563,0.9761120945676766
50.53655172413793,3530.0,17.213633228507305,0.9107308893100076
54.93103448275861,3530.0,17.838884066469888,0.8564181909792953
59.325517241379316,3530.0,17.825215647902546,0.8080812493498206
63.72,3530.0,18.142159264419735,0.7680820193120953
68.11448275862068,3530.0,18.514285834184218,0.7284943828072369
72.50896551724139,3530.0,18.86720189429381,0.6983984272631717
76.90344827586208,3530.0,19.121177452833702,0.6724841102448285
81.29793103448276,3530.0,19.457399585117823,0.6500820436928644
85.69241379310344,3530.0,19.93073946617292,0.6348819945678468
90.08689655172414,3530.0,20.299197855504765,0.6216840116064819
94.48137931034482,3530.0,20.772082082886573,0.611706739674448
98.8758620689655,3530.0,21.072613162561677,0.6036790001071974
103.2703448275862,3530.0,21.374106406234205,0.5992896313962401
107.66482758620688,3530.0,21.664822484555717,0.5942206118031397
112.05931034482757,3530.0,22.094344937841498,0.5924896433207784
116.45379310344829,3530.0,22.23542747921828,0.5873258595191733
120.84827586206897,3530.0,22.168363116839842,0.582570677514135
125.24275862068966,3530.0,21.456661147152772,0.5763662858274732
2.197241379310345,3550.0,15.828138731585607,1.4403498260314855
6.591724137931034,3550.0,15.720739946390191,1.379921508523134
10.986206896551725,3550.0,15.801375153577991,1.3331699188678496
15.380689655172414,3550.0,15.59611706725425,1.3284360316434973
19.775172413793104,3550.0,15.72068218918692,1.2868833953766023
24.16965517241379,3550.0,15.928406908723806,1.2337026383195604
28.564137931034487,3550.0,16.239892028789555,1.225562081885125
32.95862068965517,3550.0,16.42304450702957,1.1662104492936403
37.35310344827587,3550.0,16.206636100883284,1.1169544687293886
41.74758620689655,3550.0,16.329400696194707,1.0514209515939574
46.14206896551724,3550.0,16.884774702529494,0.9745810187990422
50.53655172413793,3550.0,17.168235376063322,0.9105292944598339
54.93103448275861,3550.0,17.665353237367555,0.8534268862119427
59.325517241379316,3550.0,17.797331950497917,0.8071562538926418
63.72,3550.0,17.94227338016585,0.7676775286191972
68.11448275862068,3550.0,18.143575057755285,0.7291304356169419
72.50896551724139,3550.0,18.648325421920088,0.6959693259268128
76.90344827586208,3550.0,18.946597128651206,0.672582104331878
81.29793103448276,3550.0,19.357286454011927,0.650294724684289
85.69241379310344,3550.0,19.839460454188323,0.634474695774934
90.08689655172414,3550.0,20.049191075265234,0.621895619859947
94.48137931034482,3550.0,20.60610344929857,0.613001092390917
98.8758620689655,3550.0,20.907407976312832,0.6052233783970257
103.2703448275862,3550.0,21.27054830463899,0.600072868708357
107.66482758620688,3550.0,21.44215798519295,0.5948971708186427
112.05931034482757,3550.0,22.070277347947513,0.593129897542399
116.45379310344829,3550.0,22.099673069958335,0.5885576411432445
120.84827586206897,3550.0,22.02136788022966,0.582716586242701
125.24275862068966,3550.0,21.241965089325664,0.577393070328603
2.197241379310345,3570.0,15.406898256142934,1.4219434665421309
6.591724137931034,3570.0,15.442456822428438,1.3868529801185314
10.986206896551725,3570.0,15.660684950235819,1.3370838972830004
15.380689655172414,3570.0,15.33950924211078,1.3264981614131677
19.775172413793104,3570.0,15.478142115518322,1.2862877037756681
24.16965517241379,3570.0,15.681558397938572,1.2317128917437141
28.564137931034487,3570.0,15.9452344345498,1.2228944717160608
32.95862068965517,3570.0,16.206018920069457,1.1655380836432185
37.35310344827587,3570.0,15.918243693870801,1.1192286180644861
41.74758620689655,3570.0,16.233428955492045,1.0459805920826792
46.14206896551724,3570.0,16.60418140101764,0.9785245409218875
50.53655172413793,3570.0,16.946007351271618,0.9083614960577884
54.93103448275861,3570.0,17.129113309913212,0.857528446904487
59.325517241379316,3570.0,17.539697312400676,0.8080405020363635
63.72,3570.0,17.836863917450962,0.7669133542545655
68.11448275862068,3570.0,17.886223398332977,0.7296548788391147
72.50896551724139,3570.0,18.434002317103836,0.6983689017832196
76.90344827586208,3570.0,18.920901297887838,0.6729296055829972
81.29793103448276,3570.0,19.147109008677628,0.6504554947217306
85.69241379310344,3570.0,19.786710835849316,0.6345121636015685
90.08689655172414,3570.0,19.954984473499586,0.6212855149694889
94.48137931034482,3570.0,20.220936146520437,0.6114439925446117
98.8758620689655,3570.0,20.656704972219515,0.6042832401118281
103.2703448275862,3570.0,21.103239288191414,0.5991511432076353
107.66482758620688,3570.0,21.32575788748499,0.5955230535357313
112.05931034482757,3570.0,21.76371998203172,0.5921264296608273
116.45379310344829,3570.0,21.855149945685707,0.5881465362566519
120.84827586206897,3570.0,21.753150628764015,0.5831489680384763
125.24275862068966,3570.0,21.169436767446314,0.5776708013493649
2.197241379310345,3590.0,15.51276532676485,1.4350347855670305
6.591724137931034,3590.0,15.283967027854587,1.3880822624151523
10.986206896551725,3590.0,15.537038790820924,1.3301565721287705
15.380689655172414,3590.0,15.25519126108675,1.324334637605046
19.775172413793104,3590.0,15.645747347997549,1.2882536697402718
24.16965517241379,3590.0,15.519160796843826,1.2311282912347496
28.564137931034487,3590.0,15.769283725078115,1.2227549739082122
32.95862068965517,3590.0,16.12421129805605,1.1630852615435314
37.35310344827587,3590.0,16.007202960240345,1.1157522233048045
41.74758620689655,3590.0,16.349306803817548,1.0527085949597894
46.14206896551724,3590.0,16.462618925107215,0.974039511985879
50.53655172413793,3590.0,16.735725045076805,0.9130560626596095
54.93103448275861,3590.0,17.038549781967234,0.8559849872495289
59.325517241379316,3590.0,17.334837237925967,0.8080244101615448
63.72,3590.0,17.775366861922205,0.7666863008219283
68.11448275862068,3590.0,17.902061832551325,0.7289281070078658
72.50896551724139,3590.0,18.383735490815035,0.6965878780034885
76.90344827586208,3590.0,18.662774503961877,0.6700429193366914
81.29793103448276,3590.0,18.989250824557267,0.6505743162413842
85.69241379310344,3590.0,19.426472224043188,0.63509161686922
90.08689655172414,3590.0,19.692542121540797,0.6220650433337536
94.48137931034482,3590.0,20.050603325596995,0.6134965095421742
98.8758620689655,3590.0,20.57324048291274,0.6066789924229437
103.2703448275862,3590.0,20.98267846456951,0.5995854207922966
107.66482758620688,3590.0,21.016257297076372,0.5972279237217014
112.05931034482757,3590.0,21.37512752101427,0.5921829594813321
116.45379310344829,3590.0,21.63884424218839,0.5863380838793038
120.84827586206897,3590.0,21.356120849874333,0.582362589600767
125.24275862068966,3590.0,20.90077412829204,0.5776914018421567
2.197241379310345,3610.0,15.251903628640704,1.4447231878668576
6.591724137931034,3610.0,14.830533262963096,1.393780074440516
10.986206896551725,3610.0,15.249871126341601,1.3319822158406955
15.380689655172414,3610.0,15.268568161254128,1.325701011846095
19.775172413793104,3610.0,15.51741356256171,1.2862313219640116
24.16965517241379,3610.0,15.403013336102642,1.2282284670078956
28.564137931034487,3610.0,15.683168308498958,1.22411168930786
32.95862068965517,3610.0,15.886960103486974,1.163201170938149
37.35310344827587,3610.0,15.989488858543336,1.11643640276192
41.74758620689655,3610.0,16.244208705285168,1.0476630163064682
46.14206896551724,3610.0,16.278842908473543,0.9728778886188448
50.53655172413793,3610.0,16.477180460595296,0.9108385910600306
54.93103448275861,3610.0,17.16621163153627,0.8552795758677854
59.325517241379316,3610.0,17.141283820509365,0.808839215669507
63.72,3610.0,17.5712038804662,0.7689652548437567
68.11448275862068,3610.0,17.882969044712315,0.7269976503856057
72.50896551724139,3610.0,18.194788687739265,0.6957882066077251
76.90344827586208,3610.0,18.31336102849907,0.6717002574234398
81.29793103448276,3610.0,18.802931035396412,0.6492436740797608
85.69241379310344,3610.0,18.97711119039551,0.6341402925709836
90.08689655172414,3610.0,19.338072066303013,0.621718414963989
94.48137931034482,3610.0,19.9216464512671,0.6113711947483476
98.8758620689655,3610.0,20.556026324378543,0.6043069232481911
103.2703448275862,3610.0,20.68233917084419,0.5979053826526494
107.66482758620688,3610.0,20.735243093878946,0.5961160507054877
112.05931034482757,3610.0,21.16577574287099,0.5917833229063323
116.45379310344829,3610.0,21.42383882143293,0.58725891317899
120.84827586206897,3610.0,21.1985892678544,0.5810014307312045
125.24275862068966,3610.0,20.659285269137598,0.5769678640896144
2.197241379310345,3630.0,15.171609503030776,1.4345411345110102
6.591724137931034,3630.0,14.75994713873499,1.3893209367990493
10.986206896551725,3630.0,15.096211446104226,1.336881462467431
15.380689655172414,3630.0,15.015403781362153,1.3217011762744606
19.775172413793104,3630.0,15.14139909637917,1.285135713927612
24.16965517241379,3630.0,15.266161176538658,1.228594210875385
28.564137931034487,3630.0,15.40760590782803,1.2177150428108787
32.95862068965517,3630.0,15.645128026863352,1.1630973016139408
37.35310344827587,3630.0,15.883031131306456,1.1156367514826266
41.74758620689655,3630.0,16.084167098610575,1.0452179731289926
46.14206896551724,3630.0,16.16327096995476,0.9717822191758757
50.53655172413793,3630.0,16.282823829792246,0.90995989473382
54.93103448275861,3630.0,16.95704089860869,0.8532208307059826
59.325517241379316,3630.0,16.81967763481144,0.8065901231256866
63.72,3630.0,17.342979904548784,0.7684109818809736
68.11448275862068,3630.0,17.576515909169373,0.7285399603971068
72.50896551724139,3630.0,17.83252993517767,0.6951663477737482
76.90344827586208,3630.0,18.094117127865964,0.668771402051894
81.29793103448276,3630.0,18.630135547774643,0.6494610255477389
85.69241379310344,3630.0,18.801514027901174,0.6323738254836244
90.08689655172414,3630.0,19.15365271039662,0.6208732403244871
94.48137931034482,3630.0,19.579959492398693,0.6110010638083202
98.8758620689655,3630.0,20.23890006617378,0.6039325473017794
103.2703448275862,3630.0,20.449273129112072,0.5986565311350855
107.66482758620688,3630.0,20.574501054382875,0.5956936789792255
112.05931034482757,3630.0,20.969591011490785,0.5914822345102265
116.45379310344829,3630.0,21.070482410331845,0.5863571199359464
120.84827586206897,3630.0,20.94165530514118,0.5822488054676748
125.24275862068966,3630.0,20.42089014513852,0.5760353909441348
2.197241379310345,3650.0,15.405123227172428,1.4277558037116702
6.591724137931034,3650.0,14.850170569494367,1.3944409464414302
10.986206896551725,3650.0,15.047905182810844,1.334497374186318
15.380689655172414,3650.0,14.721430447504474,1.3253390127739297
19.775172413793104,3650.0,15.127946298505758,1.2892273745548815
24.16965517241379,3650.0,15.137112348532629,1.229607953087372
28.564137931034487,3650.0,15.404761565073082,1.2243914553873132
32.95862068965517,3650.0,15.754143088926664,1.1619999953665756
37.35310344827587,3650.0,15.806487271003425,1.1136862141211068
41.74758620689655,3650.0,16.05547433787495,1.0439601411430988
46.14206896551724,3650.0,16.1066649854024,0.9744128093650911
50.53655172413793,3650.0,16.318189389223598,0.9092159587374553
54.93103448275861,3650.0,16.651110880197056,0.8534619918713967
59.325517241379316,3650.0,16.98269802937284,0.8081369113967465
63.72,3650.0,17.28094565160975,0.7660054869849054
68.11448275862068,3650.0,17.49795192258467,0.7280802375629445
72.50896551724139,3650.0,17.775827507490277,0.6979036595936611
76.90344827586208,3650.0,18.172111618456743,0.6710392024654609
81.29793103448276,3650.0,18.60246229128027,0.6511322147478605
85.69241379310344,3650.0,18.897358205727336,0.633541307142843
90.08689655172414,3650.0,19.29288116760569,0.620862155345683
94.48137931034482,3650.0,19.466809868746036,0.611669693533052
98.8758620689655,3650.0,19.950500733569324,0.6042066654964949
103.2703448275862,3650.0,20.26486512263202,0.5990191491377284
107.66482758620688,3650.0,20.472736655945006,0.5946106276692825
112.05931034482757,3650.0,20.78066505191954,0.5921352437044161
116.45379310344829,3650.0,21.067745404097217,0.5880158286287777
120.84827586206897,3650.0,20.817664181150107,0.5823667797393922
125.24275862068966,3650.0,20.152498651852106,0.5776121900186535
2.197241379310345,3670.0,14.881848452488583,1.4233968917932887
6.591724137931034,3670.0,14.674969433703357,1.381996279496413
10.986206896551725,3670.0,14.95906705988778,1.3299772871254776
15.380689655172414,3670.0,14.53810519973437,1.3181254305988797
19.775172413793104,3670.0,15.134034697252975,1.2841401756635542
24.16965517241379,3670.0,15.052400372271974,1.2265322568724637
28.564137931034487,3670.0,15.417238572871106,1.2192350694111416
32.95862068965517,3670.0,15.519690191243878,1.1597268349845782
37.35310344827587,3670.0,15.658483165461154,1.1161558748226699
41.74758620689655,3670.0,15.788366826107868,1.0420336740936886
46.14206896551724,3670.0,15.974216017060174,0.9713318119303579
50.53655172413793,3670.0,16.301909002674442,0.90848340052861
54.93103448275861,3670.0,16.527258647385462,0.8521004059110526
59.325517241379316,3670.0,17.044779111889916,0.8032372040533959
63.72,3670.0,17.166165030480904,0.7665286654859852
68.11448275862068,3670.0,17.39778360815569,0.7291951413947867
72.50896551724139,3670.0,17.708840601340246,0.6963417905283074
76.90344827586208,3670.0,18.136520231111597,0.6707824104558003
81.29793103448276,3670.0,18.36451622144041,0.6490421393129904
85.69241379310344,3670.0,18.725703128690018,0.63471451837799
90.08689655172414,3670.0,19.28289506461391,0.6228692583419436
94.48137931034482,3670.0,19.396093048155308,0.6131295543044358
98.8758620689655,3670.0,19.793430334458556,0.6053313074659926
103.2703448275862,3670.0,20.27072225972301,0.6002037887818141
107.66482758620688,3670.0,20.419592972059817,0.5967210096797337
112.05931034482757,3670.0,20.677958150554183,0.591841646428831
116.45379310344829,3670.0,20.947745956239046,0.5878688764820282
120.84827586206897,3670.0,20.773658588406892,0.5837280634092946
125.24275862068966,3670.0,20.03740136300459,0.5775910014738325
2.197241379310345,3690.0,14.745729621251424,1.4393935930930961
6.591724137931034,3690.0,14.971670521630182,1.3861808001995086
10.986206896551725,3690.0,14.861457802631238,1.3300067231677095
15.380689655172414,3690.0,14.764078256432656,1.3257168524549823
19.775172413793104,3690.0,15.18305450123854,1.2880756891066727
24.16965517241379,3690.0,14.891371416134968,1.2263637841248713
28.564137931034487,3690.0,15.147772745384525,1.2185415655374527
32.95862068965517,3690.0,15.36538484444221,1.1641562415770226
37.35310344827587,3690.0,15.638759056789178,1.1148502801685998
41.74758620689655,3690.0,15.662647439047504,1.0438098151518032
46.14206896551724,3690.0,16.023043025722806,0.9716375813844194
50.53655172413793,3690.0,16.303293672517643,0.9087684444140776
54.93103448275861,3690.0,16.71192512542383,0.8521920240173737
59.325517241379316,3690.0,16.999536670175278,0.8054105081955256
63.72,3690.0,17.07991641759585,0.7642256688791889
68.11448275862068,3690.0,17.091683169401445,0.7304987849924348
72.50896551724139,3690.0,17.534709201149997,0.6959248905294213
76.90344827586208,3690.0,17.898841724606854,0.6697981928099855
81.29793103448276,3690.0,18.11830826219709,0.6478277702511128
85.69241379310344,3690.0,18.532490720816075,0.634016815219869
90.08689655172414,3690.0,18.948391072750894,0.6199781899343051
94.48137931034482,3690.0,19.222894536819133,0.6094712804867317
98.8758620689655,3690.0,19.63685812625604,0.6044616013818229
103.2703448275862,3690.0,20.16787511057826,0.5981117573865014
107.66482758620688,3690.0,20.34515511209566,0.5929555205131513
112.05931034482757,3690.0,20.625223710330246,0.5899289487207907
116.45379310344829,3690.0,20.644219383280035,0.5864378099198789
120.84827586206897,3690.0,20.50253619167808,0.5826715647109028
125.24275862068966,3690.0,20.01323141174509,0.5769991582532965
2.197241379310345,3710.0,15.111597345272699,1.4398672149679754
6.591724137931034,3710.0,14.74985605912904,1.387352084655028
10.986206896551725,3710.0,14.52129639685154,1.3366014254257976
15.380689655172414,3710.0,14.65548419062462,1.3219741280428463
19.775172413793104,3710.0,14.879843841091944,1.2856469299991424
24.16965517241379,3710.0,14.677790864089888,1.225496188087874
28.564137931034487,3710.0,14.857336556073278,1.2200591950544288
32.95862068965517,3710.0,15.218341773168907,1.1598651846460941
37.35310344827587,3710.0,15.415008791805139,1.1102262649171837
41.74758620689655,3710.0,15.398133747574168,1.0440722257832704
46.14206896551724,3710.0,15.53430449226314,0.971342776663008
50.53655172413793,3710.0,16.14613228565894,0.9095544705071704
54.93103448275861,3710.0,16.354085807511616,0.8526454059200155
59.325517241379316,3710.0,16.61007712730983,0.8071114178038409
63.72,3710.0,16.87220159757963,0.76453687124956
68.11448275862068,3710.0,16.788561466630018,0.7267695092592682
72.50896551724139,3710.0,17.377123690342096,0.6950885056827596
76.90344827586208,3710.0,17.66464831024512,0.669156661253474
81.29793103448276,3710.0,17.88535774093299,0.6500477888566876
85.69241379310344,3710.0,18.38291875372983,0.6330418230224206
90.08689655172414,3710.0,18.5648045943173,0.6198852159444811
94.48137931034482,3710.0,18.86571778633608,0.6117493000790891
98.8758620689655,3710.0,19.29110216933231,0.6051671291091318
103.2703448275862,3710.0,19.58561480959641,0.5985356541888662
107.66482758620688,3710.0,19.95591715675461,0.5960041970599205
112.05931034482757,3710.0,20.2412477457137,0.5914562791316218
116.45379310344829,3710.0,20.383283336208788,0.5857609694629162
120.84827586206897,3710.0,20.169777837362798,0.583166401263289
125.24275862068966,3710.0,19.78847503979018,0.5770535384669646
2.197241379310345,3730.0,14.506197718779244,1.4347901431854162
6.591724137931034,3730.0,14.532339538137117,1.3976564418811064
10.986206896551725,3730.0,14.542318389509562,1.330430737426204
15.380689655172414,3730.0,14.573447838770571,1.3232132964314895
19.775172413793104,3730.0,14.747946213485086,1.2855964733911702
24.16965517241379,3730.0,14.662969910731865,1.2235503851303033
28.564137931034487,3730.0,14.731545977579014,1.2149850140995828
32.95862068965517,3730.0,15.227004920054847,1.156309085184417
37.35310344827587,3730.0,15.102405184114144,1.1109483460368434
41.74758620689655,3730.0,15.235378655883617,1.044690672566043
46.14206896551724,3730.0,15.336797973554997,0.9702580917165079
50.53655172413793,3730.0,15.879560908955387,0.9050168750491067
54.93103448275861,3730.0,15.764045852359958,0.8505887322127819
59.325517241379316,3730.0,16.158173248133,0.8037474844683457
63.72,3730.0,16.74414684913225,0.7629599307345889
68.11448275862068,3730.0,16.89636130744511,0.7242531551263661
72.50896551724139,3730.0,17.405097504248644,0.6952333472959272
76.90344827586208,3730.0,17.569979558340208,0.6681284055917143
81.29793103448276,3730.0,17.802479070309854,0.6480442584754506
85.69241379310344,3730.0,18.301752585787234,0.6316726908785119
90.08689655172414,3730.0,18.569110262686813,0.6195246144871283
94.48137931034482,3730.0,18.655063615211503,0.610243872869002
98.8758620689655,3730.0,19.196095659365703,0.6036741492880648
103.2703448275862,3730.0,19.348265849120384,0.5988430918817363
107.66482758620688,3730.0,19.701843467301966,0.594445086406637
112.05931034482757,3730.0,20.058463087142364,0.5910927413950139
116.45379310344829,3730.0,20.27534091251983,0.5865182323386126
120.84827586206897,3730.0,20.235202596105903,0.581668021350501
125.24275862068966,3730.0,19.64817388009073,0.575919109343008
2.197241379310345,3750.0,14.129584803846148,1.4311396045199896
6.591724137931034,3750.0,14.728772875335482,1.3830607599937
10.986206896551725,3750.0,14.270286893403089,1.3255798911444052
15.380689655172414,3750.0,14.717538367129032,1.3220532950891497
19.775172413793104,3750.0,14.769280241340654,1.2872284627531276
24.16965517241379,3750.0,14.825633763350428,1.2230517378374308
28.564137931034487,3750.0,14.873999203839857,1.2144117530435323
32.95862068965517,3750.0,15.439863738720305,1.1630984905411874
37.35310344827587,3750.0,15.07184988140232,1.1124333513832028
41.74758620689655,3750.0,15.345591687955535,1.0438774106787838
46.14206896551724,3750.0,15.678434513795834,0.9713359504806257
50.53655172413793,3750.0,15.94407255988982,0.9068998746544477
54.93103448275861,3750.0,16.043177815454623,0.8525167656303556
59.325517241379316,3750.0,16.263614624790435,0.8041029423853148
63.72,3750.0,16.631386045814942,0.7644515286007854
68.11448275862068,3750.0,17.185160621989198,0.7259353658152838
72.50896551724139,3750.0,17.39358693426327,0.6956512271394235
76.90344827586208,3750.0,17.54851777255891,0.6704219104642541
81.29793103448276,3750.0,17.83228240295309,0.6505145654403642
85.69241379310344,3750.0,18.137982825429184,0.6335932626984837
90.08689655172414,3750.0,18.495605086607863,0.6212174922086419
94.48137931034482,3750.0,18.772076374474207,0.611928341371791
98.8758620689655,3750.0,19.06285265979604,0.6052703983651032
103.2703448275862,3750.0,19.4074161868572,0.5986673502975767
107.66482758620688,3750.0,19.758499949185673,0.5953172477278015
112.05931034482757,3750.0,20.002191229055477,0.5905835534820999
116.45379310344829,3750.0,20.15075938863749,0.58656902830466
120.84827586206897,3750.0,20.106368672994446,0.5844186560552953
125.24275862068966,3750.0,19.35875786678581,0.5780414438293605
2.197241379310345,3770.0,14.174053580231135,1.4321208276317619
6.591724137931034,3770.0,14.675222934120232,1.3806711059350234
10.986206896551725,3770.0,14.109406123282733,1.3331854574141964
15.380689655172414,3770.0,14.749068606161961,1.3204032346679901
19.775172413793104,3770.0,14.527227929164457,1.2858585914976952
24.16965517241379,3770.0,14.69068853019012,1.2286055905415731
28.564137931034487,3770.0,14.734942024366722,1.214829890616238
32.95862068965517,3770.0,15.220692038186826,1.1579517296123938
37.35310344827587,3770.0,15.06927850100522,1.1121464849209557
41.74758620689655,3770.0,15.167926621440257,1.0417291564537283
46.14206896551724,3770.0,15.635039424682912,0.9702502309748556
50.53655172413793,3770.0,15.857373843654099,0.9066480324261273
54.93103448275861,3770.0,16.12446763903223,0.8524480145838526
59.325517241379316,3770.0,16.1352943775451,0.8065520103639803
63.72,3770.0,16.39232527963633,0.7650399735240397
68.11448275862068,3770.0,16.958886370338774,0.7259802322013903
72.50896551724139,3770.0,17.06665183763419,0.695954928089125
76.90344827586208,3770.0,17.339118247295524,0.6687395442069007
81.29793103448276,3770.0,17.57690342195368,0.6495000209914118
85.69241379310344,3770.0,17.7664848499288,0.6337360317258262
90.08689655172414,3770.0,18.137387517383512,0.6213467421227498
94.48137931034482,3770.0,18.6252951926537,0.6113941348387164
98.8758620689655,3770.0,18.97080940302684,0.6037295768774185
103.2703448275862,3770.0,19.35906710572511,0.5991322565075816
107.66482758620688,3770.0,19.681552597417912,0.5953106677202297
112.05931034482757,3770.0,19.745291664142805,0.5904197656798147
116.45379310344829,3770.0,19.785949855663432,0.5861305174987516
120.84827586206897,3770.0,19.869025988248634,0.5821766717465326
125.24275862068966,3770.0,19.185988374827087,0.5769711704101392
2.197241379310345,3790.0,14.363540534178416,1.4369706299345373
6.591724137931034,3790.0,14.341168071453769,1.3887262486494505
10.986206896551725,3790.0,14.529516526946315,1.3294743228068548
15.380689655172414,3790.0,14.734866605726657,1.3240417510123779
19.775172413793104,3790.0,14.331676504550838,1.2839689466079476
24.16965517241379,3790.0,14.4911619740287,1.220308944708159
28.564137931034487,3790.0,14.641242996142765,1.2147427292274577
32.95862068965517,3790.0,15.018993221611405,1.1550217304542683
37.35310344827587,3790.0,15.033042075681603,1.107534518447612
41.74758620689655,3790.0,15.027836315954726,1.0398417724598277
46.14206896551724,3790.0,15.411720865095656,0.9705164330327405
50.53655172413793,3790.0,15.60616798205381,0.9084765734703173
54.93103448275861,3790.0,15.845446171526092,0.849101943736551
59.325517241379316,3790.0,15.968780256988893,0.8037058676601665
63.72,3790.0,16.366642701301586,0.76396677979137
68.11448275862068,3790.0,16.462126724582944,0.7252814166780421
72.50896551724139,3790.0,16.779961420719577,0.6911656306499566
76.90344827586208,3790.0,17.095283984638645,0.6687558399884423
81.29793103448276,3790.0,17.31277804656161,0.6472808986176919
85.69241379310344,3790.0,17.606428576678326,0.6311267877341871
90.08689655172414,3790.0,17.963184542098674,0.6207698492665054
94.48137931034482,3790.0,18.368347973961914,0.6103740042151297
98.8758620689655,3790.0,18.983971047079844,0.6030301330101054
103.2703448275862,3790.0,19.258039347805262,0.5972256656849244
107.66482758620688,3790.0,19.470767418065346,0.5940748496709277
112.05931034482757,3790.0,19.612003426152196,0.5915754505479498
116.45379310344829,3790.0,19.568617733126434,0.5848533659144863
120.84827586206897,3790.0,19.77651390709969,0.5824411054792811
125.24275862068966,3790.0,19.069177546623227,0.5766682140619795
2.197241379310345,3810.0,13.933347969584995,1.4452070509646573
6.591724137931034,3810.0,14.12950335111883,1.3797644887979215
10.986206896551725,3810.0,14.268292281362747,1.3265173177015945
15.380689655172414,3810.0,14.32472739837788,1.320006840606105
19.775172413793104,3810.0,14.241056945620697,1.2797793270808924
24.16965517241379,3810.0,14.43875220899899,1.2174425326726015
28.564137931034487,3810.0,14.524721183736498,1.2162699340975711
32.95862068965517,3810.0,14.71984642976895,1.1600129898292704
37.35310344827587,3810.0,14.818399802988603,1.1124276020761077
41.74758620689655,3810.0,14.892630621408804,1.0413316940236754
46.14206896551724,3810.0,15.052225767993011,0.9708623374952415
50.53655172413793,3810.0,15.366194468182629,0.9094343891463025
54.93103448275861,3810.0,15.58608410208349,0.8500290456607386
59.325517241379316,3810.0,15.799822508176375,0.8053358433892539
63.72,3810.0,16.07551999279746,0.7647674605902358
68.11448275862068,3810.0,16.18464108166733,0.7251830856997298
72.50896551724139,3810.0,16.477381150690324,0.694618531415998
76.90344827586208,3810.0,16.940668951751043,0.6692479621376511
81.29793103448276,3810.0,17.118100137967765,0.6483310487807642
85.69241379310344,3810.0,17.433913831976987,0.6306432801479765
90.08689655172414,3810.0,17.801675038828247,0.6194419307475114
94.48137931034482,3810.0,18.09531444326664,0.6121852987982349
98.8758620689655,3810.0,18.68353209308643,0.6045964390915983
103.2703448275862,3810.0,18.877212269774947,0.5981480347742413
107.66482758620688,3810.0,19.039693277607533,0.5946299071862619
112.05931034482757,3810.0,19.37387690124312,0.5911968182452124
116.45379310344829,3810.0,19.30667183353324,0.5861567073695304
120.84827586206897,3810.0,19.27427705169771,0.5821759836424304
125.24275862068966,3810.0,18.58011929655671,0.5776567239154188
2.197241379310345,3830.0,13.38922147154808,1.424116490250927
6.591724137931034,3830.0,13.980083346366882,1.3858624073175283
10.986206896551725,3830.0,13.935803679818356,1.3240506940173664
15.380689655172414,3830.0,14.082509247862077,1.3196480294330508
19.775172413793104,3830.0,14.060277479772385,1.280142828184051
24.16965517241379,3830.0,14.252764080606754,1.2269913928598917
28.564137931034487,3830.0,14.258994878813004,1.2133770968232835
32.95862068965517,3830.0,14.543724957180935,1.1561656139101353
37.35310344827587,3830.0,14.746093712664313,1.1109996222538967
41.74758620689655,3830.0,14.988389621321591,1.038838840747584
46.14206896551724,3830.0,15.045709259585182,0.9703185694968015
50.53655172413793,3830.0,15.099663380326493,0.9065066057850014
54.93103448275861,3830.0,15.25651817228712,0.8513820555544009
59.325517241379316,3830.0,15.497703065125584,0.806169343386428
63.72,3830.0,15.87042086141437,0.7635285747411618
68.11448275862068,3830.0,16.08950863349723,0.7258951403886936
72.50896551724139,3830.0,16.2013004543309,0.693911768998614
76.90344827586208,3830.0,16.79660238056547,0.6682349903990296
81.29793103448276,3830.0,17.036453233056047,0.6488552595857698
85.69241379310344,3830.0,17.160938016228954,0.6316870980856331
90.08689655172414,3830.0,17.55332231328584,0.618657340743334
94.48137931034482,3830.0,17.910775145035355,0.6109104674086134
98.8758620689655,3830.0,18.24647471569001,0.6028848526731103
103.2703448275862,3830.0,18.395055820045634,0.5984417125582695
107.66482758620688,3830.0,18.715011992466806,0.5948287169546905
112.05931034482757,3830.0,19.094022987109394,0.5918144011962737
116.45379310344829,3830.0,19.05574238299289,0.5869766852309778
120.84827586206897,3830.0,18.89386202943712,0.582262738053391
125.24275862068966,3830.0,18.319952638660553,0.5769183676650586
2.197241379310345,3850.0,13.878421405288908,1.4350291153805403
6.591724137931034,3850.0,13.964050599477357,1.386835919205959
10.986206896551725,3850.0,13.818865222235521,1.3283349544771257
15.380689655172414,3850.0,14.060068262120089,1.3185811040821735
19.775172413793104,3850.0,14.13591840188218,1.2786889365247875
24.16965517241379,3850.0,14.36295469335857,1.2232670108435535
28.564137931034487,3850.0,14.346587577938205,1.213594421664519
32.95862068965517,3850.0,14.542920922679414,1.1566129847117368
37.35310344827587,3850.0,14.791611184821358,1.1082658629869537
41.74758620689655,3850.0,14.851668797083136,1.0373322656175266
46.14206896551724,3850.0,14.97162311571913,0.9697636403967586
50.53655172413793,3850.0,14.92772953504394,0.9042203746912744
54.93103448275861,3850.0,15.232411361569842,0.8485446796235111
59.325517241379316,3850.0,15.376718006407222,0.8045519702419929
63.72,3850.0,15.904412041780075,0.7617551307642185
68.11448275862068,3850.0,15.98215055000612,0.725775728116118
72.50896551724139,3850.0,16.157587749026128,0.6935563115908224
76.90344827586208,3850.0,16.668558286836358,0.6692622117036898
81.29793103448276,3850.0,16.876167306476294,0.6472210247328968
85.69241379310344,3850.0,16.993853431132035,0.6322519543329121
90.08689655172414,3850.0,17.40855500718279,0.6191126626506989
94.48137931034482,3850.0,17.816205748489924,0.6097686562120787
98.8758620689655,3850.0,18.11248765459894,0.6031863142265872
103.2703448275862,3850.0,18.25974035010828,0.5978174448327092
107.66482758620688,3850.0,18.609380774050095,0.5932546568001781
112.05931034482757,3850.0,18.771824354067544,0.5905124267335661
116.45379310344829,3850.0,18.866919518886483,0.5859098310829032
120.84827586206897,3850.0,18.829073875795537,0.5809082797912252
125.24275862068966,3850.0,18.31178055153921,0.5759584592279147
2.197241379310345,3870.0,14.606918923722372,1.439154040341997
6.591724137931034,3870.0,13.801546467985544,1.384725251335364
10.986206896551725,3870.0,13.766853269051623,1.330910987705679
15.380689655172414,3870.0,14.020249852013807,1.3198840312015863
19.775172413793104,3870.0,14.220459110366225,1.2817803707245916
24.16965517241379,3870.0,14.356697728990444,1.220267007737851
28.564137931034487,3870.0,14.308740080049677,1.212701538115966
32.95862068965517,3870.0,14.524564739316702,1.1574346084424687
37.35310344827587,3870.0,14.57996800152792,1.1073536287794985
41.74758620689655,3870.0,14.40385019728883,1.0389401714362803
46.14206896551724,3870.0,14.719599568913889,0.9674592256974593
50.53655172413793,3870.0,14.951048275113552,0.9067751423790756
54.93103448275861,3870.0,15.277215185411624,0.8528378972162803
59.325517241379316,3870.0,15.405788868135357,0.8040126245956953
63.72,3870.0,15.80088462708712,0.7627291058026426
68.11448275862068,3870.0,15.867341675134494,0.7270571424041764
72.50896551724139,3870.0,16.206488792600958,0.6942290963866697
76.90344827586208,3870.0,16.568998951036903,0.668982886909498
81.29793103448276,3870.0,16.72715410232265,0.6492035351946115
85.69241379310344,3870.0,17.003967230489135,0.6314458399569678
90.08689655172414,3870.0,17.45537670647679,0.6189279209412655
94.48137931034482,3870.0,17.58057589387144,0.6090004459438283
98.8758620689655,3870.0,18.050089135311563,0.603071184821321
103.2703448275862,3870.0,18.276654380002235,0.5977511589399864
107.66482758620688,3870.0,18.581851383214424,0.5944756886624722
112.05931034482757,3870.0,18.753138446009967,0.590422898318568
116.45379310344829,3870.0,18.813329872848353,0.585854185335306
120.84827586206897,3870.0,18.834811340081203,0.5814035912869766
125.24275862068966,3870.0,18.194935502659266,0.5774205086446108
2.197241379310345,3890.0,14.279156614012189,1.4439972490914124
6.591724137931034,3890.0,13.38062581161244,1.3776067543488282
10.986206896551725,3890.0,13.817448513927284,1.3292165476880315
15.380689655172414,3890.0,13.904977834266093,1.3220586591143977
19.775172413793104,3890.0,13.747712150375305,1.280321971820644
24.16965517241379,3890.0,13.957881438664145,1.2194085761654276
28.564137931034487,3890.0,13.91142089230319,1.2063739088668841
32.95862068965517,3890.0,14.363713513619992,1.1542099629937246
37.35310344827587,3890.0,14.269755575598944,1.1065190093131865
41.74758620689655,3890.0,14.308375550742692,1.0383536023819078
46.14206896551724,3890.0,14.530840597553258,0.9670207668590335
50.53655172413793,3890.0,14.948597802159686,0.903491956457908
54.93103448275861,3890.0,14.996758386693015,0.8468808543075014
59.325517241379316,3890.0,15.354873391181982,0.8037435973184348
63.72,3890.0,15.576091105951987,0.7637699330277451
68.11448275862068,3890.0,15.745139904814645,0.7244958445572555
72.50896551724139,3890.0,16.055700719463715,0.6940188782136778
76.90344827586208,3890.0,16.284779297285425,0.6699031055620202
81.29793103448276,3890.0,16.784022775813845,0.6485893725201222
85.69241379310344,3890.0,16.945417460085935,0.6334654150963254
90.08689655172414,3890.0,17.29093460657564,0.6205694193133823
94.48137931034482,3890.0,17.43911814841346,0.6115549773783513
98.8758620689655,3890.0,17.855217787126698,0.6026392752837397
103.2703448275862,3890.0,18.25920894227567,0.5976690217144751
107.66482758620688,3890.0,18.56352753473189,0.5927465129043387
112.05931034482757,3890.0,18.799212995216546,0.5896364664161636
116.45379310344829,3890.0,18.696163685879572,0.5856931735636912
120.84827586206897,3890.0,18.674121648967997,0.5815095929615822
125.24275862068966,3890.0,18.005115975428858,0.5773164640631699
2.197241379310345,3910.0,13.560603273577161,1.4260614409958576
6.591724137931034,3910.0,13.245631841528747,1.3877692174453002
10.986206896551725,3910.0,13.856077997358861,1.328641027212143
15.380689655172414,3910.0,13.639595522993693,1.3176038399756054
19.775172413793104,3910.0,13.593354058380308,1.27996231544228
24.16965517241379,3910.0,13.795745171163052,1.217138716184041
28.564137931034487,3910.0,13.844596435522867,1.211194751837424
32.95862068965517,3910.0,14.121861522965546,1.1532681542752545
37.35310344827587,3910.0,14.234943047259003,1.1043699371944833
41.74758620689655,3910.0,14.284109719447855,1.03902811210428
46.14206896551724,3910.0,14.60280538119503,0.9660424212307002
50.53655172413793,3910.0,14.83436097484878,0.9065829847346653
54.93103448275861,3910.0,14.76693490765134,0.8495406339703887
59.325517241379316,3910.0,15.137750719609256,0.803598718605904
63.72,3910.0,15.337392881932313,0.7638511939912253
68.11448275862068,3910.0,15.590773217265069,0.7245624332840424
72.50896551724139,3910.0,15.937857274577103,0.6946641173218902
76.90344827586208,3910.0,16.185330952714303,0.6672230549719991
81.29793103448276,3910.0,16.606727008899036,0.647510612159692
85.69241379310344,3910.0,16.789281449535444,0.6324116687347751
90.08689655172414,3910.0,17.047316896705944,0.6201195040772841
94.48137931034482,3910.0,17.34584120621476,0.6104452857464489
98.8758620689655,3910.0,17.66118657668957,0.604286836157978
103.2703448275862,3910.0,18.02556859451117,0.5969768021106137
107.66482758620688,3910.0,18.377284847918926,0.5933561888234129
112.05931034482757,3910.0,18.497187146813506,0.5890400466235245
116.45379310344829,3910.0,18.548864294422994,0.5845302411895872
120.84827586206897,3910.0,18.473875855034816,0.5814810117339111
125.24275862068966,3910.0,17.924019254076583,0.5757899396393421
2.197241379310345,3930.0,13.04191525777181,1.4357593194239557
6.591724137931034,3930.0,13.307503609400657,1.383632574402369
10.986206896551725,3930.0,13.814745166373475,1.3232545205799666
15.380689655172414,3930.0,13.430975203712782,1.3222211381356053
19.775172413793104,3930.0,13.708035374744837,1.2778465753838757
24.16965517241379,3930.0,13.797151426089899,1.216280730582085
28.564137931034487,3930.0,14.175293525266978,1.2095164223707149
32.95862068965517,3930.0,14.097506283653072,1.1523434253853262
37.35310344827587,3930.0,14.222746642223663,1.103075026612002
41.74758620689655,3930.0,14.287420499027093,1.0363521769273747
46.14206896551724,3930.0,14.456077546995674,0.9645393086778643
50.53655172413793,3930.0,14.61266967893825,0.9027505726240604
54.93103448275861,3930.0,14.740826900554387,0.848930868037321
59.325517241379316,3930.0,15.002101075133801,0.8024772551864864
63.72,3930.0,15.266037725406571,0.7610484899904107
68.11448275862068,3930.0,15.508527090979946,0.7236743009125562
72.50896551724139,3930.0,15.849061653550182,0.6931344571371818
76.90344827586208,3930.0,16.214932640958835,0.6685553548672653
81.29793103448276,3930.0,16.39177450224541,0.6474589336197536
85.69241379310344,3930.0,16.843144698079747,0.6314261632119592
90.08689655172414,3930.0,16.944116326500904,0.6196828509578487
94.48137931034482,3930.0,17.32606205046694,0.6106705340483013
98.8758620689655,3930.0,17.458622833013408,0.6027715875980639
103.2703448275862,3930.0,17.80780005045346,0.598494760819823
107.66482758620688,3930.0,17.994444445432144,0.5949172992981354
112.05931034482757,3930.0,18.357739855460068,0.5894052449495814
116.45379310344829,3930.0,18.451611237932447,0.5862789821712183
120.84827586206897,3930.0,18.307588749431268,0.5811497488909442
125.24275862068966,3930.0,17.773257104393448,0.5754172956753772
2.197241379310345,3950.0,13.618683850102954,1.4280000265035253
6.591724137931034,3950.0,13.79110865501894,1.37967553459681
10.986206896551725,3950.0,13.847285220951393,1.3189999542203368
15.380689655172414,3950.0,13.376162647304161,1.3114353012468631
19.775172413793104,3950.0,13.85179295253932,1.2783918072204445
24.16965517241379,3950.0,13.693937816464949,1.219829115609662
28.564137931034487,3950.0,14.163155038453018,1.2093426523996251
32.95862068965517,3950.0,14.157755735847685,1.1548192263644455
37.35310344827587,3950.0,14.1283480584311,1.105033452623863
41.74758620689655,3950.0,14.165192670666446,1.037787637555514
46.14206896551724,3950.0,14.259724938446006,0.9663888360414885
50.53655172413793,3950.0,14.507230360506693,0.905292827429861
54.93103448275861,3950.0,14.656833604231851,0.8502149706499444
59.325517241379316,3950.0,14.916490377412023,0.8025821268382157
63.72,3950.0,15.277149258802334,0.7615935100907831
68.11448275862068,3950.0,15.401374658138527,0.7244162003104091
72.50896551724139,3950.0,15.699933343019985,0.6927418034570356
76.90344827586208,3950.0,16.203106298662412,0.6672481705754858
81.29793103448276,3950.0,16.33048422655298,0.6474981432159742
85.69241379310344,3950.0,16.729701280330673,0.6295004871748917
90.08689655172414,3950.0,16.993738444188352,0.6184089735799299
94.48137931034482,3950.0,17.255789916424195,0.6099652296701961
98.8758620689655,3950.0,17.474926982341636,0.603210108566266
103.2703448275862,3950.0,17.799383310645464,0.5981680450087138
107.66482758620688,3950.0,17.96856306489714,0.5925926527357279
112.05931034482757,3950.0,18.281023364363598,0.5901248155473584
116.45379310344829,3950.0,18.30104939359568,0.5842552984533534
120.84827586206897,3950.0,18.032664910553848,0.5816591161468306
125.24275862068966,3950.0,17.44530939069096,0.5758178895346923
2.197241379310345,3970.0,14.207114026943845,1.423157757284951
6.591724137931034,3970.0,13.803686581241587,1.385624046279834
10.986206896551725,3970.0,13.73166588369619,1.3258403635794116
15.380689655172414,3970.0,13.314543443559495,1.3116169578264494
19.775172413793104,3970.0,13.696529112406012,1.277519630507498
24.16965517241379,3970.0,13.69437196040674,1.21542398822533
28.564137931034487,3970.0,13.854418931916978,1.2022208682128361
32.95862068965517,3970.0,13.930793563473141,1.1503065787425353
37.35310344827587,3970.0,13.970746367838649,1.1028604645480238
41.74758620689655,3970.0,14.103812206281813,1.0336443522593857
46.14206896551724,3970.0,14.349241244582792,0.9610538099422655
50.53655172413793,3970.0,14.512359750098907,0.9043292532354711
54.93103448275861,3970.0,14.679718454979279,0.8472444858815935
59.325517241379316,3970.0,14.911995617976775,0.7999608746823474
63.72,3970.0,15.122599322021143,0.7614440144044877
68.11448275862068,3970.0,15.369487652008964,0.7235785572018884
72.50896551724139,3970.0,15.663458019283123,0.6928530520136482
76.90344827586208,3970.0,16.04024935820683,0.6658468264535334
81.29793103448276,3970.0,16.191202079989733,0.6465592865527447
85.69241379310344,3970.0,16.466661467891782,0.6302434105064137
90.08689655172414,3970.0,16.805576785786453,0.6187292306009515
94.48137931034482,3970.0,17.09406939084736,0.6092607618391322
98.8758620689655,3970.0,17.35717436231665,0.6021127024812825
103.2703448275862,3970.0,17.687510456586818,0.5974047776461231
107.66482758620688,3970.0,17.910644947547624,0.5924425523959549
112.05931034482757,3970.0,18.120282395369674,0.5894451239462352
116.45379310344829,3970.0,18.084872737858028,0.5850495024358434
120.84827586206897,3970.0,17.77795803666805,0.5802711010521222
125.24275862068966,3970.0,17.0698234666855,0.576093108350198
