,index,area,major_axis_length,minor_axis_length,centroid-0,centroid-1,orientation,label,speed (nm/s),r^2,skele r^2,MT len (um),motor conc,MT dilute,ATP,ADP,P,time (seconds)
2,2,41,47.340416059606106,11.657967566402629,53.31707317073171,408.5121951219512,-0.7409773506377266,10,19.946515837104055,0.9553147604003426,0.7204612160587238,5.782375033028842,0.0625,50.0,1410.0,0.0,0.0,630.0
5,5,33,51.24977001641833,1.7531576614235271,73.57575757575758,287.8787878787879,0.8053127457924809,16,57.085791855203574,0.9709877310455628,0.9233605285603739,5.187974032084561,0.0625,50.0,1410.0,0.0,0.0,630.0
11,11,13,15.183365141170503,1.1084839193041507,108.23076923076923,274.0,-1.4011729217298223,25,43.34615384615388,0.9628942486085343,0.90625,2.0375205464146062,0.0625,50.0,1410.0,0.0,0.0,630.0
17,17,10,14.0965454902281,2.264377451294239,185.9,240.5,0.9433984069398029,40,42.50174825174824,0.8731926962267736,0.821428571428571,1.8480198975926205,0.0625,50.0,1410.0,0.0,0.0,630.0
18,18,23,29.79354957944307,1.5544250080530737,203.0,289.39130434782606,0.4729141604738911,42,18.744385026738,0.8953472351389152,0.7921647764893963,2.9023044876408366,0.0625,50.0,1410.0,0.0,0.0,630.0
26,26,12,14.31696220786829,1.3004844501714663,281.5,386.0,-0.2685224674512089,70,120.74999999999993,0.962962962962964,0.13333333333335107,2.2316163552376156,0.0625,50.0,1410.0,0.0,0.0,630.0
29,29,10,13.862410949589286,1.128522336822395,367.6,404.5,0.6673811663081204,84,25.830769230769267,0.8534434227810102,0.5416666666666674,1.989386076385192,0.0625,50.0,1410.0,0.0,0.0,630.0
