,index,area,major_axis_length,minor_axis_length,centroid-0,centroid-1,orientation,label,speed (nm/s),r^2,skele r^2,MT len (um),motor conc,MT dilute,ATP,ADP,P,time (seconds)
6,6,29,24.697787054523047,9.002459935090952,70.41379310344827,316.13793103448273,-1.5586378258340683,12,61.63855864856276,0.92375166399854,0.9430156326540499,2.461603170356515,0.0625,50.0,1410.0,0.0,0.0,360.0
20,20,26,28.087406795113342,3.446540963716824,310.34615384615387,249.84615384615384,-0.4552278910584724,51,73.6860962566845,0.8429323727426113,0.954366984575359,2.9342744377192282,0.0625,50.0,1410.0,0.0,0.0,360.0
21,21,30,35.33553804216833,1.9378614052687437,315.5,335.3333333333333,-0.201644243648952,52,30.69199095022623,0.9592794350417001,0.5629546106085177,4.322677799842876,0.0625,50.0,1410.0,0.0,0.0,360.0
25,25,49,64.91331971814101,2.8228611362665648,371.0,470.9795918367347,0.5131838316734568,60,55.96732504581646,0.9124522905721851,0.6013273228482494,8.085653839033059,0.0625,50.0,1410.0,0.0,0.0,360.0
26,26,41,52.7988860465301,4.917807473041219,375.6341463414634,303.0,1.1094074242367846,61,75.64085972850675,0.8594071993683681,0.6504966770494786,5.902419310164059,0.0625,50.0,1410.0,0.0,0.0,360.0
30,30,36,45.6804141688447,3.4125416298058115,399.52777777777777,357.3611111111111,0.920175724711065,65,27.049457013574685,0.8874638903591416,0.5579881851705596,6.187617776821657,0.0625,50.0,1410.0,0.0,0.0,360.0
