,index,area,major_axis_length,minor_axis_length,centroid-0,centroid-1,orientation,label,speed (nm/s),r^2,skele r^2,MT len (um),motor conc,MT dilute,ATP,ADP,P,time (seconds)
7,8,58,67.27276105770925,1.8265762155375531,161.5,208.98275862068965,0.09608669811883432,21,65.28551256046188,0.9511337080917248,0.9621590528673881,7.480153980514707,0.031,200.0,1410.0,0.0,0.0,780.0
8,9,35,44.36453308410534,2.9333480461641566,148.2,248.45714285714286,-0.6431785118523297,22,73.13479638009049,0.8794923687003533,0.5551634644289489,4.448264934120821,0.031,200.0,1410.0,0.0,0.0,780.0
23,24,8,11.03861659488106,1.0718879004898305,336.5,237.25,-0.5943757446789224,56,31.070175438596486,0.9586776859504132,0.8591744710371143,1.788527420930274,0.031,200.0,1410.0,0.0,0.0,780.0
25,27,75,85.99455738131124,2.4164461308875915,373.7733333333333,468.4533333333333,1.3659098732966575,62,58.45342325095719,0.987505023184543,0.9952977186000563,9.541468140413937,0.031,200.0,1410.0,0.0,0.0,780.0
30,32,86,60.31810198643088,9.086580511302321,436.75581395348837,300.80232558139534,0.39938605902088836,72,148.5246267076237,0.8123172528691488,0.9506876894489895,5.893087483778159,0.031,200.0,1410.0,0.0,0.0,780.0
