,index,area,major_axis_length,minor_axis_length,centroid-0,centroid-1,orientation,label,speed (nm/s),r^2,skele r^2,MT len (um),motor conc,MT dilute,ATP,ADP,P,time (seconds)
1,1,23,23.345741305567405,4.74421266595416,31.043478260869566,326.69565217391306,-0.9720396766211719,6,46.677016129032275,0.8854091507870033,0.7694211359818952,2.3633307480951506,0.031,200.0,1410.0,0.0,0.0,830.0
5,5,54,69.69535138242053,1.4367214484512325,119.5,464.77777777777777,-0.46357031148531647,14,44.22957983193279,0.9940833504201869,0.9934821367711845,8.836945191448184,0.031,200.0,1410.0,0.0,0.0,830.0
15,15,31,35.79095448300498,1.4274992450187438,197.0,260.93548387096774,-0.02785973453885311,30,24.057871148459377,0.8577614334793275,0.5080852399283892,3.976749226205953,0.031,200.0,1410.0,0.0,0.0,830.0
19,19,51,62.50562958894549,3.5734371521750545,228.52941176470588,183.8235294117647,1.069556938633557,37,48.46235294117646,0.9405265049735307,0.7755450749979403,6.902098746890641,0.031,200.0,1410.0,0.0,0.0,830.0
22,22,21,26.286985480167807,3.654751175775174,255.52380952380952,249.47619047619048,0.9467136409425528,41,31.238513896766893,0.9771798445961294,0.8630211733019106,2.5863248617385692,0.031,200.0,1410.0,0.0,0.0,830.0
29,29,77,83.531225490596,5.047493580933066,370.02597402597405,448.2857142857143,1.337154948188174,61,62.38991596638652,0.9716191502789255,0.9894721370206014,9.446354147942985,0.031,200.0,1410.0,0.0,0.0,830.0
34,34,10,14.392157293793394,1.0128220133417405,408.5,211.8,-0.6482210257278255,70,32.50273504273505,0.9474003072927907,0.904309715120526,1.9385732740281703,0.031,200.0,1410.0,0.0,0.0,830.0
37,37,41,51.191717316025695,1.3868120918330706,455.0,219.46341463414635,-0.3911287238024164,74,26.10378753092749,0.958223144284362,0.7555163713410021,6.320668501843906,0.031,200.0,1410.0,0.0,0.0,830.0
38,38,45,52.363291410978015,3.207981407016129,452.1777777777778,485.0,1.444635826481795,76,65.76998639455775,0.9617855391258274,0.6599789118074553,4.938470540062085,0.031,200.0,1410.0,0.0,0.0,830.0
