,index,area,major_axis_length,minor_axis_length,centroid-0,centroid-1,orientation,label,speed (nm/s),r^2,skele r^2,MT len (um),motor conc,MT dilute,ATP,ADP,P,time (seconds)
0,0,23,26.855297052378955,1.38142395293736,53.0,474.39130434782606,0.15529040308932934,3,54.59090909090907,0.971203569603737,0.9290166767480812,2.6368620477208826,0.031,200.0,1410.0,0.0,0.0,1080.0
1,1,6,7.057625639517946,0.9255198534259402,55.5,338.5,1.3146015966395277,7,33.35405084242244,0.8932460032043461,0.8875776843013761,1.135679814016812,0.031,200.0,1410.0,0.0,0.0,1080.0
2,2,10,13.280896669153778,1.3630053790282999,58.9,314.5,1.042242114122844,8,11.993522267206483,0.8144642013232515,0.6167800453514733,2.292195772605235,0.031,200.0,1410.0,0.0,0.0,1080.0
3,3,66,83.11866820656,3.426727198944001,76.56060606060606,107.25757575757575,1.0710211130141256,9,46.092624434389194,0.9634881235623253,0.34042553037371115,8.836752833539014,0.031,200.0,1410.0,0.0,0.0,1080.0
20,20,59,70.82397708588839,2.5301186569792655,338.9491525423729,149.10169491525423,-1.2615305023776078,45,42.552081447963815,0.942579861507721,0.7830612834725625,6.372760255417997,0.031,200.0,1410.0,0.0,0.0,1080.0
26,26,32,38.63745207705583,1.769653071427807,409.5,260.46875,0.298513218679765,61,52.31407239819003,0.9735901129540919,0.8848289945198962,3.2304105867005686,0.031,200.0,1410.0,0.0,0.0,1080.0
33,33,22,22.4183996240926,6.9229874323661456,464.45454545454544,327.5,0.4017740350976882,71,19.18886877828052,0.9571952699997904,0.8235834868012752,2.7052572601780493,0.031,200.0,1410.0,0.0,0.0,1080.0
