,index,area,major_axis_length,minor_axis_length,centroid-0,centroid-1,orientation,label,speed (nm/s),r^2,skele r^2,MT len (um),motor conc,MT dilute,ATP,ADP,P,time (seconds)
11,11,29,40.669258403544355,1.0524898183575686,165.93103448275863,396.0,-0.9662505640630429,27,51.19529411764704,0.9885665246794112,0.9212156358665702,4.219193122998521,0.0625,50.0,1410.0,0.0,0.0,410.0
16,16,21,28.635283273218743,1.9547392095259344,296.0,173.1904761904762,0.5641116731334623,45,152.1538461538461,0.8634667387777175,0.8861552950621624,2.7110673971826516,0.0625,50.0,1410.0,0.0,0.0,410.0
23,23,37,52.28461169074182,1.4722243812816909,372.02702702702703,266.81081081081084,0.6210306406661579,61,49.94585020242916,0.8516945250938741,0.9134499457540651,6.0059034024027325,0.0625,50.0,1410.0,0.0,0.0,410.0
25,25,58,67.68355896778105,5.223773291880609,384.6034482758621,480.63793103448273,0.588610560441086,63,52.112871422315806,0.9274996011777895,0.5909587133189377,6.836099870261586,0.0625,50.0,1410.0,0.0,0.0,410.0
