,index,area,major_axis_length,minor_axis_length,centroid-0,centroid-1,orientation,label,speed (nm/s),r^2,skele r^2,MT len (um),Motor Type,Motor_Conc_uM,MT_Conc_uM,ATP_Conc_uM,ADP_Conc_uM,P_Conc_uM,Flag_Conc_mg-ml,BSA_Caesin_Both,Acq_Time_s,Time_Interval_s,Cy5_exptime_ms,Cy5_gain,YFP_exptime_ms,YFP_gain,Temperature
0,0,13,15.459977951707028,1.0410361612093977,107.0,500.38461538461536,0.25389709167008406,9,56.63636363636361,0.8751420275217774,0.9537721893491125,2.054642717448749,NCD_YFP_ilid,0.125,0.04,1420.0,0.0,0.0,0.02,Both,100.0,1.0,60.0,,100.0,4.0,
2,2,45,54.95628875554522,1.3206452948888696,223.86666666666667,43.0,-1.2383304007075926,17,124.88806722689071,0.9846532566967293,0.9732722284196509,2.6097170725346017,NCD_YFP_ilid,0.125,0.04,1420.0,0.0,0.0,0.02,Both,100.0,1.0,60.0,,100.0,4.0,
3,3,37,43.28494610664246,1.5638352833383957,241.0,134.86486486486487,0.1635181006995223,19,211.15769230769234,0.9917775044934254,0.9917409792704817,2.390143085628677,NCD_YFP_ilid,0.125,0.04,1420.0,0.0,0.0,0.02,Both,100.0,1.0,60.0,,100.0,4.0,
4,4,17,23.80809650076509,1.1931789297310162,257.11764705882354,451.0,-0.9659410099883262,22,136.11818181818188,0.9836975372875477,0.9707407407407407,3.1525323342625833,NCD_YFP_ilid,0.125,0.04,1420.0,0.0,0.0,0.02,Both,100.0,1.0,60.0,,100.0,4.0,
5,5,65,83.63324296325717,3.7642930568733717,288.89230769230767,268.73846153846154,1.0195581886147866,24,158.55310924369743,0.9929493911875732,0.9795654147820533,3.6790041544070102,NCD_YFP_ilid,0.125,0.04,1420.0,0.0,0.0,0.02,Both,100.0,1.0,60.0,,100.0,4.0,
6,6,25,30.11507569305527,1.5306913475784412,308.96,137.36,0.320284581713327,26,164.65909090909085,0.9815308641975309,0.9560064178872733,3.020426749747864,NCD_YFP_ilid,0.125,0.04,1420.0,0.0,0.0,0.02,Both,100.0,1.0,60.0,,100.0,4.0,
8,8,30,39.87660868189271,1.8875239595474218,371.9,418.5,-1.0509670468891528,29,168.15909090909096,0.9914352127412959,0.9943714821763602,1.9901157450393705,NCD_YFP_ilid,0.125,0.04,1420.0,0.0,0.0,0.02,Both,100.0,1.0,60.0,,100.0,4.0,
10,10,49,59.202167451334354,2.5246134563830416,453.8775510204082,445.0,1.2711189680489683,35,198.75060483870962,0.9878736380544848,0.9885417183586954,2.3778666080278987,NCD_YFP_ilid,0.125,0.04,1420.0,0.0,0.0,0.02,Both,100.0,1.0,60.0,,100.0,4.0,
