,index,area,major_axis_length,minor_axis_length,centroid-0,centroid-1,orientation,label,speed (nm/s),r^2,skele r^2,MT len (um),Motor Type,Motor_Conc_uM,MT_Conc_uM,ATP_Conc_uM,ADP_Conc_uM,P_Conc_uM,Flag_Conc_mg-ml,BSA_Caesin_Both,Acq_Time_s,Time_Interval_s,Cy5_exptime_ms,Cy5_gain,YFP_exptime_ms,YFP_gain,Temperature
0,0,33,41.81129683213272,1.9997779737755346,80.0,457.06060606060606,0.448231602616963,3,119.39772727272731,0.9609130222312374,0.9862988594094959,3.7644071298901634,NCD_YFP_ilid,0.001,0.04,1420.0,0.0,0.0,0.02,Both,100.0,1.0,60.0,300.0,100.0,4.0,27.3
1,1,18,22.84411828218384,1.304536494372533,118.5,313.5,-0.43201181033154096,4,116.11515151515123,0.9886307464162135,0.9705882352941176,2.726087427245475,NCD_YFP_ilid,0.001,0.04,1420.0,0.0,0.0,0.02,Both,100.0,1.0,60.0,300.0,100.0,4.0,27.3
2,2,77,92.63194375999642,2.5936999195202066,150.0,270.961038961039,0.28476442760889414,5,136.59308510638297,0.951363873492151,0.9427461611660621,5.826828030953212,NCD_YFP_ilid,0.001,0.04,1420.0,0.0,0.0,0.02,Both,100.0,1.0,60.0,300.0,100.0,4.0,27.3
