,index,area,major_axis_length,minor_axis_length,centroid-0,centroid-1,orientation,label,speed (nm/s),r^2,skele r^2,MT len (um),Motor Type,Motor_Conc_uM,MT_Conc_uM,ATP_Conc_uM,ADP_Conc_uM,P_Conc_uM,Flag_Conc_mg-ml,BSA_Caesin_Both,Acq_Time_s,Time_Interval_s,Cy5_exptime_ms,Cy5_gain,YFP_exptime_ms,YFP_gain,Temperature
1,1,22,25.42794003426224,1.059407831199434,270.5,280.3636363636364,-0.06326696548872143,5,90.85000000000016,0.9411953212626184,0.9116622233244466,2.9879660185483643,NCD_YFP_ilid,0.001,0.04,1420.0,0.0,0.0,0.02,Both,100.0,1.0,60.0,300.0,100.0,4.0,27.3
2,2,51,59.445733858331636,3.461131040871109,303.0,368.6078431372549,-0.1385032321187766,6,169.46775855723226,0.9318621736814421,0.9831647122523979,3.318769816235597,NCD_YFP_ilid,0.001,0.04,1420.0,0.0,0.0,0.02,Both,100.0,1.0,60.0,300.0,100.0,4.0,27.3
5,5,27,40.917508411680494,1.4464475294671917,395.0740740740741,335.037037037037,0.7230611198920062,11,30.106784759358327,0.9080850359232295,0.648163265306124,3.883331034088874,NCD_YFP_ilid,0.001,0.04,1420.0,0.0,0.0,0.02,Both,100.0,1.0,60.0,300.0,100.0,4.0,27.3
