,index,area,major_axis_length,minor_axis_length,centroid-0,centroid-1,orientation,label,speed (nm/s),r^2,skele r^2,MT len (um),Motor Type,Motor_Conc_uM,MT_Conc_uM,ATP_Conc_uM,ADP_Conc_uM,P_Conc_uM,Flag_Conc_mg-ml,BSA_Caesin_Both,Acq_Time_s,Time_Interval_s,Cy5_exptime_ms,Cy5_gain,YFP_exptime_ms,YFP_gain,Temperature
1,1,17,21.450249470938562,1.6505053398018708,324.0,490.11764705882354,0.42018721294761013,5,95.86818181818175,0.9569372414194977,0.9549887908696537,2.7913243592302974,NCD_YFP_ilid,0.001,0.04,1420.0,300.0,0.0,0.02,Both,100.0,1.0,60.0,300.0,100.0,4.0,27.3
4,4,20,25.2215322406825,1.9581397887314518,366.5,134.45,1.1229415320679355,8,142.6507352941175,0.976797920146003,0.9785714285714285,2.1585808646409443,NCD_YFP_ilid,0.001,0.04,1420.0,300.0,0.0,0.02,Both,100.0,1.0,60.0,300.0,100.0,4.0,27.3
6,6,11,14.474854041535536,1.520957336694221,387.90909090909093,285.45454545454544,0.5827008876717636,10,33.85735294117647,0.919262555626192,0.7278313531177296,2.132958773209946,NCD_YFP_ilid,0.001,0.04,1420.0,300.0,0.0,0.02,Both,100.0,1.0,60.0,300.0,100.0,4.0,27.3
7,7,31,38.063480602497066,1.3881309313760828,490.19354838709677,196.0,-1.222189611223139,12,57.229411764705894,0.9499205457658252,0.93614591538746,2.9048200484629887,NCD_YFP_ilid,0.001,0.04,1420.0,300.0,0.0,0.02,Both,100.0,1.0,60.0,300.0,100.0,4.0,27.3
