,index,area,major_axis_length,minor_axis_length,centroid-0,centroid-1,orientation,label,speed (nm/s),r^2,skele r^2,MT len (um),Motor Type,Motor_Conc_uM,MT_Conc_uM,ATP_Conc_uM,ADP_Conc_uM,P_Conc_uM,Flag_Conc_mg-ml,BSA_Caesin_Both,Acq_Time_s,Time_Interval_s,Cy5_exptime_ms,Cy5_gain,YFP_exptime_ms,YFP_gain,Temperature
1,1,17,22.416602598507158,1.7213529470401876,48.05882352941177,134.41176470588235,-0.5414299950158262,2,75.19230769230778,0.960415224913495,0.9360000000000004,2.0604736187032118,NCD_YFP_ilid,0.001,0.04,1420.0,300.0,0.0,0.02,Both,100.0,1.0,60.0,300.0,100.0,4.0,27.3
6,6,9,12.57944440881098,1.325736914185531,474.3333333333333,486.0,0.7967598438182688,13,80.49999999999987,1.0,0.39999999999999425,2.237352255948673,NCD_YFP_ilid,0.001,0.04,1420.0,300.0,0.0,0.02,Both,100.0,1.0,60.0,300.0,100.0,4.0,27.3
