,index,area,major_axis_length,minor_axis_length,centroid-0,centroid-1,orientation,label,speed (nm/s),r^2,skele r^2,MT len (um),Motor Type,Motor_Conc_uM,MT_Conc_uM,ATP_Conc_uM,ADP_Conc_uM,P_Conc_uM,Flag_Conc_mg-ml,BSA_Caesin_Both,Acq_Time_s,Time_Interval_s,Cy5_exptime_ms,Cy5_gain,YFP_exptime_ms,YFP_gain,Temperature
2,2,19,22.047472182391104,1.7685606949684858,161.05263157894737,448.0,-1.4582567057476195,4,139.32692307692312,0.9862626262626263,0.9710808365998739,2.570966237808646,NCD_YFP_ilid,0.001,0.04,1420.0,300.0,0.0,0.02,Both,100.0,1.0,60.0,300.0,100.0,4.0,27.3
5,5,28,32.398572729411505,1.3193363340479427,234.5,55.535714285714285,-0.07360767382552509,9,213.89999999999964,0.9153081281072951,0.6765927977839348,2.831255693675813,NCD_YFP_ilid,0.001,0.04,1420.0,300.0,0.0,0.02,Both,100.0,1.0,60.0,300.0,100.0,4.0,27.3
6,6,45,54.75603411385946,6.64194952961543,232.37777777777777,480.0,-1.2467139951640145,10,257.3125000000001,0.9143842784765355,0.8625151009452992,4.426964587780137,NCD_YFP_ilid,0.001,0.04,1420.0,300.0,0.0,0.02,Both,100.0,1.0,60.0,300.0,100.0,4.0,27.3
9,9,17,23.38840806226361,1.5517647532325338,438.88235294117646,277.0,-0.9918886061727016,20,111.6345588235295,0.9494112447694627,0.9668358389990105,2.7222490077164476,NCD_YFP_ilid,0.001,0.04,1420.0,300.0,0.0,0.02,Both,100.0,1.0,60.0,300.0,100.0,4.0,27.3
10,10,31,37.20892140369974,3.073131763686527,459.0,275.3225806451613,-0.2792970907653655,21,200.6750000000003,0.9537618465091968,0.7918176006818662,4.33125713631409,NCD_YFP_ilid,0.001,0.04,1420.0,300.0,0.0,0.02,Both,100.0,1.0,60.0,300.0,100.0,4.0,27.3
11,11,11,14.48544749553187,1.416517418880223,446.8181818181818,458.0,1.0590997816861158,22,71.10833333333336,0.9842173964637475,0.7500000000000009,2.3952613252208956,NCD_YFP_ilid,0.001,0.04,1420.0,300.0,0.0,0.02,Both,100.0,1.0,60.0,300.0,100.0,4.0,27.3
