,index,area,major_axis_length,minor_axis_length,centroid-0,centroid-1,orientation,label,speed (nm/s),r^2,skele r^2,MT len (um),Motor Type,Motor_Conc_uM,MT_Conc_uM,ATP_Conc_uM,ADP_Conc_uM,P_Conc_uM,Flag_Conc_mg-ml,BSA_Caesin_Both,Acq_Time_s,Time_Interval_s,Cy5_exptime_ms,Cy5_gain,YFP_exptime_ms,YFP_gain,Temperature
3,3,42,49.99854707204822,1.2344940224379881,292.9047619047619,206.5,1.3239297773161434,10,66.72072072072076,0.8652994726892848,0.8790306268785697,5.093020620122235,NCD_YFP_ilid,0.001,0.04,100.0,300.0,0.0,0.02,Both,100.0,1.0,60.0,300.0,100.0,4.0,27.3
4,4,64,96.2317034194246,3.9767732831912377,349.96875,364.234375,-0.741282677387919,12,134.83025210084026,0.9912890625,0.9912135301927457,6.596556482302817,NCD_YFP_ilid,0.001,0.04,100.0,300.0,0.0,0.02,Both,100.0,1.0,60.0,300.0,100.0,4.0,27.3
6,6,73,87.43543927572898,7.938557158219899,410.1095890410959,397.2739726027397,0.8091317762510499,15,116.06689075630248,0.9215025256935674,0.9340619924495382,6.801375994783874,NCD_YFP_ilid,0.001,0.04,100.0,300.0,0.0,0.02,Both,100.0,1.0,60.0,300.0,100.0,4.0,27.3
