,index,area,major_axis_length,minor_axis_length,centroid-0,centroid-1,orientation,label,speed (nm/s),r^2,skele r^2,MT len (um),Motor Type,Motor_Conc_uM,MT_Conc_uM,ATP_Conc_uM,ADP_Conc_uM,P_Conc_uM,Flag_Conc_mg-ml,BSA_Caesin_Both,Acq_Time_s,Time_Interval_s,Cy5_exptime_ms,Cy5_gain,YFP_exptime_ms,YFP_gain,Temperature
0,0,99,115.81581172325345,2.6110025887845234,32.98989898989899,232.0,-1.4092977823306667,1,171.06713091438132,0.987049686705052,0.8140483086291951,3.589856834138103,NCD_YFP_ilid,0.001,0.04,1420.0,5000.0,0.0,0.02,Both,100.0,1.0,60.0,300.0,100.0,4.0,27.3
2,2,17,20.167433764586107,1.402375439575138,137.0,200.47058823529412,0.23922568635306365,6,95.86818181818167,0.9732533069168463,0.9773933102652825,2.4483384483277075,NCD_YFP_ilid,0.001,0.04,1420.0,5000.0,0.0,0.02,Both,100.0,1.0,60.0,300.0,100.0,4.0,27.3
7,7,20,25.840465028263747,1.6823694965964957,188.5,300.8,0.4687973522974218,11,78.20000000000003,0.8292964244521338,0.5664776307498429,3.1613767946113134,NCD_YFP_ilid,0.001,0.04,1420.0,5000.0,0.0,0.02,Both,100.0,1.0,60.0,300.0,100.0,4.0,27.3
8,8,79,80.47801491236866,11.238220855339051,207.16455696202533,192.44303797468353,-0.8248685797610935,12,55.056974789915984,0.9682674393797561,0.8371165721171947,4.7337415419559274,NCD_YFP_ilid,0.001,0.04,1420.0,5000.0,0.0,0.02,Both,100.0,1.0,60.0,300.0,100.0,4.0,27.3
14,14,24,34.63868678625885,3.2007360179792728,410.125,210.25,0.7623779769809933,23,73.9136363636363,0.9550044113322225,0.8971627863135083,4.198856942176893,NCD_YFP_ilid,0.001,0.04,1420.0,5000.0,0.0,0.02,Both,100.0,1.0,60.0,300.0,100.0,4.0,27.3
15,15,13,15.183365141170505,1.1084839193041498,440.7692307692308,342.0,1.4011729217298223,24,84.15909090909079,0.9792060491493383,0.7869822485207092,2.066064160808511,NCD_YFP_ilid,0.001,0.04,1420.0,5000.0,0.0,0.02,Both,100.0,1.0,60.0,300.0,100.0,4.0,27.3
