,index,area,major_axis_length,minor_axis_length,centroid-0,centroid-1,orientation,label,speed (nm/s),r^2,skele r^2,MT len (um),Motor Type,Motor_Conc_uM,MT_Conc_uM,ATP_Conc_uM,ADP_Conc_uM,P_Conc_uM,Flag_Conc_mg-ml,BSA_Caesin_Both,Acq_Time_s,Time_Interval_s,Cy5_exptime_ms,Cy5_gain,YFP_exptime_ms,YFP_gain,Temperature
0,0,24,31.20307729459751,1.7892178963745404,11.625,107.375,1.04015681487316,1,80.78749999999998,0.9669161569213494,0.9144970414201182,3.3392906205506985,NCD_YFP_ilid,0.001,0.04,1420.0,300.0,0.0,0.02,Both,100.0,1.0,60.0,300.0,100.0,4.0,27.3
2,2,10,14.405709579311903,1.1293943140113856,116.3,307.4,0.8566209638481038,6,56.34999999999997,0.8775510204081631,0.3999999999999997,2.602176997521511,NCD_YFP_ilid,0.001,0.04,1420.0,300.0,0.0,0.02,Both,100.0,1.0,60.0,300.0,100.0,4.0,27.3
3,3,111,124.84945595500852,3.846594264389899,176.2882882882883,280.44144144144144,-1.3511648358746715,7,192.05613226592413,0.9240357483917105,0.5865140495404175,9.663105640416523,NCD_YFP_ilid,0.001,0.04,1420.0,300.0,0.0,0.02,Both,100.0,1.0,60.0,300.0,100.0,4.0,27.3
4,4,16,18.83814381893632,1.0603478000501882,202.5,314.5,-1.364267376679186,9,119.4083333333333,0.988343222657072,0.8385185185185184,2.475855171479465,NCD_YFP_ilid,0.001,0.04,1420.0,300.0,0.0,0.02,Both,100.0,1.0,60.0,300.0,100.0,4.0,27.3
5,5,19,24.55587269449235,1.847579049688775,212.21052631578948,436.94736842105266,1.0717109180591609,10,85.56643356643339,0.9168542243767309,0.9297758381273555,3.0516197260094495,NCD_YFP_ilid,0.001,0.04,1420.0,300.0,0.0,0.02,Both,100.0,1.0,60.0,300.0,100.0,4.0,27.3
6,6,22,27.21521127696987,3.89872334808886,310.90909090909093,248.5,-1.197128451709336,13,135.9493006993007,0.9091113025760609,0.9114186851211072,1.8814749755845335,NCD_YFP_ilid,0.001,0.04,1420.0,300.0,0.0,0.02,Both,100.0,1.0,60.0,300.0,100.0,4.0,27.3
