,index,area,major_axis_length,minor_axis_length,centroid-0,centroid-1,orientation,label,speed (nm/s),r^2,skele r^2,MT len (um),Motor Type,Motor_Conc_uM,MT_Conc_uM,ATP_Conc_uM,ADP_Conc_uM,P_Conc_uM,Flag_Conc_mg-ml,BSA_Caesin_Both,Acq_Time_s,Time_Interval_s,Cy5_exptime_ms,Cy5_gain,YFP_exptime_ms,YFP_gain,Temperature
0,0,15,18.509897887224987,1.5075042598257995,43.333333333333336,239.0,1.2032240008693422,1,111.51617647058829,0.993062598888393,0.9689024666052068,2.285605640000781,NCD_YFP_ilid,0.001,0.04,1420.0,0.0,0.0,0.02,Both,100.0,1.0,60.0,300.0,100.0,4.0,27.3
1,1,8,9.16515138991168,0.0,66.0,345.5,1.5707963267948966,2,75.13333333333338,0.988095238095238,0.8538109121199493,1.771869533620472,NCD_YFP_ilid,0.001,0.04,1420.0,0.0,0.0,0.02,Both,100.0,1.0,60.0,300.0,100.0,4.0,27.3
2,2,17,23.70055418017781,1.2450572431078641,98.0,497.8235294117647,-0.5983200597182114,3,111.46153846153834,0.9470632248410025,0.975941230486685,2.909637672094461,NCD_YFP_ilid,0.001,0.04,1420.0,0.0,0.0,0.02,Both,100.0,1.0,60.0,300.0,100.0,4.0,27.3
3,3,86,104.028221121209,2.4271884740338776,215.8372093023256,276.5,-1.2679772219735024,4,138.71547979403962,0.992398898890757,0.9915422483453973,9.134708834828345,NCD_YFP_ilid,0.001,0.04,1420.0,0.0,0.0,0.02,Both,100.0,1.0,60.0,300.0,100.0,4.0,27.3
5,5,30,32.55204506781335,3.0883159223728867,330.1,163.0,0.10125266580183664,8,105.12352941176475,0.9444850255661067,0.946196169485429,2.448247725384167,NCD_YFP_ilid,0.001,0.04,1420.0,0.0,0.0,0.02,Both,100.0,1.0,60.0,300.0,100.0,4.0,27.3
