,index,area,major_axis_length,minor_axis_length,centroid-0,centroid-1,orientation,label,speed (nm/s),r^2,skele r^2,MT len (um),Motor Type,Motor_Conc_uM,MT_Conc_uM,ATP_Conc_uM,ADP_Conc_uM,P_Conc_uM,Flag_Conc_mg-ml,BSA_Caesin_Both,Acq_Time_s,Time_Interval_s,Cy5_exptime_ms,Cy5_gain,YFP_exptime_ms,YFP_gain,Temperature
0,0,53,73.14442050109346,3.3633388003625804,147.39622641509433,101.43396226415095,-0.6205464311436724,2,140.5549251379039,0.9587179340574776,0.964764101419403,3.2821753813216423,NCD_YFP_ilid,0.001,0.04,1420.0,100.0,0.0,0.02,Both,100.0,1.0,60.0,300.0,100.0,4.0,27.3
3,3,14,16.12549292312806,1.0147425663402012,211.07142857142858,46.5,1.5597640695493158,5,86.2500000000001,0.9777777777777779,0.6921212121212121,2.526698937844293,NCD_YFP_ilid,0.001,0.04,1420.0,100.0,0.0,0.02,Both,100.0,1.0,60.0,300.0,100.0,4.0,27.3
5,5,15,18.664833213481582,1.0982819925397203,232.46666666666667,207.0,1.182732106543442,7,88.55000000000008,0.925619834710744,0.933518005540166,2.5729149474403106,NCD_YFP_ilid,0.001,0.04,1420.0,100.0,0.0,0.02,Both,100.0,1.0,60.0,300.0,100.0,4.0,27.3
