,index,area,major_axis_length,minor_axis_length,centroid-0,centroid-1,orientation,label,speed (nm/s),r^2,skele r^2,MT len (um),Motor Type,Motor_Conc_uM,MT_Conc_uM,ATP_Conc_uM,ADP_Conc_uM,P_Conc_uM,Flag_Conc_mg-ml,BSA_Caesin_Both,Acq_Time_s,Time_Interval_s,Cy5_exptime_ms,Cy5_gain,YFP_exptime_ms,YFP_gain,Temperature
0,0,35,45.60634598659991,2.014433032994534,50.0,70.91428571428571,0.48309698597509165,1,145.05862068965519,0.9688665181372582,0.9743468874199412,4.263945284177101,NCD_YFP_ilid,0.001,0.04,100.0,300.0,0.0,0.02,Both,100.0,1.0,60.0,300.0,100.0,4.0,27.3
2,2,62,75.49305983900919,3.0457485447568917,104.5,352.0483870967742,0.3235650365438748,3,310.3370445344127,0.856923283155829,0.7229961883051839,2.700294781025857,NCD_YFP_ilid,0.001,0.04,100.0,300.0,0.0,0.02,Both,100.0,1.0,60.0,300.0,100.0,4.0,27.3
3,3,80,94.5145606178679,2.5214740156058006,138.5,311.7,0.2135677770979336,4,135.50285714285707,0.9895694252962742,0.9886164346215099,6.827134068031256,NCD_YFP_ilid,0.001,0.04,100.0,300.0,0.0,0.02,Both,100.0,1.0,60.0,300.0,100.0,4.0,27.3
6,6,76,103.61214567944616,2.68570631189412,229.5,225.17105263157896,0.5608698203099517,7,156.63579831932768,0.944726725934887,0.894697112190091,9.031432707513304,NCD_YFP_ilid,0.001,0.04,100.0,300.0,0.0,0.02,Both,100.0,1.0,60.0,300.0,100.0,4.0,27.3
