,index,area,major_axis_length,minor_axis_length,centroid-0,centroid-1,orientation,label,speed (nm/s),r^2,skele r^2,MT len (um),Motor Type,Motor_Conc_uM,MT_Conc_uM,ATP_Conc_uM,ADP_Conc_uM,P_Conc_uM,Flag_Conc_mg-ml,BSA_Caesin_Both,Acq_Time_s,Time_Interval_s,Cy5_exptime_ms,Cy5_gain,YFP_exptime_ms,YFP_gain,Temperature
1,1,20,27.157528837208304,0.9320018541824088,21.5,311.0,-0.5564883618443696,2,95.61971104231162,0.9108998257096727,0.9495371058260416,3.427755881388716,NCD_YFP_ilid,0.001,0.04,1420.0,300.0,0.0,0.02,Both,100.0,1.0,60.0,300.0,100.0,4.0,27.3
2,2,28,40.0356139628201,2.872569483297351,211.14285714285714,347.0,0.8364754065172453,8,107.18884615384616,0.9923350357316758,0.9663353486084175,4.163939955746842,NCD_YFP_ilid,0.001,0.04,1420.0,300.0,0.0,0.02,Both,100.0,1.0,60.0,300.0,100.0,4.0,27.3
5,5,14,21.716854668878838,0.7893802949016987,258.14285714285717,292.5,-0.8361810096744633,13,75.13333333333334,0.9703153988868274,0.962962962962963,2.3086811034694263,NCD_YFP_ilid,0.001,0.04,1420.0,300.0,0.0,0.02,Both,100.0,1.0,60.0,300.0,100.0,4.0,27.3
6,6,22,26.381761277566284,1.7728981248996796,265.09090909090907,183.5,-1.2932996796568024,14,112.2121212121212,0.8871077504725898,0.9220315950399185,2.3728989556615905,NCD_YFP_ilid,0.001,0.04,1420.0,300.0,0.0,0.02,Both,100.0,1.0,60.0,300.0,100.0,4.0,27.3
