,index,area,major_axis_length,minor_axis_length,centroid-0,centroid-1,orientation,label,speed (nm/s),r^2,skele r^2,MT len (um),Motor Type,Motor_Conc_uM,MT_Conc_uM,ATP_Conc_uM,ADP_Conc_uM,P_Conc_uM,Flag_Conc_mg-ml,BSA_Caesin_Both,Acq_Time_s,Time_Interval_s,Cy5_exptime_ms,Cy5_gain,YFP_exptime_ms,YFP_gain,Temperature
0,0,37,47.67326775654887,2.9933347180913876,26.0,189.64864864864865,0.46142658080333654,1,146.0852490421456,0.9731762182994963,0.9827760887343084,4.045590423328259,NCD_YFP_ilid,0.001,0.04,1420.0,5000.0,0.0,0.02,Both,100.0,1.0,60.0,300.0,100.0,4.0,27.3
1,1,92,106.48625602812287,1.7091323663692841,26.967391304347824,282.5,-1.5008817023217855,2,137.75020882629696,0.9970743259392487,0.791095502974842,,NCD_YFP_ilid,0.001,0.04,1420.0,5000.0,0.0,0.02,Both,100.0,1.0,60.0,300.0,100.0,4.0,27.3
4,4,18,24.80051184309394,1.6166708589679173,202.55555555555554,491.55555555555554,-0.6059562052583652,8,109.20979020979017,0.9627218620469763,0.9773933102652826,2.997081132806372,NCD_YFP_ilid,0.001,0.04,1420.0,5000.0,0.0,0.02,Both,100.0,1.0,60.0,300.0,100.0,4.0,27.3
5,5,12,13.9947523461492,1.1700978558110589,221.5,422.5833333333333,-0.16403693334245023,10,77.81666666666652,0.9258818866428852,0.5416666666666674,2.185777918736531,NCD_YFP_ilid,0.001,0.04,1420.0,5000.0,0.0,0.02,Both,100.0,1.0,60.0,300.0,100.0,4.0,27.3
9,9,21,24.40135912691288,1.0530052951983302,402.0,146.04761904761904,0.12170461204189613,17,91.02692307692308,0.9834383821555833,0.8239324287770305,3.139374373571261,NCD_YFP_ilid,0.001,0.04,1420.0,5000.0,0.0,0.02,Both,100.0,1.0,60.0,300.0,100.0,4.0,27.3
