,index,area,major_axis_length,minor_axis_length,centroid-0,centroid-1,orientation,label,speed (nm/s),r^2,skele r^2,MT len (um),Motor Type,Motor_Conc_uM,MT_Conc_uM,ATP_Conc_uM,ADP_Conc_uM,P_Conc_uM,Flag_Conc_mg-ml,BSA_Caesin_Both,Acq_Time_s,Time_Interval_s,Cy5_exptime_ms,Cy5_gain,YFP_exptime_ms,YFP_gain,Temperature
0,0,67,80.93475513585089,1.5193949525677675,154.28358208955223,131.0,-1.2722674665005718,4,126.04773109243693,0.9788417455489951,0.9798029853337417,5.282845557492429,NCD_YFP_ilid,0.001,0.04,1420.0,100.0,0.0,0.02,Both,100.0,1.0,60.0,300.0,100.0,4.0,27.3
1,1,26,32.98354661961743,2.1845006120548573,226.26923076923077,105.5,-1.1411808029451105,5,113.41029411764718,0.9197222815451469,0.9842650850406901,3.110099368630866,NCD_YFP_ilid,0.001,0.04,1420.0,100.0,0.0,0.02,Both,100.0,1.0,60.0,300.0,100.0,4.0,27.3
2,2,29,32.217900557043244,5.113665121370731,295.6896551724138,403.3448275862069,-0.38694212297623626,10,54.62499999999998,0.9205909510618652,0.5905667855727307,3.5404507971909833,NCD_YFP_ilid,0.001,0.04,1420.0,100.0,0.0,0.02,Both,100.0,1.0,60.0,300.0,100.0,4.0,27.3
4,4,37,44.61741982493271,2.4782952827069344,452.0810810810811,236.97297297297297,1.2632545725090119,13,74.30499999999996,0.8477790776937305,0.9645651130467223,4.182618888538888,NCD_YFP_ilid,0.001,0.04,1420.0,100.0,0.0,0.02,Both,100.0,1.0,60.0,300.0,100.0,4.0,27.3
