,index,area,major_axis_length,minor_axis_length,centroid-0,centroid-1,orientation,label,speed (nm/s),r^2,skele r^2,MT len (um),Motor Type,Motor_Conc_uM,MT_Conc_uM,ATP_Conc_uM,ADP_Conc_uM,P_Conc_uM,Flag_Conc_mg-ml,BSA_Caesin_Both,Acq_Time_s,Time_Interval_s,Cy5_exptime_ms,Cy5_gain,YFP_exptime_ms,YFP_gain,Temperature
0,0,46,60.62090188573318,1.565947089814665,36.5,383.7391304347826,0.5034829847696526,1,145.61029411764721,0.9965659879672102,0.988855896660251,4.1194640256842865,NCD_YFP_ilid,0.001,0.04,1420.0,0.0,0.0,0.02,Both,100.0,1.0,60.0,300.0,100.0,4.0,27.3
3,3,15,20.52148215091929,0.9921319897355279,180.0,321.53333333333336,-0.5703054637017129,7,87.81818181818181,0.9486111111111111,0.8230452674897124,2.6071218002201753,NCD_YFP_ilid,0.001,0.04,1420.0,0.0,0.0,0.02,Both,100.0,1.0,60.0,300.0,100.0,4.0,27.3
4,4,14,16.42484292805153,1.1517706391301115,187.5,446.14285714285717,0.19200370373727807,8,119.28636363636372,0.9649591629342468,0.9197530864197526,2.5878904038350266,NCD_YFP_ilid,0.001,0.04,1420.0,0.0,0.0,0.02,Both,100.0,1.0,60.0,300.0,100.0,4.0,27.3
