,index,area,major_axis_length,minor_axis_length,centroid-0,centroid-1,orientation,label,speed (nm/s),r^2,skele r^2,MT len (um),Motor Type,Motor_Conc_uM,MT_Conc_uM,ATP_Conc_uM,ADP_Conc_uM,P_Conc_uM,Flag_Conc_mg-ml,BSA_Caesin_Both,Acq_Time_s,Time_Interval_s,Cy5_exptime_ms,Cy5_gain,YFP_exptime_ms,YFP_gain,Temperature
3,3,56,77.74741878449709,2.3369470100159035,216.5,345.2857142857143,-0.5891583192509005,5,72.07554782013246,0.8383314346086241,0.7599839471711901,5.309185537482485,NCD_YFP_ilid,0.001,0.04,1420.0,300.0,0.0,0.02,Both,100.0,1.0,60.0,300.0,100.0,4.0,27.3
6,6,58,69.59373882656969,2.25444074207763,321.5,287.05172413793105,-0.2759988659076646,9,121.92183345820875,0.8914482752247206,0.54974059199899,5.196059455387107,NCD_YFP_ilid,0.001,0.04,1420.0,300.0,0.0,0.02,Both,100.0,1.0,60.0,300.0,100.0,4.0,27.3
