,index,area,major_axis_length,minor_axis_length,centroid-0,centroid-1,orientation,label,speed (nm/s),r^2,skele r^2,MT len (um),Motor Type,Motor_Conc_uM,MT_Conc_uM,ATP_Conc_uM,ADP_Conc_uM,P_Conc_uM,Flag_Conc_mg-ml,BSA_Caesin_Both,Acq_Time_s,Time_Interval_s,Cy5_exptime_ms,Cy5_gain,YFP_exptime_ms,YFP_gain,Temperature
0,0,105,95.58775856035575,9.92279977411862,84.0,303.2952380952381,0.14868635601499078,1,117.87499999999996,0.937070309264377,0.759416840952523,6.749923639595479,NCD_YFP_ilid,0.001,0.04,100.0,300.0,0.0,0.02,Both,100.0,1.0,60.0,300.0,100.0,4.0,27.3
1,1,21,24.240918971493112,1.6786175009683948,136.0,14.619047619047619,-0.0404319943589239,3,88.43103448275859,0.8988629482908475,0.7879436454644335,2.7355244586331895,NCD_YFP_ilid,0.001,0.04,100.0,300.0,0.0,0.02,Both,100.0,1.0,60.0,300.0,100.0,4.0,27.3
4,4,51,58.88148712529252,1.7729873926889705,330.7647058823529,421.0,1.5605611585617425,7,130.86666061705975,0.9764835385522828,0.982558873841193,3.538255829632629,NCD_YFP_ilid,0.001,0.04,100.0,300.0,0.0,0.02,Both,100.0,1.0,60.0,300.0,100.0,4.0,27.3
