,index,area,major_axis_length,minor_axis_length,centroid-0,centroid-1,orientation,label,speed (nm/s),r^2,skele r^2,MT len (um),Motor Type,Motor_Conc_uM,MT_Conc_uM,ATP_Conc_uM,ADP_Conc_uM,P_Conc_uM,Flag_Conc_mg-ml,BSA_Caesin_Both,Acq_Time_s,Time_Interval_s,Cy5_exptime_ms,Cy5_gain,YFP_exptime_ms,YFP_gain,Temperature
2,2,64,74.5167449234487,1.3008558773683936,76.5,383.6875,0.12962089803562285,5,156.31801125703575,0.9950507596443324,0.9779080058242114,4.063922527134913,NCD_YFP_ilid,0.001,0.04,100.0,300.0,0.0,0.02,Both,100.0,1.0,60.0,300.0,100.0,4.0,27.3
6,6,83,95.6530575485525,5.462010617402573,196.3975903614458,340.0240963855422,0.4247855405718148,11,90.74283687943267,0.9021925471394354,0.46005531488964,7.449186983073421,NCD_YFP_ilid,0.001,0.04,100.0,300.0,0.0,0.02,Both,100.0,1.0,60.0,300.0,100.0,4.0,27.3
7,7,90,77.1267637445189,13.893549199498848,246.4,315.05555555555554,0.005343776176865409,12,103.06272247360475,0.9787291607877477,0.9359250122941157,5.911845553240333,NCD_YFP_ilid,0.001,0.04,100.0,300.0,0.0,0.02,Both,100.0,1.0,60.0,300.0,100.0,4.0,27.3
8,8,18,21.872922691751924,1.3498764761601902,233.88888888888889,53.5,-1.2487038460589828,13,65.14772727272725,0.9660579550689441,0.9511217641364628,2.7674514355266577,NCD_YFP_ilid,0.001,0.04,100.0,300.0,0.0,0.02,Both,100.0,1.0,60.0,300.0,100.0,4.0,27.3
9,9,26,31.581422686757886,2.434615071790625,286.5,409.65384615384613,-0.3187807933855094,14,72.85608308605349,0.9961073572132427,0.9181648475946063,2.1489980848399024,NCD_YFP_ilid,0.001,0.04,100.0,300.0,0.0,0.02,Both,100.0,1.0,60.0,300.0,100.0,4.0,27.3
10,10,95,122.1069514988026,2.234924773646953,346.0,323.2631578947368,0.45495972167802284,15,124.63970067873305,0.9324976882241519,0.6859422658475108,11.116609498904086,NCD_YFP_ilid,0.001,0.04,100.0,300.0,0.0,0.02,Both,100.0,1.0,60.0,300.0,100.0,4.0,27.3
12,12,51,77.67371146559611,1.913208822230595,342.9019607843137,202.0,0.8548618895403319,19,22.554654527744333,0.9281775321547275,0.6738797840064064,10.191811570135386,NCD_YFP_ilid,0.001,0.04,100.0,300.0,0.0,0.02,Both,100.0,1.0,60.0,300.0,100.0,4.0,27.3
