,index,area,major_axis_length,minor_axis_length,centroid-0,centroid-1,orientation,label,speed (nm/s),r^2,skele r^2,MT len (um),Motor Type,Motor_Conc_uM,MT_Conc_uM,ATP_Conc_uM,ADP_Conc_uM,P_Conc_uM,Flag_Conc_mg-ml,BSA_Caesin_Both,Acq_Time_s,Time_Interval_s,Cy5_exptime_ms,Cy5_gain,YFP_exptime_ms,YFP_gain,Temperature
1,1,12,14.45160578410506,1.1718841593960432,137.33333333333334,448.5,-1.270259449546022,4,113.08333333333321,0.9925308819304798,0.9335180055401662,2.114653453630437,NCD_YFP_ilid,0.001,0.04,1420.0,100.0,0.0,0.02,Both,100.0,1.0,60.0,300.0,100.0,4.0,27.3
2,2,14,16.42484292805153,1.151770639130113,151.14285714285714,100.5,1.3787926230576186,7,104.64999999999958,0.8875739644970402,0.6380952380952329,2.080846595852446,NCD_YFP_ilid,0.001,0.04,1420.0,100.0,0.0,0.02,Both,100.0,1.0,60.0,300.0,100.0,4.0,27.3
4,4,13,13.39456292666183,2.016178053775226,185.23076923076923,460.3076923076923,-1.4867130276412102,9,40.25,0.8571428571428572,0.5416666666666627,0.9504577978225909,NCD_YFP_ilid,0.001,0.04,1420.0,100.0,0.0,0.02,Both,100.0,1.0,60.0,300.0,100.0,4.0,27.3
5,5,26,24.453943473124063,5.931954194522724,211.15384615384616,324.3076923076923,-1.4759419603315322,11,52.91691176470581,0.9181918732389429,0.9612,2.442793896836567,NCD_YFP_ilid,0.001,0.04,1420.0,100.0,0.0,0.02,Both,100.0,1.0,60.0,300.0,100.0,4.0,27.3
9,9,79,95.21882529702928,5.821178972359675,402.65822784810126,376.0,1.2791782249623127,21,189.5224235415061,0.9169668873617368,0.9520715171041553,6.459085408239886,NCD_YFP_ilid,0.001,0.04,1420.0,100.0,0.0,0.02,Both,100.0,1.0,60.0,300.0,100.0,4.0,27.3
