,index,area,major_axis_length,minor_axis_length,centroid-0,centroid-1,orientation,label,speed (nm/s),r^2,skele r^2,MT len (um),Motor Type,Motor_Conc_uM,MT_Conc_uM,ATP_Conc_uM,ADP_Conc_uM,P_Conc_uM,Flag_Conc_mg-ml,BSA_Caesin_Both,Acq_Time_s,Time_Interval_s,Cy5_exptime_ms,Cy5_gain,YFP_exptime_ms,YFP_gain,Temperature
4,4,18,21.397329264113935,1.2297662600882717,215.38888888888889,41.5,1.3242580730749998,8,98.19504643962844,0.9692043559960795,0.9615723948632486,2.7494927704945784,NCD_YFP_ilid,0.001,0.04,1420.0,100.0,0.0,0.02,Both,100.0,1.0,60.0,300.0,100.0,4.0,27.3
5,5,10,13.023056476879766,1.385640646055105,272.2,240.8,-0.7853981633974483,10,48.29999999999974,0.8888888888888878,0.3333333333333238,2.0760050223719904,NCD_YFP_ilid,0.001,0.04,1420.0,100.0,0.0,0.02,Both,100.0,1.0,60.0,300.0,100.0,4.0,27.3
9,9,58,61.289858460967615,7.102802373619447,404.37931034482756,287.55172413793105,-0.44635688821775676,16,143.0220483641536,0.9984445769339497,0.9907265453633488,4.346049478180349,NCD_YFP_ilid,0.001,0.04,1420.0,100.0,0.0,0.02,Both,100.0,1.0,60.0,300.0,100.0,4.0,27.3
