,index,area,major_axis_length,minor_axis_length,centroid-0,centroid-1,orientation,label,speed (nm/s),r^2,skele r^2,MT len (um),Motor Type,Motor_Conc_uM,MT_Conc_uM,ATP_Conc_uM,ADP_Conc_uM,P_Conc_uM,Flag_Conc_mg-ml,BSA_Caesin_Both,Acq_Time_s,Time_Interval_s,Cy5_exptime_ms,Cy5_gain,YFP_exptime_ms,YFP_gain,Temperature
2,2,26,30.040689789798584,2.582514857381078,323.4230769230769,245.03846153846155,-0.18664684493998357,5,53.611623931623924,0.8897948298470711,0.8918409373403026,2.7297359037355275,NCD_YFP_ilid,0.001,0.04,1420.0,0.0,0.0,0.02,Both,100.0,1.0,60.0,300.0,100.0,4.0,27.3
4,4,20,30.449247210869167,1.1846283347007625,370.55,416.25,-0.7277171791261018,7,53.66666666666652,0.9199999999999995,0.7555555555555564,3.384275608306416,NCD_YFP_ilid,0.001,0.04,1420.0,0.0,0.0,0.02,Both,100.0,1.0,60.0,300.0,100.0,4.0,27.3
6,6,18,20.815959087212086,2.8939349725229757,438.55555555555554,452.55555555555554,0.20082836841848087,11,91.42499999999997,0.9821605158023812,0.988,2.5583766979701044,NCD_YFP_ilid,0.001,0.04,1420.0,0.0,0.0,0.02,Both,100.0,1.0,60.0,300.0,100.0,4.0,27.3
