,index,area,major_axis_length,minor_axis_length,centroid-0,centroid-1,orientation,label,speed (nm/s),r^2,skele r^2,MT len (um),Motor Type,Motor_Conc_uM,MT_Conc_uM,ATP_Conc_uM,ADP_Conc_uM,P_Conc_uM,Flag_Conc_mg-ml,BSA_Caesin_Both,Acq_Time_s,Time_Interval_s,Cy5_exptime_ms,Cy5_gain,YFP_exptime_ms,YFP_gain,Temperature
0,0,90,105.6656422155136,2.5268349153127843,127.5,243.04444444444445,-0.18225128382093037,1,113.07658197006621,0.8762902780908616,0.7228464123674173,5.862440668416073,NCD_YFP_ilid,0.001,0.04,100.0,300.0,0.0,0.02,Both,100.0,1.0,60.0,300.0,100.0,4.0,27.3
1,1,37,37.724716657072,6.373213440987141,100.78378378378379,279.6216216216216,0.44192017842799186,4,98.58004032258059,0.8885796502340955,0.9329167637711487,3.1049666298825356,NCD_YFP_ilid,0.001,0.04,100.0,300.0,0.0,0.02,Both,100.0,1.0,60.0,300.0,100.0,4.0,27.3
5,5,52,67.51394292251267,2.630734782065693,259.6730769230769,383.5192307692308,0.5169081857027534,10,29.12513368983958,0.8138474993151938,0.42572934539388063,3.7376314564530464,NCD_YFP_ilid,0.001,0.04,100.0,300.0,0.0,0.02,Both,100.0,1.0,60.0,300.0,100.0,4.0,27.3
7,7,57,72.17083394937974,3.452687392078548,350.4736842105263,454.0,1.147212363437117,12,117.46576576576577,0.9494284170060904,0.9571058246524191,4.487568357775446,NCD_YFP_ilid,0.001,0.04,100.0,300.0,0.0,0.02,Both,100.0,1.0,60.0,300.0,100.0,4.0,27.3
8,8,64,71.4775154370837,7.5275497800719435,385.15625,330.796875,-0.7792108580386993,13,57.75123326286118,0.936456166218287,0.8488222954282434,6.252339207815317,NCD_YFP_ilid,0.001,0.04,100.0,300.0,0.0,0.02,Both,100.0,1.0,60.0,300.0,100.0,4.0,27.3
10,10,65,95.56257429425233,2.2315285566840304,436.9384615384615,427.24615384615385,0.8816829686380815,16,99.76171945701375,0.9020695815691038,0.7610738689343926,7.377308484700406,NCD_YFP_ilid,0.001,0.04,100.0,300.0,0.0,0.02,Both,100.0,1.0,60.0,300.0,100.0,4.0,27.3
