,index,area,major_axis_length,minor_axis_length,centroid-0,centroid-1,orientation,label,speed (nm/s),r^2,skele r^2,MT len (um),Motor Type,Motor_Conc_uM,MT_Conc_uM,ATP_Conc_uM,ADP_Conc_uM,P_Conc_uM,Flag_Conc_mg-ml,BSA_Caesin_Both,Acq_Time_s,Time_Interval_s,Cy5_exptime_ms,Cy5_gain,YFP_exptime_ms,YFP_gain,Temperature
0,0,11,12.881575260601112,1.6710151204408936,42.0,261.0,0.1919088116442844,1,67.0833333333333,0.9028571428571428,0.8765432098765431,2.0541914300828807,NCD_YFP_ilid,0.001,0.04,1420.0,0.0,0.0,0.02,Both,100.0,1.0,60.0,300.0,100.0,4.0,27.3
1,1,61,75.98094535723833,1.7576800028179476,226.9344262295082,244.0,-1.1859770363396964,6,99.26269230769236,0.9001439518619371,0.7895496306185438,3.763656028530628,NCD_YFP_ilid,0.001,0.04,1420.0,0.0,0.0,0.02,Both,100.0,1.0,60.0,300.0,100.0,4.0,27.3
2,2,41,47.769607805498076,1.4671785646419888,304.9756097560976,368.0,-1.4347507829300576,8,126.69461538461523,0.9160051943137741,0.9928534781952618,2.9121068159347194,NCD_YFP_ilid,0.001,0.04,1420.0,0.0,0.0,0.02,Both,100.0,1.0,60.0,300.0,100.0,4.0,27.3
4,4,55,62.23598582684103,3.559053462603843,428.7090909090909,297.6363636363636,0.1252748837822024,11,152.48863636363637,0.9355868979988239,0.995117340517481,3.2882065659433373,NCD_YFP_ilid,0.001,0.04,1420.0,0.0,0.0,0.02,Both,100.0,1.0,60.0,300.0,100.0,4.0,27.3
