,index,area,major_axis_length,minor_axis_length,centroid-0,centroid-1,orientation,label,speed (nm/s),r^2,skele r^2,MT len (um),Motor Type,Motor_Conc_uM,MT_Conc_uM,ATP_Conc_uM,ADP_Conc_uM,P_Conc_uM,Flag_Conc_mg-ml,BSA_Caesin_Both,Acq_Time_s,Time_Interval_s,Cy5_exptime_ms,Cy5_gain,YFP_exptime_ms,YFP_gain,Temperature
1,1,23,27.686409164300624,2.973669413325325,173.43478260869566,216.95652173913044,1.245964073512261,7,117.09090909090905,0.9249999999999999,0.9388696655132641,3.1031430731355685,NCD_YFP_ilid,0.001,0.04,1420.0,100.0,0.0,0.02,Both,100.0,1.0,60.0,300.0,100.0,4.0,27.3
2,2,12,14.062857411589414,1.111773997404441,190.75,412.5,1.3795982574737375,8,96.11212121212121,0.9889716302919426,0.880000000000001,2.12856543572797,NCD_YFP_ilid,0.001,0.04,1420.0,100.0,0.0,0.02,Both,100.0,1.0,60.0,300.0,100.0,4.0,27.3
3,3,39,46.6373660106131,2.239771888861543,209.05128205128204,390.0,1.3062332545618347,9,160.6022727272727,0.9549090475549148,0.9342772047477982,3.1411127445115583,NCD_YFP_ilid,0.001,0.04,1420.0,100.0,0.0,0.02,Both,100.0,1.0,60.0,300.0,100.0,4.0,27.3
6,6,18,23.244282663616666,1.2569274695726522,351.77777777777777,191.5,-1.1027852988746099,17,64.40000000000003,0.9375,0.08685306365258605,3.0586922519717366,NCD_YFP_ilid,0.001,0.04,1420.0,100.0,0.0,0.02,Both,100.0,1.0,60.0,300.0,100.0,4.0,27.3
