,index,area,major_axis_length,minor_axis_length,centroid-0,centroid-1,orientation,label,speed (nm/s),r^2,skele r^2,MT len (um),Motor Type,Motor_Conc_uM,MT_Conc_uM,ATP_Conc_uM,ADP_Conc_uM,P_Conc_uM,Flag_Conc_mg-ml,BSA_Caesin_Both,Acq_Time_s,Time_Interval_s,Cy5_exptime_ms,Cy5_gain,YFP_exptime_ms,YFP_gain,Temperature
0,0,31,36.280221533038564,1.5183408775399108,42.0,256.9032258064516,0.16688189677328816,1,59.29599555061175,0.9632084041908938,0.9955460719063828,5.09506640205791,NCD_YFP_ilid,0.001,0.04,100.0,1420.0,0.0,0.02,Both,100.0,1.0,60.0,300.0,100.0,4.0,27.3
1,1,58,69.50238077462893,7.772128858390521,57.94827586206897,384.01724137931035,0.7182325019309028,2,76.60337711069417,0.8526648439132641,0.4745880489563449,6.136468491135979,NCD_YFP_ilid,0.001,0.04,100.0,1420.0,0.0,0.02,Both,100.0,1.0,60.0,300.0,100.0,4.0,27.3
2,2,18,25.86807802154499,1.9188657181002935,55.44444444444444,231.5,-0.9289871333593331,3,71.61724137931033,0.9771390798973276,0.9591367217031711,2.591414843251161,NCD_YFP_ilid,0.001,0.04,100.0,1420.0,0.0,0.02,Both,100.0,1.0,60.0,300.0,100.0,4.0,27.3
8,8,74,89.7434930346442,1.8223456578799646,265.5,296.2567567567568,0.3110037808649739,13,107.4643788326141,0.8722226495051406,0.8370546478243546,6.642710429173675,NCD_YFP_ilid,0.001,0.04,100.0,1420.0,0.0,0.02,Both,100.0,1.0,60.0,300.0,100.0,4.0,27.3
9,9,38,42.48484941184118,3.5402563930489674,260.3157894736842,146.8684210526316,-1.2672086316045614,14,97.93084677419371,0.85393223616609,0.6008962123366548,3.8397548831500328,NCD_YFP_ilid,0.001,0.04,100.0,1420.0,0.0,0.02,Both,100.0,1.0,60.0,300.0,100.0,4.0,27.3
11,11,55,71.38211761940265,1.4720183044971602,353.0,391.27272727272725,0.4745442623043766,18,106.41883880825053,0.9171193468171885,0.8556516097472626,4.8382928596157555,NCD_YFP_ilid,0.001,0.04,100.0,1420.0,0.0,0.02,Both,100.0,1.0,60.0,300.0,100.0,4.0,27.3
