,index,area,major_axis_length,minor_axis_length,centroid-0,centroid-1,orientation,label,speed (nm/s),r^2,skele r^2,MT len (um),Motor Type,Motor_Conc_uM,MT_Conc_uM,ATP_Conc_uM,ADP_Conc_uM,P_Conc_uM,Flag_Conc_mg-ml,BSA_Caesin_Both,Acq_Time_s,Time_Interval_s,Cy5_exptime_ms,Cy5_gain,YFP_exptime_ms,YFP_gain,Temperature
0,0,13,15.899351645624375,1.3022382076153447,31.307692307692307,102.0,1.225358240213487,2,80.50000000000007,0.9917355371900827,0.7500000000000071,2.2923471690127974,NCD_YFP_ilid,0.001,0.04,1420.0,0.0,0.0,0.02,Both,100.0,1.0,60.0,300.0,100.0,4.0,27.3
1,1,23,29.433468368628315,1.658983193763827,138.0,325.82608695652175,-0.44843792728567594,4,92.51307692307697,0.9245119702370392,0.9584586950214975,2.7100333664583958,NCD_YFP_ilid,0.001,0.04,1420.0,0.0,0.0,0.02,Both,100.0,1.0,60.0,300.0,100.0,4.0,27.3
3,3,42,60.71040763499348,2.8928971244269466,157.5,458.7142857142857,-0.646678780334918,6,166.22543859649127,0.9629900189774415,0.949234254669458,4.127729229826175,NCD_YFP_ilid,0.001,0.04,1420.0,0.0,0.0,0.02,Both,100.0,1.0,60.0,300.0,100.0,4.0,27.3
5,5,10,12.857808532895648,1.3699488061222842,281.1,467.2,0.8974401910966318,12,71.10833333333322,0.9320042719829119,0.7499999999999964,1.6712034001216274,NCD_YFP_ilid,0.001,0.04,1420.0,0.0,0.0,0.02,Both,100.0,1.0,60.0,300.0,100.0,4.0,27.3
6,6,38,40.57882138231649,4.245477024628898,307.57894736842104,244.78947368421052,0.0746394202952455,13,123.42681175430839,0.8923641875684265,0.979973676268995,2.5881337889066085,NCD_YFP_ilid,0.001,0.04,1420.0,0.0,0.0,0.02,Both,100.0,1.0,60.0,300.0,100.0,4.0,27.3
