,index,area,major_axis_length,minor_axis_length,centroid-0,centroid-1,orientation,label,speed (nm/s),r^2,skele r^2,MT len (um),Motor Type,Motor_Conc_uM,MT_Conc_uM,ATP_Conc_uM,ADP_Conc_uM,P_Conc_uM,Flag_Conc_mg-ml,BSA_Caesin_Both,Acq_Time_s,Time_Interval_s,Cy5_exptime_ms,Cy5_gain,YFP_exptime_ms,YFP_gain,Temperature
1,1,39,49.10721201057591,2.1878736268939405,54.97435897435897,473.0769230769231,-0.41993179229683436,2,106.0375945861775,0.9270881822804914,0.9135592524040483,3.9024615554902984,NCD_YFP_ilid,0.001,0.04,1420.0,5000.0,0.0,0.02,Both,100.0,1.0,60.0,300.0,100.0,4.0,27.3
6,6,70,87.20574102340913,2.0173628742152045,227.5,280.51428571428573,0.38514984818349923,9,154.25848739495794,0.9801100194337563,0.9425179316186116,5.046122464331865,NCD_YFP_ilid,0.001,0.04,1420.0,5000.0,0.0,0.02,Both,100.0,1.0,60.0,300.0,100.0,4.0,27.3
8,8,9,11.555606430043813,0.8882272728593127,311.22222222222223,314.0,-1.1041725624667946,13,95.86818181818184,0.8485519491871102,0.6943453560576028,1.7899100810834396,NCD_YFP_ilid,0.001,0.04,1420.0,5000.0,0.0,0.02,Both,100.0,1.0,60.0,300.0,100.0,4.0,27.3
9,9,24,31.517234342341446,1.4033869621343495,344.0416666666667,424.5,-1.0722302302553997,15,73.60474716202273,0.9554222781602285,0.9543299803445487,3.575126151921885,NCD_YFP_ilid,0.001,0.04,1420.0,5000.0,0.0,0.02,Both,100.0,1.0,60.0,300.0,100.0,4.0,27.3
10,10,53,61.55398906250804,2.4060830745051343,404.0,190.33962264150944,0.10915173001786344,18,157.16076923076923,0.814891816182831,0.255529790026938,3.2576037910657663,NCD_YFP_ilid,0.001,0.04,1420.0,5000.0,0.0,0.02,Both,100.0,1.0,60.0,300.0,100.0,4.0,27.3
