,index,area,major_axis_length,minor_axis_length,centroid-0,centroid-1,orientation,label,speed (nm/s),r^2,skele r^2,MT len (um),Motor Type,Motor_Conc_uM,MT_Conc_uM,ATP_Conc_uM,ADP_Conc_uM,P_Conc_uM,Flag_Conc_mg-ml,BSA_Caesin_Both,Acq_Time_s,Time_Interval_s,Cy5_exptime_ms,Cy5_gain,YFP_exptime_ms,YFP_gain,Temperature
2,2,23,28.648563174499017,1.9387838603502572,188.34782608695653,329.0,-1.1831496936784642,5,244.03321678321697,0.9491873190463965,0.7229453233195609,2.263158401773057,NCD_YFP_ilid,0.001,0.04,1420.0,0.0,0.0,0.02,Both,100.0,1.0,60.0,300.0,100.0,4.0,27.3
3,3,10,12.096296880822331,1.2959945104080968,207.5,298.0,-0.32009126845246494,6,87.20833333333354,0.9678782755705834,0.7037037037037153,1.966857610716525,NCD_YFP_ilid,0.001,0.04,1420.0,0.0,0.0,0.02,Both,100.0,1.0,60.0,300.0,100.0,4.0,27.3
4,4,17,24.386698974489075,1.2894245033343144,247.88235294117646,83.6470588235294,-0.6848329443344114,7,154.80769230769224,0.9845818181818182,0.9603174603174601,2.4342431008029486,NCD_YFP_ilid,0.001,0.04,1420.0,0.0,0.0,0.02,Both,100.0,1.0,60.0,300.0,100.0,4.0,27.3
