,index,area,major_axis_length,minor_axis_length,centroid-0,centroid-1,orientation,label,speed (nm/s),r^2,skele r^2,MT len (um),Motor Type,Motor_Conc_uM,MT_Conc_uM,ATP_Conc_uM,ADP_Conc_uM,P_Conc_uM,Flag_Conc_mg-ml,BSA_Caesin_Both,Acq_Time_s,Time_Interval_s,Cy5_exptime_ms,Cy5_gain,YFP_exptime_ms,YFP_gain,Temperature
0,0,24,27.927533795392335,1.8995819705331085,172.33333333333334,195.5,1.4396285167504834,2,71.50294117647042,0.9748256655409848,0.9208490378893079,3.1343303817810124,NCD_YFP_ilid,0.001,0.04,1420.0,100.0,0.0,0.02,Both,100.0,1.0,60.0,300.0,100.0,4.0,27.3
2,2,18,24.01948101256974,1.0436585863329877,199.88888888888889,426.5,-1.0425832456550348,5,127.45833333333339,0.9259464450600182,0.7750000000000046,3.291141713298854,NCD_YFP_ilid,0.001,0.04,1420.0,100.0,0.0,0.02,Both,100.0,1.0,60.0,300.0,100.0,4.0,27.3
3,3,19,20.373860166857146,4.885107025932433,267.5263157894737,238.1578947368421,0.7420682501563377,8,97.57575757575759,0.9440000000000001,0.9504373177842567,2.4199094525625,NCD_YFP_ilid,0.001,0.04,1420.0,100.0,0.0,0.02,Both,100.0,1.0,60.0,300.0,100.0,4.0,27.3
4,4,20,25.41009340960667,3.157079808155556,308.5,134.15,-0.4366030472921343,10,195.1050824175824,0.8963976074526598,0.9776415152830306,2.537105186180541,NCD_YFP_ilid,0.001,0.04,1420.0,100.0,0.0,0.02,Both,100.0,1.0,60.0,300.0,100.0,4.0,27.3
