,index,area,major_axis_length,minor_axis_length,centroid-0,centroid-1,orientation,label,speed (nm/s),r^2,skele r^2,MT len (um),motor conc,MT dilute,ATP,ADP,P,time (seconds)
7,7,15,20.041432421754056,1.2413647668052186,132.0,245.0,0.5321078443733681,53,59.033333333333154,0.9429000751314797,0.8223690510389743,2.564682296116819,0.125,200.0,1410.0,0.0,0.0,890.0
8,8,9,10.89396438033851,1.1917657118807157,129.0,401.22222222222223,-0.3257935929614288,54,33.21328671328669,0.9456094991860575,0.6776859504132275,1.4184650803609766,0.125,200.0,1410.0,0.0,0.0,890.0
17,17,40,39.74633782888224,7.872650709409433,194.7,218.275,-0.48253478389739296,84,21.635462184873937,0.9313349959773556,0.8323883896119352,5.749888344437186,0.125,200.0,1410.0,0.0,0.0,890.0
29,32,18,24.67724764768788,4.271220560670316,271.22222222222223,274.5,-0.6880201607172891,132,40.326339497392105,0.821385832055365,0.7044763180206137,2.5209988572361883,0.125,200.0,1410.0,0.0,0.0,890.0
31,34,51,53.547085417968425,5.773162467048208,302.4901960784314,28.980392156862745,-0.25317481771293804,143,41.17579831932776,0.9259437862058454,0.8996561550294777,3.2644146195875434,0.125,200.0,1410.0,0.0,0.0,890.0
42,45,17,24.188512826124214,1.6287637894666387,381.94117647058823,350.70588235294116,0.6534559829432024,185,38.364786324786316,0.9750601573869566,0.8379657483174976,2.6383014287624773,0.125,200.0,1410.0,0.0,0.0,890.0
44,47,34,37.72834160668356,4.388320945037758,405.97058823529414,280.9117647058824,-0.24232481317062457,193,35.2115931721194,0.8769541939321825,0.7124048190391483,3.302432343647834,0.125,200.0,1410.0,0.0,0.0,890.0
54,57,60,63.15865181595998,10.887211188224544,467.35,482.85,-0.7681703798369456,227,57.46219836633953,0.9109907154889163,0.8232828805311436,3.8773759379289348,0.125,200.0,1410.0,0.0,0.0,890.0
