,index,area,major_axis_length,minor_axis_length,centroid-0,centroid-1,orientation,label,speed (nm/s),r^2,skele r^2,MT len (um),motor conc,MT dilute,ATP,ADP,P,time (seconds)
0,0,34,47.06547830948223,2.328533095867518,211.58823529411765,306.5,-0.9851295593345838,2,98.67647058823539,0.9733537261155693,0.9706227311534124,3.0662273457533926,0.5,4000.0,1410.0,0.0,0.0,120.0
1,1,48,61.03036185029533,4.331305830785237,475.8958333333333,323.4583333333333,1.126707873335334,6,77.19986425339364,0.9568603806971838,0.9029987964113708,5.633733996464958,0.5,4000.0,1410.0,0.0,0.0,120.0
