,index,area,major_axis_length,minor_axis_length,centroid-0,centroid-1,orientation,label,speed (nm/s),r^2,skele r^2,MT len (um),motor conc,MT dilute,ATP,ADP,P,time (seconds)
0,0,44,46.202322655618076,6.833190225961604,203.22727272727272,236.47727272727272,-1.4077349900592464,2,95.7379831932773,0.9914700237774177,0.9777404934257226,2.4352137612654907,0.5,4000.0,1410.0,0.0,0.0,170.0
1,1,33,41.02592153468927,2.56047642991696,223.03030303030303,286.0,-1.1892459010468504,3,68.05294117647058,0.9892791165531661,0.9623427847264527,3.24259619905709,0.5,4000.0,1410.0,0.0,0.0,170.0
