,index,area,major_axis_length,minor_axis_length,centroid-0,centroid-1,orientation,label,speed (nm/s),r^2,skele r^2,MT len (um),motor conc,MT dilute,ATP,ADP,P,time (seconds)
0,0,33,45.642023740993245,2.377073953521757,138.12121212121212,379.90909090909093,0.6136868690919023,2,49.08084033613442,0.9893196245986595,0.9390475051609483,3.4290849468025977,0.5,4000.0,1410.0,0.0,0.0,710.0
