,index,area,major_axis_length,minor_axis_length,centroid-0,centroid-1,orientation,label,speed (nm/s),r^2,skele r^2,MT len (um),motor conc,MT dilute,ATP,ADP,P,time (seconds)
25,25,16,19.795820255777183,1.25020014436161,269.3125,18.5,-1.197634038661469,144,54.006951871657755,0.9773006223107751,0.9519828379019817,2.1121211598379115,0.125,200.0,1410.0,0.0,0.0,120.0
31,32,17,20.13702781251325,2.2029643788628253,330.94117647058823,490.7647058823529,-0.303008300392402,176,90.77136752136757,0.977913231746765,0.887832520898839,1.7275391967975289,0.125,200.0,1410.0,0.0,0.0,120.0
36,37,26,30.347558592414522,1.4581766682894828,396.5,391.3076923076923,0.15166601752999087,211,41.64255319148933,0.8904537308219452,0.7824942240672127,3.3311749100584422,0.125,200.0,1410.0,0.0,0.0,120.0
39,40,7,8.02091222122338,1.274421756287459,413.0,215.85714285714286,0.07315764400251511,225,58.64999999999998,0.9548891452005639,0.9129818594104309,1.629133949750454,0.125,200.0,1410.0,0.0,0.0,120.0
