,index,area,major_axis_length,minor_axis_length,centroid-0,centroid-1,orientation,label,speed (nm/s),r^2,skele r^2,MT len (um),motor conc,MT dilute,ATP,ADP,P,time (seconds)
0,0,24,33.38502778602257,1.152739613004523,67.58333333333333,135.5,0.9775881773478439,3,163.87500000000003,0.8516466605109265,0.7477325326827995,3.4571513140273025,0.0625,600.0,1000.0,1000.0,0.0,1140.0
1,1,67,85.39949929140936,4.058292741913495,106.4776119402985,462.0,-1.1327750782497772,4,147.98886877828048,0.9773976904304368,0.9754877116986106,4.673613266665956,0.0625,600.0,1000.0,1000.0,0.0,1140.0
2,2,38,45.16999873451705,3.5059539270627758,114.5,267.4736842105263,0.24185090680151727,5,84.23723981900451,0.88615387940014,0.8964735705773488,2.7738626647410793,0.0625,600.0,1000.0,1000.0,0.0,1140.0
3,3,39,48.63790898790889,1.633827144448144,168.07692307692307,120.0,1.182346916108238,9,124.76097560975607,0.9793327208736607,0.9759756230647189,2.6906373474594094,0.0625,600.0,1000.0,1000.0,0.0,1140.0
4,4,61,72.32552392254652,3.662684383295117,220.0,113.27868852459017,-0.22991576849701612,12,156.79651583710404,0.9892997667735735,0.987642837541039,2.7203385684114165,0.0625,600.0,1000.0,1000.0,0.0,1140.0
6,6,47,53.619958201555455,5.939497357902646,379.5744680851064,404.51063829787233,-1.0775977285246494,22,97.11234445071429,0.9552451025096071,0.9545227548433268,2.724963719758135,0.0625,600.0,1000.0,1000.0,0.0,1140.0
7,7,48,64.40474483759971,1.2587287075574505,449.8333333333333,468.5,-1.0359333969215876,25,127.26666666666671,0.9917302092850495,0.9799251209833343,4.891429454987626,0.0625,600.0,1000.0,1000.0,0.0,1140.0
