,index,area,major_axis_length,minor_axis_length,centroid-0,centroid-1,orientation,label,speed (nm/s),r^2,skele r^2,MT len (um),motor conc,MT dilute,ATP,ADP,P,time (seconds)
0,0,42,52.18067145119948,2.3768008395265716,45.833333333333336,200.54761904761904,-1.176027151884638,3,58.91434389140276,0.9889948663117336,0.9335680601391839,5.001308238280107,0.0625,600.0,1000.0,1000.0,0.0,1230.0
2,2,39,54.55492351312551,5.040496584228455,103.82051282051282,412.9230769230769,0.732819001500362,7,57.12464555052792,0.8500549409428904,0.8662484342369723,5.491287416704337,0.0625,600.0,1000.0,1000.0,0.0,1230.0
3,3,43,50.84934607470965,1.1808053321762195,112.46511627906976,107.0,1.35208747502175,9,42.67592760180997,0.9669931250668539,0.9399762168826372,6.2219130677755965,0.0625,600.0,1000.0,1000.0,0.0,1230.0
4,4,15,18.484263899489594,1.1713189548648881,144.0,194.4,-0.3634252936213235,12,97.63636363636361,0.9467435820077748,0.972519034081626,1.6910832046954591,0.0625,600.0,1000.0,1000.0,0.0,1230.0
5,5,10,11.815432024643421,1.5733931711529323,146.6,146.4,0.39764941499271844,13,58.05757575757574,0.8138549537462042,0.78698224852071,1.8356269385744233,0.0625,600.0,1000.0,1000.0,0.0,1230.0
8,8,39,47.83631426812562,2.1249563779017473,246.92307692307693,195.0,1.2254989878250055,21,53.81479638009051,0.9897290223953753,0.9287826794135698,4.341586241850082,0.0625,600.0,1000.0,1000.0,0.0,1230.0
10,10,34,39.26370593466178,2.6688278234359317,301.5,440.7352941176471,-0.032683502116005764,27,42.10769230769233,0.986177129105255,0.9677218809555297,3.4694090429640996,0.0625,600.0,1000.0,1000.0,0.0,1230.0
13,15,39,45.034179613392666,4.056016044619593,455.6923076923077,308.38461538461536,-1.2986790412927571,48,40.43892857142854,0.8124903320190446,0.8656597485539773,4.210606669196333,0.0625,600.0,1000.0,1000.0,0.0,1230.0
