,index,area,major_axis_length,minor_axis_length,centroid-0,centroid-1,orientation,label,speed (nm/s),r^2,skele r^2,MT len (um),motor conc,MT dilute,ATP,ADP,P,time (seconds)
1,1,45,53.533218711514735,1.5913114600562985,115.8,120.0,1.326776026263583,11,39.39378151260506,0.9745635903068968,0.9371921144831525,6.261881215810835,0.0625,600.0,1000.0,1000.0,0.0,1280.0
2,2,16,22.953459846817836,1.2303174633082976,200.1875,115.5625,0.9040498510230016,14,9.56336134453781,0.9596815776558013,0.8417737167428113,3.629611177920212,0.0625,600.0,1000.0,1000.0,0.0,1280.0
3,3,36,43.19083862069232,1.698467713748571,242.25,179.5,1.2943200866909608,18,48.07579831932774,0.9863429656038113,0.9388705012577564,4.408636008704524,0.0625,600.0,1000.0,1000.0,0.0,1280.0
4,5,47,48.00256014508594,6.422046078352458,279.1276595744681,163.82978723404256,1.1370645394159773,20,27.62319327731095,0.8519955893350393,0.5981959513852395,4.089514507853479,0.0625,600.0,1000.0,1000.0,0.0,1280.0
7,9,35,42.55818350362968,1.6406185163776081,414.65714285714284,280.0,-1.2505710826961318,37,48.66722689075625,0.984664304221677,0.8701498914808985,4.021843879783583,0.0625,600.0,1000.0,1000.0,0.0,1280.0
