,index,area,major_axis_length,minor_axis_length,centroid-0,centroid-1,orientation,label,speed (nm/s),r^2,skele r^2,MT len (um),motor conc,MT dilute,ATP,ADP,P,time (seconds)
5,5,29,41.94791578813329,1.2609358148539556,82.0,141.31034482758622,0.6474865695869154,10,43.49914027149318,0.9951843295367869,0.9193845681570089,4.283994616822241,0.0625,600.0,1000.0,1000.0,0.0,810.0
6,6,12,13.808210118138652,0.0,95.0,13.5,1.5707963267948966,11,45.557692307692236,0.9152606277688753,0.6666666666666643,1.7551489704745333,0.0625,600.0,1000.0,1000.0,0.0,810.0
9,9,30,37.720261116532214,2.431211671063805,159.56666666666666,279.5,-1.1617432520579076,19,41.87457013574665,0.8036856324073957,0.8410526693885368,3.8483219536681363,0.0625,600.0,1000.0,1000.0,0.0,810.0
12,12,13,18.360859289496865,1.543309667946856,233.07692307692307,75.07692307692308,0.907956091475747,29,77.57272727272728,0.9569241723033107,0.9676162649135622,2.2447632655238774,0.0625,600.0,1000.0,1000.0,0.0,810.0
14,14,36,47.77033816893254,3.1300575652261253,331.8888888888889,146.5,1.0536827889572697,37,55.27909502262446,0.9632481374516283,0.3720478034590342,4.881501598158801,0.0625,600.0,1000.0,1000.0,0.0,810.0
15,15,55,66.36288770663678,1.4591499948226125,339.1818181818182,322.0,1.2758202407089276,38,55.5704977375566,0.9917876090507131,0.9808209298777099,7.973634192839446,0.0625,600.0,1000.0,1000.0,0.0,810.0
17,18,24,33.63033400936134,2.682364416562116,434.7916666666667,158.16666666666666,-0.8722596032885747,44,42.0057013574661,0.9421724834346746,0.81157121525352,2.9516346334956673,0.0625,600.0,1000.0,1000.0,0.0,810.0
19,20,29,34.780712404340186,1.3741366537315673,448.0,211.0,0.2760070459608882,46,57.617601809954735,0.9956801095710642,0.9517810298744719,2.994287954525015,0.0625,600.0,1000.0,1000.0,0.0,810.0
20,21,22,30.689039230284113,2.377802662595929,456.0,431.6818181818182,0.9153388272473847,49,20.063076923076895,0.9501065943649754,0.9318198309613875,4.1165566225788774,0.0625,600.0,1000.0,1000.0,0.0,810.0
