,index,area,major_axis_length,minor_axis_length,centroid-0,centroid-1,orientation,label,speed (nm/s),r^2,skele r^2,MT len (um),Motor Type,Motor_Conc_uM,MT_Conc_uM,ATP_Conc_uM,ADP_Conc_uM,P_Conc_uM,Flag_Conc_mg-ml,BSA_Caesin_Both,Acq_Time_s,Time_Interval_s,Cy5_exptime_ms,Cy5_gain,YFP_exptime_ms,YFP_gain,Temperature
1,1,17,19.64931310646832,1.8845565174602155,34.0,480.0,0.07408001036591569,2,86.41083916083907,0.8534590994776247,0.9339240267697239,2.806868395343925,NCD_YFP_ilid,0.001,0.04,1420.0,0.0,0.0,0.02,Both,100.0,1.0,60.0,300.0,100.0,4.0,27.2
3,3,61,70.91238846096765,2.4534800316681435,157.0,383.1639344262295,0.11710843484310317,6,113.81461538461534,0.9301264541677418,0.7989930996826194,5.023860008131027,NCD_YFP_ilid,0.001,0.04,1420.0,0.0,0.0,0.02,Both,100.0,1.0,60.0,300.0,100.0,4.0,27.2
4,4,88,106.15118114991236,2.1264481655581378,221.5,230.4090909090909,-0.2937159926615075,7,153.22683257918538,0.9702596557167306,0.9323496778519341,7.030597111429503,NCD_YFP_ilid,0.001,0.04,1420.0,0.0,0.0,0.02,Both,100.0,1.0,60.0,300.0,100.0,4.0,27.2
5,5,77,97.50749267692935,10.448507744729037,219.32467532467533,81.0909090909091,-0.8583005883820338,8,149.20971886336176,0.9193928240247876,0.9084867572109239,6.622768470670168,NCD_YFP_ilid,0.001,0.04,1420.0,0.0,0.0,0.02,Both,100.0,1.0,60.0,300.0,100.0,4.0,27.2
9,9,64,85.40405086260483,5.219372209146047,452.21875,233.40625,-0.6702744020907475,19,210.73685358684628,0.9695961043128893,0.4842524580638884,6.442512940078314,NCD_YFP_ilid,0.001,0.04,1420.0,0.0,0.0,0.02,Both,100.0,1.0,60.0,300.0,100.0,4.0,27.2
10,10,11,12.980008808255878,1.6207434572222457,427.45454545454544,303.90909090909093,1.2006552907098058,20,74.75000000000011,0.9349112426035506,0.5999999999999734,1.2800437526649608,NCD_YFP_ilid,0.001,0.04,1420.0,0.0,0.0,0.02,Both,100.0,1.0,60.0,300.0,100.0,4.0,27.2
