,index,area,major_axis_length,minor_axis_length,centroid-0,centroid-1,orientation,label,speed (nm/s),r^2,skele r^2,MT len (um),Motor Type,Motor_Conc_uM,MT_Conc_uM,ATP_Conc_uM,ADP_Conc_uM,P_Conc_uM,Flag_Conc_mg-ml,BSA_Caesin_Both,Acq_Time_s,Time_Interval_s,Cy5_exptime_ms,Cy5_gain,YFP_exptime_ms,YFP_gain,Temperature
0,0,27,32.808687868378314,1.5113245396809634,294.6296296296296,278.0,-1.2516448924140675,1,107.92842741935489,0.9587201085420318,0.9756778590686959,2.6177466152031084,NCD_YFP_ilid,0.001,0.04,10000.0,0.0,0.0,0.02,Both,100.0,1.0,60.0,300.0,100.0,4.0,27.2
1,1,14,17.37131790236035,1.0063918417874942,302.57142857142856,256.5,-1.188942155753024,2,77.73500000000003,0.9593404017414441,0.9879494057753158,2.194859603916433,NCD_YFP_ilid,0.001,0.04,10000.0,0.0,0.0,0.02,Both,100.0,1.0,60.0,300.0,100.0,4.0,27.2
