,index,area,major_axis_length,minor_axis_length,centroid-0,centroid-1,orientation,label,speed (nm/s),r^2,skele r^2,MT len (um),Motor Type,Motor_Conc_uM,MT_Conc_uM,ATP_Conc_uM,ADP_Conc_uM,P_Conc_uM,Flag_Conc_mg-ml,BSA_Caesin_Both,Acq_Time_s,Time_Interval_s,Cy5_exptime_ms,Cy5_gain,YFP_exptime_ms,YFP_gain,Temperature
1,1,39,46.008908294240776,2.7171411314995986,230.0,199.48717948717947,-0.208233165891606,2,163.06248366013068,0.9562350992972923,0.9871737770744582,4.1019661733315465,NCD_YFP_ilid,0.001,0.04,10000.0,0.0,0.0,0.02,Both,100.0,1.0,60.0,300.0,100.0,4.0,27.2
2,2,24,28.080826576290093,1.2997696005608972,290.1666666666667,295.5,-1.4033119311484041,3,81.4590359237536,0.9903051171366866,0.890356930192287,2.5066160093880323,NCD_YFP_ilid,0.001,0.04,10000.0,0.0,0.0,0.02,Both,100.0,1.0,60.0,300.0,100.0,4.0,27.2
3,3,57,74.99361575612042,3.4061406368796336,318.0,257.64912280701753,0.5007117104508076,4,148.94919146491443,0.965450137257419,0.9764122202518559,3.776423923853313,NCD_YFP_ilid,0.001,0.04,10000.0,0.0,0.0,0.02,Both,100.0,1.0,60.0,300.0,100.0,4.0,27.2
4,4,12,13.813683264574312,1.5860290033138962,388.5,473.0,0.02833841181601742,7,106.33076923076918,0.9560798558143526,0.898915393744479,2.007138502176819,NCD_YFP_ilid,0.001,0.04,10000.0,0.0,0.0,0.02,Both,100.0,1.0,60.0,300.0,100.0,4.0,27.2
7,7,16,18.593879366438422,1.5058718758033591,470.5,231.5,-1.4412453179051916,11,154.41363636363633,0.9452168639518429,0.7103711411723899,2.714276403222998,NCD_YFP_ilid,0.001,0.04,10000.0,0.0,0.0,0.02,Both,100.0,1.0,60.0,300.0,100.0,4.0,27.2
