,index,area,major_axis_length,minor_axis_length,centroid-0,centroid-1,orientation,label,speed (nm/s),r^2,skele r^2,MT len (um),Motor Type,Motor_Conc_uM,MT_Conc_uM,ATP_Conc_uM,ADP_Conc_uM,P_Conc_uM,Flag_Conc_mg-ml,BSA_Caesin_Both,Acq_Time_s,Time_Interval_s,Cy5_exptime_ms,Cy5_gain,YFP_exptime_ms,YFP_gain,Temperature
24,25,6,8.088581861039081,0.892785360258425,84.5,243.33333333333334,0.5689541219322799,44,4.072352941176473,0.8087809072124921,0.664927536231884,1.3918796674904683,NCD_YFP_ilid,0.001,0.04,2.0,0.0,0.0,0.02,Both,100.0,1.0,60.0,300.0,100.0,4.0,27.2
38,39,13,19.062102345775642,1.2296315725229094,158.30769230769232,145.84615384615384,-0.8312492362387196,74,4.7862895927601805,0.8244306523741897,0.09117134607266308,3.14150498114329,NCD_YFP_ilid,0.001,0.04,2.0,0.0,0.0,0.02,Both,100.0,1.0,60.0,300.0,100.0,4.0,27.2
59,60,9,10.692331838785584,1.0159057735095922,265.0,12.88888888888889,-0.2630332094983817,121,6.483710407239818,0.8604553297142616,0.3835596493707263,2.3189324061977583,NCD_YFP_ilid,0.001,0.04,2.0,0.0,0.0,0.02,Both,100.0,1.0,60.0,300.0,100.0,4.0,27.2
61,62,8,11.091366107830222,0.8553349414557403,270.375,276.5,-0.9705262467159611,123,3.50411764705882,0.806915023131239,0.10294117647058032,2.1921204305152573,NCD_YFP_ilid,0.001,0.04,2.0,0.0,0.0,0.02,Both,100.0,1.0,60.0,300.0,100.0,4.0,27.2
69,70,15,19.64900477186552,1.3779817478574399,312.1333333333333,221.0,-1.0735469755057694,143,5.3763800904977295,0.851910605826925,0.6000000000000003,2.990820563089614,NCD_YFP_ilid,0.001,0.04,2.0,0.0,0.0,0.02,Both,100.0,1.0,60.0,300.0,100.0,4.0,27.2
83,84,7,8.926076480789153,1.3992182532854627,384.0,365.57142857142856,0.7811965816236248,174,5.529366515837108,0.8348282041356455,0.7500000000000004,1.2139983036490163,NCD_YFP_ilid,0.001,0.04,2.0,0.0,0.0,0.02,Both,100.0,1.0,60.0,300.0,100.0,4.0,27.2
100,101,11,13.814565823266225,1.396839126169123,440.0,236.36363636363637,0.4159726452008078,198,5.653212669683249,0.9227401955574447,0.5114844574304026,2.9182509837495574,NCD_YFP_ilid,0.001,0.04,2.0,0.0,0.0,0.02,Both,100.0,1.0,60.0,300.0,100.0,4.0,27.2
101,102,12,15.78870304884843,1.1762324183387163,446.5,58.5,-1.0629874514577506,203,14.511855203619895,0.8615354994274284,0.877215877528347,2.859065803666708,NCD_YFP_ilid,0.001,0.04,2.0,0.0,0.0,0.02,Both,100.0,1.0,60.0,300.0,100.0,4.0,27.2
