,index,area,major_axis_length,minor_axis_length,centroid-0,centroid-1,orientation,label,speed (nm/s),r^2,skele r^2,MT len (um),Motor Type,Motor_Conc_uM,MT_Conc_uM,ATP_Conc_uM,ADP_Conc_uM,P_Conc_uM,Flag_Conc_mg-ml,BSA_Caesin_Both,Acq_Time_s,Time_Interval_s,Cy5_exptime_ms,Cy5_gain,YFP_exptime_ms,YFP_gain,Temperature
11,11,9,11.555606430043813,0.8882272728593127,45.77777777777778,396.0,-1.1041725624667946,22,5.31126050420168,0.8527848227320014,0.5602678571428533,2.0930474253759583,NCD_YFP_ilid,0.001,0.04,2.0,0.0,0.0,0.02,Both,100.0,1.0,60.0,300.0,100.0,4.0,27.2
19,19,10,12.68919903317029,1.1064483253140092,76.1,475.5,-1.1305878281200519,36,10.572268907563023,0.8706953333622984,0.901578555772286,2.66628938015107,NCD_YFP_ilid,0.001,0.04,2.0,0.0,0.0,0.02,Both,100.0,1.0,60.0,300.0,100.0,4.0,27.2
53,53,11,13.762146822010703,1.0082350866323715,222.0,349.90909090909093,-0.40610202742257645,105,10.58386554621848,0.947061111612076,0.594711772769968,2.6913729624023977,NCD_YFP_ilid,0.001,0.04,2.0,0.0,0.0,0.02,Both,100.0,1.0,60.0,300.0,100.0,4.0,27.2
56,56,39,45.668195780467066,1.1656307073360632,254.0,395.7692307692308,0.1689340749430219,115,8.39596638655465,0.901006956102955,0.5023663489298561,6.763268195151756,NCD_YFP_ilid,0.001,0.04,2.0,0.0,0.0,0.02,Both,100.0,1.0,60.0,300.0,100.0,4.0,27.2
95,95,9,10.608587857433413,1.1115941025815685,427.0,456.3333333333333,-0.23182380450040305,206,6.95025210084033,0.8415109607634732,0.20356766001146598,1.9139076413772063,NCD_YFP_ilid,0.001,0.04,2.0,0.0,0.0,0.02,Both,100.0,1.0,60.0,300.0,100.0,4.0,27.2
112,112,7,8.0,0.0,495.0,104.0,0.0,240,8.453949579831932,0.8106640457004843,0.008063240905101687,1.7572431030680093,NCD_YFP_ilid,0.001,0.04,2.0,0.0,0.0,0.02,Both,100.0,1.0,60.0,300.0,100.0,4.0,27.2
