,index,area,major_axis_length,minor_axis_length,centroid-0,centroid-1,orientation,label,speed (nm/s),r^2,skele r^2,MT len (um),Motor Type,Motor_Conc_uM,MT_Conc_uM,ATP_Conc_uM,ADP_Conc_uM,P_Conc_uM,Flag_Conc_mg-ml,BSA_Caesin_Both,Acq_Time_s,Time_Interval_s,Cy5_exptime_ms,Cy5_gain,YFP_exptime_ms,YFP_gain,Temperature
0,0,10,11.489125293076057,0.0,19.0,410.5,1.5707963267948966,4,124.89696969696973,0.9647216796875,0.9504373177842563,1.6275166150219051,NCD_YFP_ilid,0.0003,0.04,1420.0,0.0,0.0,0.02,Both,100.0,1.0,60.0,,100.0,4.0,26.6
3,3,36,36.14076051587057,5.351219747990289,115.19444444444444,183.30555555555554,1.4395781884772008,14,158.35166666666666,0.9410609958451142,0.9641825411348269,2.440413355193327,NCD_YFP_ilid,0.0003,0.04,1420.0,0.0,0.0,0.02,Both,100.0,1.0,60.0,,100.0,4.0,26.6
6,7,99,95.24814877403,11.506319980040017,238.5050505050505,378.5050505050505,1.099363034070492,40,120.01056561085974,0.9783181071102929,0.9205296168114032,5.85684605457262,NCD_YFP_ilid,0.0003,0.04,1420.0,0.0,0.0,0.02,Both,100.0,1.0,60.0,,100.0,4.0,26.6
9,10,18,22.177449925340994,1.6814819284367628,296.5,28.0,-0.3615097207977481,50,156.0279411764705,0.9166576479284149,0.812647559983335,2.4381064641225985,NCD_YFP_ilid,0.0003,0.04,1420.0,0.0,0.0,0.02,Both,100.0,1.0,60.0,,100.0,4.0,26.6
