,index,area,major_axis_length,minor_axis_length,centroid-0,centroid-1,orientation,label,speed (nm/s),r^2,skele r^2,MT len (um),Motor Type,Motor_Conc_uM,MT_Conc_uM,ATP_Conc_uM,ADP_Conc_uM,P_Conc_uM,Flag_Conc_mg-ml,BSA_Caesin_Both,Acq_Time_s,Time_Interval_s,Cy5_exptime_ms,Cy5_gain,YFP_exptime_ms,YFP_gain,Temperature
4,4,18,20.984602487170495,1.6456569662294604,97.0,370.44444444444446,1.3346327039479815,29,139.8898601398603,0.9789670281919552,0.9562043795620438,2.3386056018810866,NCD_YFP_ilid,0.0003,0.04,1420.0,0.0,0.0,0.02,Both,100.0,1.0,60.0,,100.0,4.0,26.6
5,5,52,77.5003666516394,3.3995697061399404,170.0,154.3653846153846,-0.8682608579945478,36,112.39082503556192,0.9631158258310238,0.9868734375784783,5.715337150985105,NCD_YFP_ilid,0.0003,0.04,1420.0,0.0,0.0,0.02,Both,100.0,1.0,60.0,,100.0,4.0,26.6
8,8,97,110.3665248518337,9.281928735839054,209.50515463917526,248.1443298969072,0.710653841380056,42,129.87607142857132,0.9816907847245825,0.9766533074009248,5.114599296232897,NCD_YFP_ilid,0.0003,0.04,1420.0,0.0,0.0,0.02,Both,100.0,1.0,60.0,,100.0,4.0,26.6
13,13,41,39.82639893820646,9.036880280251465,229.9268292682927,126.97560975609755,0.896843425803717,52,91.13364293085651,0.852572151280238,0.9859279778393352,2.421983126663936,NCD_YFP_ilid,0.0003,0.04,1420.0,0.0,0.0,0.02,Both,100.0,1.0,60.0,,100.0,4.0,26.6
20,20,27,31.203759170338877,1.9707137486892472,410.7037037037037,222.0,1.5150753359644966,80,176.50808823529428,0.9401578260081394,0.9759448830967584,3.3982716772208232,NCD_YFP_ilid,0.0003,0.04,1420.0,0.0,0.0,0.02,Both,100.0,1.0,60.0,,100.0,4.0,26.6
22,22,30,45.498309981593735,1.5611284867496422,465.8,473.4,-0.7539602818712245,86,114.98872549019619,0.9693975721620648,0.6391776937618148,3.565079064569534,NCD_YFP_ilid,0.0003,0.04,1420.0,0.0,0.0,0.02,Both,100.0,1.0,60.0,,100.0,4.0,26.6
