,index,area,major_axis_length,minor_axis_length,centroid-0,centroid-1,orientation,label,speed (nm/s),r^2,skele r^2,MT len (um),Motor Type,Motor_Conc_uM,MT_Conc_uM,ATP_Conc_uM,ADP_Conc_uM,P_Conc_uM,Flag_Conc_mg-ml,BSA_Caesin_Both,Acq_Time_s,Time_Interval_s,Cy5_exptime_ms,Cy5_gain,YFP_exptime_ms,YFP_gain,Temperature
5,5,79,110.43948660221565,4.5867986971859755,168.46835443037975,250.29113924050634,0.6266752054474685,34,154.21882009192353,0.9557591139829454,0.334836160513554,3.5758288443423125,NCD_YFP_ilid,0.0003,0.04,1420.0,0.0,0.0,0.02,Both,100.0,1.0,60.0,,100.0,4.0,26.6
6,6,87,102.44051189613155,2.503304289807062,165.55172413793105,72.0,-1.373396999383645,38,163.36432793608918,0.9837074548657453,0.8678046394159851,3.3913427278088935,NCD_YFP_ilid,0.0003,0.04,1420.0,0.0,0.0,0.02,Both,100.0,1.0,60.0,,100.0,4.0,26.6
12,12,74,97.24104053012087,2.8354520385514617,334.5,153.6891891891892,-0.4980174267138768,68,85.73231990910627,0.8734538661100698,0.6226527154460255,5.457703233229245,NCD_YFP_ilid,0.0003,0.04,1420.0,0.0,0.0,0.02,Both,100.0,1.0,60.0,,100.0,4.0,26.6
14,14,80,85.59208749819395,4.271072195773865,381.625,477.2375,-0.028310375432669635,73,216.29792717086832,0.9720849332936349,0.9921340729969281,3.982696905133469,NCD_YFP_ilid,0.0003,0.04,1420.0,0.0,0.0,0.02,Both,100.0,1.0,60.0,,100.0,4.0,26.6
15,15,16,18.607945184814895,1.3207482723532908,369.5,392.5,-1.4356336536055634,77,20.554397759103637,0.9110870047541627,0.28569585260936603,1.4198951132931952,NCD_YFP_ilid,0.0003,0.04,1420.0,0.0,0.0,0.02,Both,100.0,1.0,60.0,,100.0,4.0,26.6
