,index,area,major_axis_length,minor_axis_length,centroid-0,centroid-1,orientation,label,speed (nm/s),r^2,skele r^2,MT len (um),Motor Type,Motor_Conc_uM,MT_Conc_uM,ATP_Conc_uM,ADP_Conc_uM,P_Conc_uM,Flag_Conc_mg-ml,BSA_Caesin_Both,Acq_Time_s,Time_Interval_s,Cy5_exptime_ms,Cy5_gain,YFP_exptime_ms,YFP_gain,Temperature
1,1,10,11.912323560109323,1.0660897707343293,181.9,44.5,-1.3023409554248737,10,95.41783216783219,0.9800616655499576,0.858686007484279,1.6000550660438047,NCD_YFP_ilid,0.01,0.04,1420.0,0.0,0.0,0.02,Both,100.0,1.0,60.0,,100.0,4.0,26.6
3,3,9,10.739100744027285,1.1022364021278919,221.0,399.77777777777777,0.2791161714414857,13,60.984848484848676,0.9334400000000005,0.838020647917407,1.8249587735339827,NCD_YFP_ilid,0.01,0.04,1420.0,0.0,0.0,0.02,Both,100.0,1.0,60.0,,100.0,4.0,26.6
4,4,16,19.75670298684257,1.2689314755675205,291.5625,210.5,-1.2027215975306362,15,118.49825174825172,0.9772325063990086,0.988095238095238,2.71452772888027,NCD_YFP_ilid,0.01,0.04,1420.0,0.0,0.0,0.02,Both,100.0,1.0,60.0,,100.0,4.0,26.6
5,5,18,23.0256686947687,1.2136318001778563,298.72222222222223,132.5,-1.122039282982889,17,77.01083591331266,0.989022442704327,0.6443451612565428,2.0066724951858976,NCD_YFP_ilid,0.01,0.04,1420.0,0.0,0.0,0.02,Both,100.0,1.0,60.0,,100.0,4.0,26.6
6,6,15,20.075731649609885,1.368088227973131,391.0,207.4,0.5352579492850222,24,115.38333333333344,0.9165314584460069,0.9088954582101584,2.5450823232308175,NCD_YFP_ilid,0.01,0.04,1420.0,0.0,0.0,0.02,Both,100.0,1.0,60.0,,100.0,4.0,26.6
7,7,15,23.390341766592126,0.9349514769431738,392.0,457.8666666666667,0.7401625104941806,25,66.16923076923084,0.9851010895364466,0.9584,3.045041665303079,NCD_YFP_ilid,0.01,0.04,1420.0,0.0,0.0,0.02,Both,100.0,1.0,60.0,,100.0,4.0,26.6
8,8,21,28.241571193693343,1.3268742544267162,412.0,499.42857142857144,-0.5407895785630741,26,90.99080862238752,0.9855758235723543,0.9478618436101035,2.964583995767206,NCD_YFP_ilid,0.01,0.04,1420.0,0.0,0.0,0.02,Both,100.0,1.0,60.0,,100.0,4.0,26.6
10,10,50,41.3736440940206,10.628752249502968,446.64,14.94,0.044274777454358705,28,182.8205128205128,0.9876526187998612,0.9830016065143766,2.4127073473150196,NCD_YFP_ilid,0.01,0.04,1420.0,0.0,0.0,0.02,Both,100.0,1.0,60.0,,100.0,4.0,26.6
11,11,11,15.587580341270066,0.9284663958661171,450.0,471.1818181818182,0.6253864431988615,31,51.4236326109391,0.8689915379348803,0.9604841580633678,1.8908953401552149,NCD_YFP_ilid,0.01,0.04,1420.0,0.0,0.0,0.02,Both,100.0,1.0,60.0,,100.0,4.0,26.6
