,index,area,major_axis_length,minor_axis_length,centroid-0,centroid-1,orientation,label,speed (nm/s),r^2,skele r^2,MT len (um),Motor Type,Motor_Conc_uM,MT_Conc_uM,ATP_Conc_uM,ADP_Conc_uM,P_Conc_uM,Flag_Conc_mg-ml,BSA_Caesin_Both,Acq_Time_s,Time_Interval_s,Cy5_exptime_ms,Cy5_gain,YFP_exptime_ms,YFP_gain,Temperature
0,0,20,23.802247065200717,1.7008923090965475,21.5,358.6,0.25017176352041764,1,95.76363636363637,0.9356451377103158,0.8507840702146591,2.860203989627064,NCD_YFP_ilid,0.003,0.04,1420.0,0.0,0.0,0.02,Both,100.0,1.0,60.0,,100.0,4.0,26.6
2,2,17,19.621946098773,1.1421430787856117,35.8235294117647,156.0,-1.5191961365845414,6,74.20421122994654,0.9853619409061262,0.9838953423181134,2.2706766925440744,NCD_YFP_ilid,0.003,0.04,1420.0,0.0,0.0,0.02,Both,100.0,1.0,60.0,,100.0,4.0,26.6
4,4,25,28.951498466459785,1.3598296020372356,111.0,390.76,0.08613212000256035,13,102.45454545454541,0.9950564076562302,0.87373607950306,3.01971149027389,NCD_YFP_ilid,0.003,0.04,1420.0,0.0,0.0,0.02,Both,100.0,1.0,60.0,,100.0,4.0,26.6
5,5,11,14.54135671008209,1.4949566693967211,159.0,475.90909090909093,-0.8653748529907171,15,65.70220588235294,0.9582826069312556,0.9271806228373701,2.3708770616818593,NCD_YFP_ilid,0.003,0.04,1420.0,0.0,0.0,0.02,Both,100.0,1.0,60.0,,100.0,4.0,26.6
6,6,100,99.00023756901501,12.636809774566824,211.98,308.44,0.13242695110380578,16,226.5732903349201,0.8906254318063932,0.8078757078403433,5.587648037734513,NCD_YFP_ilid,0.003,0.04,1420.0,0.0,0.0,0.02,Both,100.0,1.0,60.0,,100.0,4.0,26.6
7,7,16,19.66856057445086,1.0713192470768156,210.0,417.5,1.2147959080469783,18,66.1852822580645,0.9564165761279377,0.9535796782237639,2.7386094085155444,NCD_YFP_ilid,0.003,0.04,1420.0,0.0,0.0,0.02,Both,100.0,1.0,60.0,,100.0,4.0,26.6
8,8,23,30.965699945293007,3.212496520217506,217.17391304347825,270.2173913043478,0.8201181879381969,19,99.08500000000002,0.9427981977636288,0.9463780591336801,2.790810436850038,NCD_YFP_ilid,0.003,0.04,1420.0,0.0,0.0,0.02,Both,100.0,1.0,60.0,,100.0,4.0,26.6
9,9,61,76.16186709400796,4.7733857710710454,258.0,215.34426229508196,-0.39134718322672746,20,109.22997213514452,0.849991691407277,0.8119326809204738,5.107341997189428,NCD_YFP_ilid,0.003,0.04,1420.0,0.0,0.0,0.02,Both,100.0,1.0,60.0,,100.0,4.0,26.6
