,index,area,major_axis_length,minor_axis_length,centroid-0,centroid-1,orientation,label,speed (nm/s),r^2,skele r^2,MT len (um),Motor Type,Motor_Conc_uM,MT_Conc_uM,ATP_Conc_uM,ADP_Conc_uM,P_Conc_uM,Flag_Conc_mg-ml,BSA_Caesin_Both,Acq_Time_s,Time_Interval_s,Cy5_exptime_ms,Cy5_gain,YFP_exptime_ms,YFP_gain,Temperature
1,1,25,27.00308122845545,6.393872392332901,87.24,222.88,0.9890796589828175,16,75.13333333333324,0.9753401360544217,0.2500000000000008,3.1056565397399036,NCD_YFP_ilid,0.0003,0.04,1420.0,0.0,0.0,0.02,Both,100.0,1.0,60.0,,100.0,4.0,26.6
5,5,22,31.96545529584869,1.190075333475406,149.54545454545453,179.45454545454547,0.6688807613319978,25,155.87727272727275,0.9182040600409972,0.8753940263186203,3.348141095173046,NCD_YFP_ilid,0.0003,0.04,1420.0,0.0,0.0,0.02,Both,100.0,1.0,60.0,,100.0,4.0,26.6
6,6,21,24.235080232222682,1.7609075599762438,152.0,18.952380952380953,-0.03393262210136631,27,89.125,0.9250641692681235,0.7563657407407407,3.3890696160070997,NCD_YFP_ilid,0.0003,0.04,1420.0,0.0,0.0,0.02,Both,100.0,1.0,60.0,,100.0,4.0,26.6
8,8,41,25.472169085654773,12.839614211068215,166.21951219512195,387.2682926829268,0.41499838083508667,32,90.82499999999997,0.8104130392546309,0.11370541298416792,3.269636804675618,NCD_YFP_ilid,0.0003,0.04,1420.0,0.0,0.0,0.02,Both,100.0,1.0,60.0,,100.0,4.0,26.6
15,15,28,32.83805771011591,1.4668884570628207,256.92857142857144,342.5,-1.3912067977044502,55,187.044117647059,0.9811461838380602,0.9790036355572673,3.0699793449682042,NCD_YFP_ilid,0.0003,0.04,1420.0,0.0,0.0,0.02,Both,100.0,1.0,60.0,,100.0,4.0,26.6
17,17,21,27.520116055716404,2.5650965315964274,377.6666666666667,181.0,-1.0737701290083004,65,322.0000000000002,0.8727678571428573,0.6968776148324305,3.4916192345398365,NCD_YFP_ilid,0.0003,0.04,1420.0,0.0,0.0,0.02,Both,100.0,1.0,60.0,,100.0,4.0,26.6
