,index,area,major_axis_length,minor_axis_length,centroid-0,centroid-1,orientation,label,speed (nm/s),r^2,skele r^2,MT len (um),Motor Type,Motor_Conc_uM,MT_Conc_uM,ATP_Conc_uM,ADP_Conc_uM,P_Conc_uM,Flag_Conc_mg-ml,BSA_Caesin_Both,Acq_Time_s,Time_Interval_s,Cy5_exptime_ms,Cy5_gain,YFP_exptime_ms,YFP_gain,Temperature
0,0,69,79.75094554742871,2.233972479983321,42.36231884057971,248.0,1.5246108998196917,3,153.48909502262433,0.9914495410553814,0.9726156650067788,5.142690867227701,NCD_YFP_ilid,0.003,0.04,1420.0,0.0,0.0,0.02,Both,100.0,1.0,60.0,,100.0,4.0,26.6
1,1,13,12.07170435296545,5.5790702648839385,57.15384615384615,361.0,0.5887016371541487,5,45.102272727272734,0.91303279427912,0.8909645778303673,2.0931118987540858,NCD_YFP_ilid,0.003,0.04,1420.0,0.0,0.0,0.02,Both,100.0,1.0,60.0,,100.0,4.0,26.6
3,3,38,43.90062602729808,2.2013263582254257,195.5,402.42105263157896,0.041222874572484844,14,169.61981981981978,0.9810412470688467,0.9595071300371628,2.360219598839243,NCD_YFP_ilid,0.003,0.04,1420.0,0.0,0.0,0.02,Both,100.0,1.0,60.0,,100.0,4.0,26.6
7,7,13,18.893425146358563,1.4945743578474755,279.9230769230769,449.9230769230769,0.8725796556090313,24,79.09265734265733,0.9357235428460466,0.809917355371901,2.2076064826115664,NCD_YFP_ilid,0.003,0.04,1420.0,0.0,0.0,0.02,Both,100.0,1.0,60.0,,100.0,4.0,26.6
10,10,41,54.322510067395825,2.9452769097727622,374.3658536585366,379.7073170731707,1.0058077585996545,32,141.8617021276596,0.996166876778198,0.9913131966209572,1.4917423776086798,NCD_YFP_ilid,0.003,0.04,1420.0,0.0,0.0,0.02,Both,100.0,1.0,60.0,,100.0,4.0,26.6
11,11,18,19.757008153745833,2.4808176017826264,482.55555555555554,440.72222222222223,-0.03988936694321796,34,115.83716475095787,0.9546240899954149,0.9342204125201908,1.273389422916778,NCD_YFP_ilid,0.003,0.04,1420.0,0.0,0.0,0.02,Both,100.0,1.0,60.0,,100.0,4.0,26.6
