,index,area,major_axis_length,minor_axis_length,centroid-0,centroid-1,orientation,label,speed (nm/s),r^2,skele r^2,MT len (um),Motor Type,Motor_Conc_uM,MT_Conc_uM,ATP_Conc_uM,ADP_Conc_uM,P_Conc_uM,Flag_Conc_mg-ml,BSA_Caesin_Both,Acq_Time_s,Time_Interval_s,Cy5_exptime_ms,Cy5_gain,YFP_exptime_ms,YFP_gain,Temperature
1,1,8,10.82655771112098,1.2392127048117507,75.375,37.25,0.6775873613183511,6,62.767482517482456,0.9772500284877368,0.9387755102040816,1.7672253400198912,NCD_YFP_ilid,0.125,0.04,1420.0,0.0,0.0,0.02,Both,100.0,1.0,60.0,,100.0,4.0,26.6
2,2,23,28.43155614020607,2.421180784553359,86.0,200.7391304347826,0.3689176712252481,7,122.3729838709678,0.9876642154150614,0.9942545245619075,1.422227587359162,NCD_YFP_ilid,0.125,0.04,1420.0,0.0,0.0,0.02,Both,100.0,1.0,60.0,,100.0,4.0,26.6
3,3,12,15.156490666391145,1.1317202302681202,202.5,174.25,0.42625770027833304,9,80.49999999999967,1.0,0.6921212121212161,2.7137228603832257,NCD_YFP_ilid,0.125,0.04,1420.0,0.0,0.0,0.02,Both,100.0,1.0,60.0,,100.0,4.0,26.6
4,4,13,14.9940950788119,1.122476282259515,359.84615384615387,464.0,-1.510089568004827,10,61.57727272727268,0.963164524488284,0.9212618560846119,1.9462671569389052,NCD_YFP_ilid,0.125,0.04,1420.0,0.0,0.0,0.02,Both,100.0,1.0,60.0,,100.0,4.0,26.6
5,5,35,40.433686222060196,1.0175391112475136,387.0,84.42857142857143,0.042018733729038645,11,105.08867781155011,0.978049462297002,0.9365738608378553,3.3134375473665214,NCD_YFP_ilid,0.125,0.04,1420.0,0.0,0.0,0.02,Both,100.0,1.0,60.0,,100.0,4.0,26.6
7,7,14,16.21434201051305,1.0067176928266799,384.42857142857144,178.5,-1.4652823157327433,13,69.00000000000014,0.8888888888888894,0.7679999999999999,2.223918250763935,NCD_YFP_ilid,0.125,0.04,1420.0,0.0,0.0,0.02,Both,100.0,1.0,60.0,,100.0,4.0,26.6
8,8,9,12.503420504028922,1.2996795979986104,397.8888888888889,137.66666666666666,0.6877023861391618,16,37.30681818181818,0.861398156946004,0.794241261388259,1.7499732181667564,NCD_YFP_ilid,0.125,0.04,1420.0,0.0,0.0,0.02,Both,100.0,1.0,60.0,,100.0,4.0,26.6
9,9,12,14.100580038844244,1.0307916651953237,399.9166666666667,397.5,-1.3662479008588968,17,31.979663865546215,0.8692235934180632,0.8428523080998799,1.2614932430708368,NCD_YFP_ilid,0.125,0.04,1420.0,0.0,0.0,0.02,Both,100.0,1.0,60.0,,100.0,4.0,26.6
11,11,17,20.67468224688745,1.1362561348911155,501.29411764705884,455.0,-1.245823866153832,20,106.50769230769218,0.9970309378483682,0.937985914204701,2.462883530371396,NCD_YFP_ilid,0.125,0.04,1420.0,0.0,0.0,0.02,Both,100.0,1.0,60.0,,100.0,4.0,26.6
