,index,area,major_axis_length,minor_axis_length,centroid-0,centroid-1,orientation,label,speed (nm/s),r^2,skele r^2,MT len (um),Motor Type,Motor_Conc_uM,MT_Conc_uM,ATP_Conc_uM,ADP_Conc_uM,P_Conc_uM,Flag_Conc_mg-ml,BSA_Caesin_Both,Acq_Time_s,Time_Interval_s,Cy5_exptime_ms,Cy5_gain,YFP_exptime_ms,YFP_gain,Temperature
0,0,34,34.81402435373064,7.4293190106637725,138.05882352941177,167.1764705882353,0.8698135782930546,17,148.56985294117658,0.9882911911451141,0.9919261822376009,3.54805818963808,NCD_YFP_ilid,0.0003,0.04,1420.0,0.0,0.0,0.02,Both,100.0,1.0,60.0,,100.0,4.0,26.6
6,8,22,25.450051425899524,1.7807064544502653,207.5,92.54545454545455,0.07589182295576016,40,169.87867647058823,0.9662777663117597,0.9760175082176772,2.7989755881027967,NCD_YFP_ilid,0.0003,0.04,1420.0,0.0,0.0,0.02,Both,100.0,1.0,60.0,,100.0,4.0,26.6
11,13,36,47.965920626692906,4.036725132061957,312.5,177.86111111111111,-0.5250907747862271,57,136.1818181818182,0.9794387064372434,0.9777245826466192,3.499477543509259,NCD_YFP_ilid,0.0003,0.04,1420.0,0.0,0.0,0.02,Both,100.0,1.0,60.0,,100.0,4.0,26.6
12,14,80,81.67714823933647,4.776081604145019,365.975,57.6625,0.29950734815427343,60,186.51114179634482,0.9263576887856603,0.8718946692300399,2.1105234396891954,NCD_YFP_ilid,0.0003,0.04,1420.0,0.0,0.0,0.02,Both,100.0,1.0,60.0,,100.0,4.0,26.6
