,index,area,major_axis_length,minor_axis_length,centroid-0,centroid-1,orientation,label,speed (nm/s),r^2,skele r^2,MT len (um),Motor Type,Motor_Conc_uM,MT_Conc_uM,ATP_Conc_uM,ADP_Conc_uM,P_Conc_uM,Flag_Conc_mg-ml,BSA_Caesin_Both,Acq_Time_s,Time_Interval_s,Cy5_exptime_ms,Cy5_gain,YFP_exptime_ms,YFP_gain,Temperature
4,4,17,24.7966722815103,0.935900002821793,151.0,181.52941176470588,-0.660109578396498,17,82.75174825174832,0.9036821077637406,0.6799999999999995,3.049221462921196,NCD_YFP_ilid,0.0003,0.04,1420.0,0.0,0.0,0.02,Both,100.0,1.0,60.0,,100.0,4.0,26.6
5,5,51,65.40535665845513,3.4636783050184046,180.0,178.62745098039215,0.45122992403498446,19,134.17619329388563,0.8913476594495715,0.9782056795992761,4.60739031805698,NCD_YFP_ilid,0.0003,0.04,1420.0,0.0,0.0,0.02,Both,100.0,1.0,60.0,,100.0,4.0,26.6
9,9,55,73.12747846995836,4.948694633556324,215.72727272727272,102.30909090909091,1.001264705187509,29,169.66343582887697,0.9688949188859111,0.9750740117730612,5.122491957161421,NCD_YFP_ilid,0.0003,0.04,1420.0,0.0,0.0,0.02,Both,100.0,1.0,60.0,,100.0,4.0,26.6
11,11,85,99.0981339734929,1.8064040430664405,285.08235294117645,430.0,1.4318034075287065,38,184.92773109243694,0.9945760533998501,0.9821698852336285,5.763057081839376,NCD_YFP_ilid,0.0003,0.04,1420.0,0.0,0.0,0.02,Both,100.0,1.0,60.0,,100.0,4.0,26.6
12,12,48,52.70469397453927,5.3268147398221615,354.0833333333333,428.0625,-0.14562642490424457,46,141.23965811965817,0.981779691134562,0.9711582473375525,3.474353083427819,NCD_YFP_ilid,0.0003,0.04,1420.0,0.0,0.0,0.02,Both,100.0,1.0,60.0,,100.0,4.0,26.6
