,index,area,major_axis_length,minor_axis_length,centroid-0,centroid-1,orientation,label,speed (nm/s),r^2,skele r^2,MT len (um),Motor Type,Motor_Conc_uM,MT_Conc_uM,ATP_Conc_uM,ADP_Conc_uM,P_Conc_uM,Flag_Conc_mg-ml,BSA_Caesin_Both,Acq_Time_s,Time_Interval_s,Cy5_exptime_ms,Cy5_gain,YFP_exptime_ms,YFP_gain,Temperature
0,0,11,13.147015662482959,1.304390170111042,27.0,457.0,-0.27749786366929335,1,80.77272727272727,0.9143549050599339,0.9406267359409208,1.2834408547580691,NCD_YFP_ilid,0.125,0.04,1420.0,0.0,0.0,0.02,Both,100.0,1.0,60.0,,100.0,4.0,26.6
2,2,18,23.023248708506788,0.9958651019601991,111.5,452.94444444444446,0.44831922894252607,11,69.10615384615387,0.9914983392071302,0.8958083245264014,2.6964546366364712,NCD_YFP_ilid,0.125,0.04,1420.0,0.0,0.0,0.02,Both,100.0,1.0,60.0,,100.0,4.0,26.6
4,4,13,15.764550002238632,1.2685191136560967,224.0,14.538461538461538,0.32060024967762596,15,78.77991452991454,0.9854139935946157,0.9801755344580289,1.3724649313126314,NCD_YFP_ilid,0.125,0.04,1420.0,0.0,0.0,0.02,Both,100.0,1.0,60.0,,100.0,4.0,26.6
5,5,11,13.210682581345747,1.1600147973062278,237.9090909090909,77.0,1.2770067996801984,16,83.59615384615387,0.9653145208700765,0.8597343699384514,2.0462668523450325,NCD_YFP_ilid,0.125,0.04,1420.0,0.0,0.0,0.02,Both,100.0,1.0,60.0,,100.0,4.0,26.6
6,6,27,40.799877202226945,1.1786537544064084,435.14814814814815,480.0,0.8685452196606063,18,107.22758620689652,0.9682308261265361,0.9723101432175189,5.1729440398255955,NCD_YFP_ilid,0.125,0.04,1420.0,0.0,0.0,0.02,Both,100.0,1.0,60.0,,100.0,4.0,26.6
