,index,area,major_axis_length,minor_axis_length,centroid-0,centroid-1,orientation,label,speed (nm/s),r^2,skele r^2,MT len (um),Motor Type,Motor_Conc_uM,MT_Conc_uM,ATP_Conc_uM,ADP_Conc_uM,P_Conc_uM,Flag_Conc_mg-ml,BSA_Caesin_Both,Acq_Time_s,Time_Interval_s,Cy5_exptime_ms,Cy5_gain,YFP_exptime_ms,YFP_gain,Temperature
1,1,11,12.858480049914496,1.2391625655264686,46.0,471.45454545454544,0.18155841291151711,2,64.82954545454548,0.9458150476118785,0.9151389046846082,1.8428516444625234,NCD_YFP_ilid,0.03,0.04,1420.0,0.0,0.0,0.02,Both,100.0,1.0,60.0,,100.0,4.0,26.6
3,3,11,12.657529272616724,1.0532173386521417,68.0,490.90909090909093,-0.036601149543948525,4,75.36923076923075,0.9269104454583527,0.9168519670102574,1.986272893758447,NCD_YFP_ilid,0.03,0.04,1420.0,0.0,0.0,0.02,Both,100.0,1.0,60.0,,100.0,4.0,26.6
5,5,15,22.143241839504174,1.1571789228351756,445.93333333333334,70.0,0.8368242418554865,10,91.19154616240266,0.9912204080683942,0.9887123536170834,2.6782536686383227,NCD_YFP_ilid,0.03,0.04,1420.0,0.0,0.0,0.02,Both,100.0,1.0,60.0,,100.0,4.0,26.6
