,index,area,major_axis_length,minor_axis_length,centroid-0,centroid-1,orientation,label,speed (nm/s),r^2,skele r^2,MT len (um),Motor Type,Motor_Conc_uM,MT_Conc_uM,ATP_Conc_uM,ADP_Conc_uM,P_Conc_uM,Flag_Conc_mg-ml,BSA_Caesin_Both,Acq_Time_s,Time_Interval_s,Cy5_exptime_ms,Cy5_gain,YFP_exptime_ms,YFP_gain,Temperature
3,3,52,58.37812987140356,8.277358441961503,88.34615384615384,379.53846153846155,-1.0094941131729773,5,98.97621962571581,0.8508330650914667,0.8267016424803176,5.987261715508943,NCD_YFP_ilid,0.001,0.04,40.0,0.0,0.0,0.02,Both,100.0,1.0,60.0,300.0,100.0,4.0,27.5
5,5,40,59.30405376753906,2.455444305382781,116.3,223.85,-0.7079989892565011,7,104.509215729783,0.8508123700668648,0.5972577687055848,6.071886976416865,NCD_YFP_ilid,0.001,0.04,40.0,0.0,0.0,0.02,Both,100.0,1.0,60.0,300.0,100.0,4.0,27.5
9,9,49,62.27903843847705,2.5863361364292556,153.79591836734693,392.0204081632653,1.1336315458286508,12,71.11058823529414,0.9957216395728937,0.959990982903192,6.300913353674157,NCD_YFP_ilid,0.001,0.04,40.0,0.0,0.0,0.02,Both,100.0,1.0,60.0,300.0,100.0,4.0,27.5
13,13,49,66.04561354063048,3.287590656529969,224.9795918367347,350.0612244897959,0.5470600137589591,19,76.83106951871657,0.8587582985712177,0.7938998359895497,6.018431542248728,NCD_YFP_ilid,0.001,0.04,40.0,0.0,0.0,0.02,Both,100.0,1.0,60.0,300.0,100.0,4.0,27.5
14,14,73,100.52426698153155,2.8093731061695326,233.93150684931507,241.0,0.9941908408209504,20,17.15722326454038,0.8105038682801043,0.9301133743209958,7.888175037652333,NCD_YFP_ilid,0.001,0.04,40.0,0.0,0.0,0.02,Both,100.0,1.0,60.0,300.0,100.0,4.0,27.5
19,19,83,96.03215617053239,2.906494990516864,334.0120481927711,396.65060240963857,0.07648281253059373,29,101.24012463407036,0.8712090588694733,0.7569645398729692,11.47420224919523,NCD_YFP_ilid,0.001,0.04,40.0,0.0,0.0,0.02,Both,100.0,1.0,60.0,300.0,100.0,4.0,27.5
27,27,20,22.74566737567735,5.744093978605075,418.25,284.3,0.3173489107065915,41,20.530940170940195,0.9051527718879604,0.651041666666667,2.5026068481168835,NCD_YFP_ilid,0.001,0.04,40.0,0.0,0.0,0.02,Both,100.0,1.0,60.0,300.0,100.0,4.0,27.5
28,28,34,42.66990252521197,1.6213881268121997,441.5,113.23529411764706,-0.4038295326101773,43,39.59478991596637,0.9740240115977414,0.9284320974139627,4.274743788852504,NCD_YFP_ilid,0.001,0.04,40.0,0.0,0.0,0.02,Both,100.0,1.0,60.0,300.0,100.0,4.0,27.5
