,index,area,major_axis_length,minor_axis_length,centroid-0,centroid-1,orientation,label,speed (nm/s),r^2,skele r^2,MT len (um),motor conc,MT dilute,ATP,ADP,P,time (seconds)
0,0,31,35.79812821662545,1.4108062044458998,11.32258064516129,242.0,1.5364822287065798,1,61.22371040723988,0.957584566266919,0.9749284974487551,,0.0625,600.0,10000.0,0.0,0.0,1140.0
1,1,33,38.659510121313225,1.5554164519324216,18.78787878787879,212.0,1.398436549510325,2,55.56722689075628,0.9679885211342154,0.9252507450130857,5.139479057103451,0.0625,600.0,10000.0,0.0,0.0,1140.0
3,3,45,52.21558106894272,1.578953334544821,68.0,100.53333333333333,-0.10119622318927365,5,48.51855203619909,0.9830799267736204,0.9535312303667174,7.537964725983182,0.0625,600.0,10000.0,0.0,0.0,1140.0
7,7,29,36.15238643769287,1.129628561128998,177.0,133.51724137931035,-0.3881039258786732,14,18.773619909502266,0.9348277427249511,0.6451344733456179,4.647247216319492,0.0625,600.0,10000.0,0.0,0.0,1140.0
9,9,43,50.153341222869194,2.3031160697628117,373.0,113.6046511627907,-0.14353350120461789,34,57.97457013574658,0.9799419853619961,0.9267819809467968,4.773407767642758,0.0625,600.0,10000.0,0.0,0.0,1140.0
11,11,59,63.18235031492903,6.178967132417935,416.23728813559325,462.54237288135596,0.23792176692821532,36,78.29262443438913,0.9752221616218509,0.9641241195003614,6.688897192873876,0.0625,600.0,10000.0,0.0,0.0,1140.0
12,12,20,21.796038248066253,6.070643844670265,407.55,162.95,0.8347692745166955,38,60.10263157894735,0.9464387672417901,0.8887906871038609,2.6293650223313643,0.0625,600.0,10000.0,0.0,0.0,1140.0
13,13,13,15.040043017057124,1.0979025770713375,414.0,184.30769230769232,-0.09911038917275553,40,55.13030303030318,0.9119743127887862,0.9730639730639727,2.314433013588687,0.0625,600.0,10000.0,0.0,0.0,1140.0
14,14,36,34.141201682690095,8.182068741855385,417.3611111111111,315.47222222222223,0.9014582343939013,41,53.08871794871796,0.9550706374909602,0.964913008315534,2.8771606449248313,0.0625,600.0,10000.0,0.0,0.0,1140.0
