,index,area,major_axis_length,minor_axis_length,centroid-0,centroid-1,orientation,label,speed (nm/s),r^2,skele r^2,MT len (um),motor conc,MT dilute,ATP,ADP,P,time (seconds)
0,0,34,47.06547830948223,2.328533095867518,211.58823529411765,306.5,-0.9851295593345838,2,98.32477259244615,0.9718708772623215,0.9620992322672268,3.0602708966372973,0.5,4000.0,1410.0,0.0,0.0,120.0
1,1,46,58.16363333144032,3.43688428155227,475.17391304347825,322.5,1.149807600513406,6,66.97831932773106,0.9667967479142946,0.9545175677768388,5.6318553635398665,0.5,4000.0,1410.0,0.0,0.0,120.0
