,index,area,major_axis_length,minor_axis_length,centroid-0,centroid-1,orientation,label,speed (nm/s),r^2,skele r^2,MT len (um),motor conc,MT dilute,ATP,ADP,P,time (seconds)
0,0,33,38.730030168764365,2.1036954333897016,192.0,239.1818181818182,-0.18266225767536529,2,105.80654338549076,0.9576856224583497,0.9530642048554366,3.069187018734839,0.5,4000.0,1410.0,0.0,0.0,450.0
1,1,28,33.39374823207167,5.680294207020981,260.0357142857143,299.5,-1.3115879336602188,4,68.77193277310923,0.9122328067808206,0.9220549484317142,2.601265282261651,0.5,4000.0,1410.0,0.0,0.0,450.0
