,index,area,major_axis_length,minor_axis_length,centroid-0,centroid-1,orientation,label,speed (nm/s),r^2,skele r^2,MT len (um),motor conc,MT dilute,ATP,ADP,P,time (seconds)
0,0,9,10.739100744027285,1.1022364021278919,14.777777777777779,202.0,1.291680155353411,4,37.59090909090906,0.9178452734128835,0.8456198347107436,1.8752234319582417,0.125,200.0,1410.0,0.0,0.0,320.0
1,1,12,14.130959711626192,1.0976641186111014,17.833333333333332,141.5,1.3560000048878083,6,25.811181145519328,0.9863888888888889,0.5765910585141354,1.8200174869201566,0.125,200.0,1410.0,0.0,0.0,320.0
4,4,35,41.54421578945183,3.812944085969031,71.54285714285714,366.42857142857144,-1.1978972109043953,22,84.48195187165774,0.9202688411970735,0.969633130743267,4.762710010849741,0.125,200.0,1410.0,0.0,0.0,320.0
15,15,38,48.86600301393627,5.3293374902168535,180.23684210526315,196.71052631578948,0.75190884867706,71,74.33935845213853,0.8983079922148274,0.9447473856673575,3.279042329148936,0.125,200.0,1410.0,0.0,0.0,320.0
17,17,12,13.917722227355576,0.981669327645104,189.5,29.5,-1.4449513409158032,81,42.61764705882353,0.9465020576131687,0.826429980276134,1.3153602927192556,0.125,200.0,1410.0,0.0,0.0,320.0
20,20,9,11.265176392634526,1.046805064388663,216.33333333333334,104.0,1.1581079015345275,92,33.471052631578964,0.9349997329487797,0.9031339031339033,1.7273208143157246,0.125,200.0,1410.0,0.0,0.0,320.0
31,34,8,9.16515138991168,0.0,330.0,278.5,1.5707963267948966,162,28.104385964912275,0.9379056084442312,0.8121472722386454,1.4170890097146898,0.125,200.0,1410.0,0.0,0.0,320.0
33,36,29,35.38130704296216,4.143269133614483,359.51724137931035,116.62068965517241,-0.5247605420613007,169,60.586842105263116,0.8517147188475858,0.9728752481104153,4.171561825916924,0.125,200.0,1410.0,0.0,0.0,320.0
