,index,area,major_axis_length,minor_axis_length,centroid-0,centroid-1,orientation,label,speed (nm/s),r^2,skele r^2,MT len (um),Motor Type,Motor_Conc_uM,MT_Conc_uM,ATP_Conc_uM,ADP_Conc_uM,P_Conc_uM,Flag_Conc_mg-ml,BSA_Caesin_Both,Acq_Time_s,Time_Interval_s,Cy5_exptime_ms,Cy5_gain,YFP_exptime_ms,YFP_gain,Temperature
0,0,15,17.7157112920878,1.0843411075925562,7.333333333333333,71.0,1.3486356120368188,1,15.225791855203635,0.9630197721358639,0.9332406422304793,2.613807522374882,NCD_YFP_ilid,0.001,0.04,20.0,0.0,0.0,0.02,Both,100.0,1.0,60.0,300.0,100.0,4.0,27.2
3,3,31,45.615076775594815,1.8868747311008294,90.38709677419355,37.96774193548387,0.8935328785890392,5,31.39135746606335,0.9859044422881058,0.8465014056063535,5.165916100520784,NCD_YFP_ilid,0.001,0.04,20.0,0.0,0.0,0.02,Both,100.0,1.0,60.0,300.0,100.0,4.0,27.2
4,4,48,63.49171395961696,2.2631179630379075,185.47916666666666,70.35416666666667,0.5147633310843776,9,26.204389140271484,0.919983129301292,0.8949871519176138,8.268153917752468,NCD_YFP_ilid,0.001,0.04,20.0,0.0,0.0,0.02,Both,100.0,1.0,60.0,300.0,100.0,4.0,27.2
10,10,35,51.33479822926996,4.720139325267577,294.6,139.17142857142858,0.7332181925409867,17,48.307285067873295,0.8987933582200589,0.7538005870230939,5.776208339784674,NCD_YFP_ilid,0.001,0.04,20.0,0.0,0.0,0.02,Both,100.0,1.0,60.0,300.0,100.0,4.0,27.2
12,12,66,76.2387265214989,2.562356198734085,338.5,236.5,-0.03127452120399245,20,23.640045248868734,0.8813195283645254,0.9751633553476808,11.520432222329518,NCD_YFP_ilid,0.001,0.04,20.0,0.0,0.0,0.02,Both,100.0,1.0,60.0,300.0,100.0,4.0,27.2
