,index,area,major_axis_length,minor_axis_length,centroid-0,centroid-1,orientation,label,speed (nm/s),r^2,skele r^2,MT len (um),Motor Type,Motor_Conc_uM,MT_Conc_uM,ATP_Conc_uM,ADP_Conc_uM,P_Conc_uM,Flag_Conc_mg-ml,BSA_Caesin_Both,Acq_Time_s,Time_Interval_s,Cy5_exptime_ms,Cy5_gain,YFP_exptime_ms,YFP_gain,Temperature
0,0,27,32.80266703642918,2.4165327709839644,79.0,197.2962962962963,0.31914183961454395,2,87.32068965517233,0.9966020486701462,0.9646812448404705,2.86740768971152,NCD_YFP_ilid,0.001,0.04,50.0,0.0,0.0,0.02,Both,100.0,1.0,60.0,300.0,100.0,4.0,27.2
1,1,53,72.98340014876231,1.4217525569981766,152.9811320754717,241.0,0.9941913191332131,3,53.9336225712004,0.9482648415325777,0.7778341020174226,8.96831569911947,NCD_YFP_ilid,0.001,0.04,50.0,0.0,0.0,0.02,Both,100.0,1.0,60.0,300.0,100.0,4.0,27.2
7,7,58,69.99587323503776,6.484397351963483,341.6551724137931,153.06896551724137,-0.6738031741676674,14,90.00701357466066,0.9526118788004252,0.7839823088339515,5.99252221299393,NCD_YFP_ilid,0.001,0.04,50.0,0.0,0.0,0.02,Both,100.0,1.0,60.0,300.0,100.0,4.0,27.2
