,index,area,major_axis_length,minor_axis_length,centroid-0,centroid-1,orientation,label,speed (nm/s),r^2,skele r^2,MT len (um),Motor Type,Motor_Conc_uM,MT_Conc_uM,ATP_Conc_uM,ADP_Conc_uM,P_Conc_uM,Flag_Conc_mg-ml,BSA_Caesin_Both,Acq_Time_s,Time_Interval_s,Cy5_exptime_ms,Cy5_gain,YFP_exptime_ms,YFP_gain,Temperature
0,0,65,75.81278827092638,8.175577624787842,94.43076923076923,405.83076923076925,-1.1360200774248257,3,94.2683274600162,0.937830088219948,0.8093224925922933,6.9056767552324345,NCD_YFP_ilid,0.001,0.04,300.0,0.0,0.0,0.02,Both,100.0,1.0,60.0,300.0,100.0,4.0,27.2
1,1,35,36.55619462944586,4.160521642357158,132.4,187.9142857142857,1.293306205624888,4,153.28409090909085,0.986561115376526,0.9846070007677169,3.4189495243275787,NCD_YFP_ilid,0.001,0.04,300.0,0.0,0.0,0.02,Both,100.0,1.0,60.0,300.0,100.0,4.0,27.2
4,4,50,56.811721759122385,2.469548696434366,194.34,442.0,0.05364357584440291,8,201.62383900928774,0.8746080227437208,0.896659398663563,4.585767505733262,NCD_YFP_ilid,0.001,0.04,300.0,0.0,0.0,0.02,Both,100.0,1.0,60.0,300.0,100.0,4.0,27.2
9,9,92,87.39040692093182,15.483937385119795,355.25,323.8369565217391,0.9136288012588899,18,151.20999552144224,0.9348429383959734,0.9927641365900911,4.393327141132202,NCD_YFP_ilid,0.001,0.04,300.0,0.0,0.0,0.02,Both,100.0,1.0,60.0,300.0,100.0,4.0,27.2
11,11,42,44.553025403947814,5.721288558942139,470.3809523809524,98.71428571428571,1.0155721928860828,25,101.12747747747746,0.8863904868270176,0.8691685688840021,4.250316064364769,NCD_YFP_ilid,0.001,0.04,300.0,0.0,0.0,0.02,Both,100.0,1.0,60.0,300.0,100.0,4.0,27.2
