,index,area,major_axis_length,minor_axis_length,centroid-0,centroid-1,orientation,label,speed (nm/s),r^2,skele r^2,MT len (um),Motor Type,Motor_Conc_uM,MT_Conc_uM,ATP_Conc_uM,ADP_Conc_uM,P_Conc_uM,Flag_Conc_mg-ml,BSA_Caesin_Both,Acq_Time_s,Time_Interval_s,Cy5_exptime_ms,Cy5_gain,YFP_exptime_ms,YFP_gain,Temperature
0,0,58,67.47501256643355,1.5704514272018804,44.5,135.75862068965517,0.12334301474483028,1,35.85680672268905,0.9854234875815417,0.9972972274190903,9.65578526459171,NCD_YFP_ilid,0.001,0.04,20.0,0.0,0.0,0.02,Both,100.0,1.0,60.0,300.0,100.0,4.0,27.2
1,1,18,16.367206215096502,6.693722337922136,36.0,474.8888888888889,-1.052494817845267,3,24.202184873949577,0.9356120354832578,0.9167323776389533,2.079739712309077,NCD_YFP_ilid,0.001,0.04,20.0,0.0,0.0,0.02,Both,100.0,1.0,60.0,300.0,100.0,4.0,27.2
4,4,29,37.843715033748005,1.8749771257593197,99.0,446.17241379310343,0.48638476664088076,9,18.848403361344506,0.9448483170150493,0.7498056825395889,4.50111667754479,NCD_YFP_ilid,0.001,0.04,20.0,0.0,0.0,0.02,Both,100.0,1.0,60.0,300.0,100.0,4.0,27.2
5,5,29,40.9850298229068,2.2109835215223277,114.0,199.86206896551724,0.6164153333865902,11,39.815126050420155,0.8999594683759072,0.8048335196170195,4.59636355980645,NCD_YFP_ilid,0.001,0.04,20.0,0.0,0.0,0.02,Both,100.0,1.0,60.0,300.0,100.0,4.0,27.2
10,10,19,17.966253316566437,6.444770857435863,262.2631578947368,152.94736842105263,0.6540412601434237,30,27.497936016511854,0.8865898145021189,0.19667590027700999,2.0391821657959417,NCD_YFP_ilid,0.001,0.04,20.0,0.0,0.0,0.02,Both,100.0,1.0,60.0,300.0,100.0,4.0,27.2
