,index,area,major_axis_length,minor_axis_length,centroid-0,centroid-1,orientation,label,speed (nm/s),r^2,skele r^2,MT len (um),Motor Type,Motor_Conc_uM,MT_Conc_uM,ATP_Conc_uM,ADP_Conc_uM,P_Conc_uM,Flag_Conc_mg-ml,BSA_Caesin_Both,Acq_Time_s,Time_Interval_s,Cy5_exptime_ms,Cy5_gain,YFP_exptime_ms,YFP_gain,Temperature
0,0,31,37.29818789887442,4.506466328895959,62.0,191.09677419354838,0.2887497195988594,1,126.27272727272737,0.983674049056637,0.9719075587805506,2.5297635307100483,NCD_YFP_ilid,0.001,0.04,50.0,0.0,0.0,0.02,Both,100.0,1.0,60.0,300.0,100.0,4.0,27.2
1,1,58,81.88297193027371,1.5912444427900299,150.06896551724137,329.4655172413793,-0.9526148562769853,2,80.72033613445376,0.9768374625385778,0.984129278586241,8.502554306697753,NCD_YFP_ilid,0.001,0.04,50.0,0.0,0.0,0.02,Both,100.0,1.0,60.0,300.0,100.0,4.0,27.2
2,2,63,81.24133308151971,3.882501290450686,163.71428571428572,256.92063492063494,0.9999910309602509,3,76.67697478991592,0.9771042593631561,0.8881535112916472,8.90235137871852,NCD_YFP_ilid,0.001,0.04,50.0,0.0,0.0,0.02,Both,100.0,1.0,60.0,300.0,100.0,4.0,27.2
6,6,61,78.53722146795815,1.9478503969628767,292.0,240.62295081967213,-0.45860659565230716,9,74.54319327731088,0.9693784637932614,0.44944972883500856,8.205361484129016,NCD_YFP_ilid,0.001,0.04,50.0,0.0,0.0,0.02,Both,100.0,1.0,60.0,300.0,100.0,4.0,27.2
