,index,area,major_axis_length,minor_axis_length,centroid-0,centroid-1,orientation,label,speed (nm/s),r^2,skele r^2,MT len (um),Motor Type,Motor_Conc_uM,MT_Conc_uM,ATP_Conc_uM,ADP_Conc_uM,P_Conc_uM,Flag_Conc_mg-ml,BSA_Caesin_Both,Acq_Time_s,Time_Interval_s,Cy5_exptime_ms,Cy5_gain,YFP_exptime_ms,YFP_gain,Temperature
2,2,47,58.71596668275684,2.411069390125788,111.02127659574468,349.40425531914894,0.3987676695639789,6,75.5388687782805,0.9883852592789903,0.9452696538563926,5.29609540490021,NCD_YFP_ilid,0.001,0.04,50.0,0.0,0.0,0.02,Both,100.0,1.0,60.0,300.0,100.0,4.0,27.2
6,6,74,56.16040321541743,14.599460463211232,231.33783783783784,210.47297297297297,0.4855686851225482,16,74.8904977375565,0.9850382544272687,0.9875376364229232,4.692456583695587,NCD_YFP_ilid,0.001,0.04,50.0,0.0,0.0,0.02,Both,100.0,1.0,60.0,300.0,100.0,4.0,27.2
9,9,28,32.38011735725873,1.141713683124376,501.67857142857144,208.5,-1.505400171422129,24,65.01923076923072,0.820861678004535,0.6102853745541017,2.7394151189961864,NCD_YFP_ilid,0.001,0.04,50.0,0.0,0.0,0.02,Both,100.0,1.0,60.0,300.0,100.0,4.0,27.2
