,index,area,major_axis_length,minor_axis_length,centroid-0,centroid-1,orientation,label,speed (nm/s),r^2,skele r^2,MT len (um),Motor Type,Motor_Conc_uM,MT_Conc_uM,ATP_Conc_uM,ADP_Conc_uM,P_Conc_uM,Flag_Conc_mg-ml,BSA_Caesin_Both,Acq_Time_s,Time_Interval_s,Cy5_exptime_ms,Cy5_gain,YFP_exptime_ms,YFP_gain,Temperature
1,1,18,19.14445547342159,2.2897403883259733,83.11111111111111,260.55555555555554,0.03666658648054462,22,160.99999999999991,0.8999999999999999,0.8054110301768989,2.8403841964457737,NCD_YFP_ilid,0.001,0.04,5000.0,0.0,0.0,0.02,Both,100.0,1.0,60.0,300.0,100.0,4.0,27.2
4,4,10,12.188563971810828,1.413827537245981,183.8,428.5,1.2279699767491594,53,80.49999999999963,1.0,0.33333333333330484,2.3301592764629007,NCD_YFP_ilid,0.001,0.04,5000.0,0.0,0.0,0.02,Both,100.0,1.0,60.0,300.0,100.0,4.0,27.2
5,5,22,21.20161514343264,6.485504085547398,266.04545454545456,340.04545454545456,-1.0491375391631343,73,69.76666666666661,0.9003944773175542,0.6460905349794239,2.8559344878608086,NCD_YFP_ilid,0.001,0.04,5000.0,0.0,0.0,0.02,Both,100.0,1.0,60.0,300.0,100.0,4.0,27.2
