,index,area,major_axis_length,minor_axis_length,centroid-0,centroid-1,orientation,label,speed (nm/s),r^2,skele r^2,MT len (um),Motor Type,Motor_Conc_uM,MT_Conc_uM,ATP_Conc_uM,ADP_Conc_uM,P_Conc_uM,Flag_Conc_mg-ml,BSA_Caesin_Both,Acq_Time_s,Time_Interval_s,Cy5_exptime_ms,Cy5_gain,YFP_exptime_ms,YFP_gain,Temperature
0,0,27,31.400374656590788,5.929860692441824,72.0,166.74074074074073,-0.12726490129974793,7,111.2794117647059,0.8724913233740758,0.9308198671600391,3.6532039364571114,NCD_YFP_ilid,0.001,0.04,1420.0,0.0,0.0,0.02,Both,100.0,1.0,60.0,300.0,100.0,4.0,27.2
1,1,43,49.33475052232722,5.006342152594301,125.30232558139535,173.67441860465115,-0.24209825674033278,9,128.79999999999998,0.863095238095238,0.9249272692718158,4.442825587082657,NCD_YFP_ilid,0.001,0.04,1420.0,0.0,0.0,0.02,Both,100.0,1.0,60.0,300.0,100.0,4.0,27.2
3,3,16,22.68867534548346,1.3825740729707547,159.625,269.9375,-0.67650649574826,16,94.29195804195801,0.9793450657161951,0.9615723948632487,2.5856747859494975,NCD_YFP_ilid,0.001,0.04,1420.0,0.0,0.0,0.02,Both,100.0,1.0,60.0,300.0,100.0,4.0,27.2
10,10,74,85.89620540042027,2.499606703944724,410.5405405405405,263.5,-1.4676467623335452,40,151.81352941176468,0.9565837468378283,0.9825624187209288,5.605769280287604,NCD_YFP_ilid,0.001,0.04,1420.0,0.0,0.0,0.02,Both,100.0,1.0,60.0,300.0,100.0,4.0,27.2
