,index,area,major_axis_length,minor_axis_length,centroid-0,centroid-1,orientation,label,speed (nm/s),r^2,skele r^2,MT len (um),Motor Type,Motor_Conc_uM,MT_Conc_uM,ATP_Conc_uM,ADP_Conc_uM,P_Conc_uM,Flag_Conc_mg-ml,BSA_Caesin_Both,Acq_Time_s,Time_Interval_s,Cy5_exptime_ms,Cy5_gain,YFP_exptime_ms,YFP_gain,Temperature
1,1,14,17.183048458744537,3.2838486553079216,42.285714285714285,236.92857142857142,0.8540537803493364,3,49.934210526315795,0.8410314049586778,0.968595041322314,3.0416251701752293,NCD_YFP_ilid,0.001,0.04,20.0,0.0,0.0,0.02,Both,100.0,1.0,60.0,300.0,100.0,4.0,27.2
3,3,53,69.5473137906388,1.6331106890835145,136.0566037735849,323.0,-1.0753076194770346,8,27.231583710407296,0.9769127923581727,0.06543099218913939,10.27346455418751,NCD_YFP_ilid,0.001,0.04,20.0,0.0,0.0,0.02,Both,100.0,1.0,60.0,300.0,100.0,4.0,27.2
8,8,27,30.952739782547432,2.186578045227286,191.07407407407408,212.03703703703704,1.5222792700373438,17,43.62068965517234,0.8900642791551878,0.9484616699327354,3.4115238103526804,NCD_YFP_ilid,0.001,0.04,20.0,0.0,0.0,0.02,Both,100.0,1.0,60.0,300.0,100.0,4.0,27.2
11,11,38,48.16312738558999,1.5227280143338857,260.57894736842104,193.5,1.144812263610156,23,35.83524886877828,0.9925538040991307,0.9124996615124772,5.599157739382254,NCD_YFP_ilid,0.001,0.04,20.0,0.0,0.0,0.02,Both,100.0,1.0,60.0,300.0,100.0,4.0,27.2
14,14,45,66.98968588071307,2.675311990285973,349.02222222222224,209.17777777777778,-0.6874657459916278,26,8.538099547511296,0.8497730511324139,0.6456457031331271,8.725658860212892,NCD_YFP_ilid,0.001,0.04,20.0,0.0,0.0,0.02,Both,100.0,1.0,60.0,300.0,100.0,4.0,27.2
15,15,32,43.5373344215411,1.1991711582975566,385.0625,288.5,-1.0125143842732567,28,29.424389140271476,0.9893904571551414,0.8665935197416748,5.394144689082027,NCD_YFP_ilid,0.001,0.04,20.0,0.0,0.0,0.02,Both,100.0,1.0,60.0,300.0,100.0,4.0,27.2
