,index,area,major_axis_length,minor_axis_length,centroid-0,centroid-1,orientation,label,speed (nm/s),r^2,skele r^2,MT len (um),Motor Type,Motor_Conc_uM,MT_Conc_uM,ATP_Conc_uM,ADP_Conc_uM,P_Conc_uM,Flag_Conc_mg-ml,BSA_Caesin_Both,Acq_Time_s,Time_Interval_s,Cy5_exptime_ms,Cy5_gain,YFP_exptime_ms,YFP_gain,Temperature
9,10,7,8.926076480789153,1.3992182532854627,128.0,72.42857142857143,0.7811965816236248,20,7.685746606334847,0.9087097474600002,0.6776685983035184,1.8956013096365256,NCD_YFP_ilid,0.001,0.04,2.0,0.0,0.0,0.02,Both,100.0,1.0,60.0,300.0,100.0,4.0,27.2
21,22,8,11.03861659488106,1.0718879004898305,232.25,266.5,-0.9764205821159742,38,11.635294117647067,0.8415359653866957,0.5077777777777773,2.191510743910347,NCD_YFP_ilid,0.001,0.04,2.0,0.0,0.0,0.02,Both,100.0,1.0,60.0,300.0,100.0,4.0,27.2
