,index,area,major_axis_length,minor_axis_length,centroid-0,centroid-1,orientation,label,speed (nm/s),r^2,skele r^2,MT len (um),Motor Type,Motor_Conc_uM,MT_Conc_uM,ATP_Conc_uM,ADP_Conc_uM,P_Conc_uM,Flag_Conc_mg-ml,BSA_Caesin_Both,Acq_Time_s,Time_Interval_s,Cy5_exptime_ms,Cy5_gain,YFP_exptime_ms,YFP_gain,Temperature
2,2,12,15.927509995678555,0.9905008855252789,195.5,362.0,0.5228801141524538,8,52.90000000000001,0.8311279143037177,0.09523809523809357,2.3459976186523366,NCD_YFP_ilid,0.001,0.04,5000.0,0.0,0.0,0.02,Both,100.0,1.0,60.0,300.0,100.0,4.0,27.2
6,6,55,61.56044456294894,4.473790977231652,365.6727272727273,409.5090909090909,-1.0260850814744145,18,161.39460784313724,0.9891739049862208,0.945073423737935,3.3430592795825405,NCD_YFP_ilid,0.001,0.04,5000.0,0.0,0.0,0.02,Both,100.0,1.0,60.0,300.0,100.0,4.0,27.2
