,index,area,major_axis_length,minor_axis_length,centroid-0,centroid-1,orientation,label,speed (nm/s),r^2,skele r^2,MT len (um),Motor Type,Motor_Conc_uM,MT_Conc_uM,ATP_Conc_uM,ADP_Conc_uM,P_Conc_uM,Flag_Conc_mg-ml,BSA_Caesin_Both,Acq_Time_s,Time_Interval_s,Cy5_exptime_ms,Cy5_gain,YFP_exptime_ms,YFP_gain,Temperature
1,1,19,22.266018019864926,1.76219407717858,47.0,500.36842105263156,0.17991179481396324,7,95.6136363636363,0.9579873809873173,0.9673158931479428,3.0407276270579597,NCD_YFP_ilid,500.0,0.04,1420.0,0.0,0.0,0.02,Both,100.0,1.0,60.0,300.0,100.0,4.0,27.2
5,5,27,27.71423306667829,7.755401423026576,299.037037037037,97.44444444444444,0.8238173982969758,27,59.95279720279712,0.9293937857714883,1.0,3.2106336910603805,NCD_YFP_ilid,500.0,0.04,1420.0,0.0,0.0,0.02,Both,100.0,1.0,60.0,300.0,100.0,4.0,27.2
6,6,91,106.32956901371018,3.378659319195338,314.1208791208791,430.0,-1.416730257012525,28,203.25343309171177,0.9752932974232168,0.9343004340118899,6.620430592319597,NCD_YFP_ilid,500.0,0.04,1420.0,0.0,0.0,0.02,Both,100.0,1.0,60.0,300.0,100.0,4.0,27.2
7,7,22,22.619200411807878,3.9006086623861584,336.09090909090907,134.86363636363637,-0.049493072339359755,29,128.41666666666669,0.9521051459122299,0.36348282979922386,2.8945248004914004,NCD_YFP_ilid,500.0,0.04,1420.0,0.0,0.0,0.02,Both,100.0,1.0,60.0,300.0,100.0,4.0,27.2
8,8,19,21.630572692769274,1.9457427914616885,343.05263157894734,436.2105263157895,-0.06955742854410034,31,160.99999999999915,0.9199999999999987,0.6559999999999994,2.8117131637507615,NCD_YFP_ilid,500.0,0.04,1420.0,0.0,0.0,0.02,Both,100.0,1.0,60.0,300.0,100.0,4.0,27.2
9,9,64,79.87181944681532,2.3668192274303714,385.84375,87.5,-1.1811974551542406,34,177.5567011509117,0.981021064790843,0.8265958938839596,4.0691245387681025,NCD_YFP_ilid,500.0,0.04,1420.0,0.0,0.0,0.02,Both,100.0,1.0,60.0,300.0,100.0,4.0,27.2
