,index,area,major_axis_length,minor_axis_length,centroid-0,centroid-1,orientation,label,speed (nm/s),r^2,skele r^2,MT len (um),Motor Type,Motor_Conc_uM,MT_Conc_uM,ATP_Conc_uM,ADP_Conc_uM,P_Conc_uM,Flag_Conc_mg-ml,BSA_Caesin_Both,Acq_Time_s,Time_Interval_s,Cy5_exptime_ms,Cy5_gain,YFP_exptime_ms,YFP_gain,Temperature
0,0,40,60.3470526548844,1.9958045667374336,74.7,108.275,0.7299528308510119,1,91.44482758620694,0.9567469454471874,0.9542143770015759,4.688046644939028,NCD_YFP_ilid,0.001,0.04,100.0,0.0,0.0,0.02,Both,100.0,1.0,60.0,300.0,100.0,4.0,27.2
2,2,63,77.06118484675967,2.0269271078556774,167.06349206349208,78.98412698412699,0.3526102789836951,4,103.13921568627447,0.894899193536823,0.5768343630403792,5.717202932039367,NCD_YFP_ilid,0.001,0.04,100.0,0.0,0.0,0.02,Both,100.0,1.0,60.0,300.0,100.0,4.0,27.2
7,7,72,103.35592491401475,5.16580112063277,332.22222222222223,374.06944444444446,-0.6632959091056322,14,161.883303988697,0.9345315485172091,0.8709512230815494,7.735845392305773,NCD_YFP_ilid,0.001,0.04,100.0,0.0,0.0,0.02,Both,100.0,1.0,60.0,300.0,100.0,4.0,27.2
8,8,58,74.03018303489469,1.7166776005065527,337.51724137931035,69.13793103448276,0.44428756548344456,15,137.9895927601808,0.9895506785876931,0.9963452806082749,5.49279531897054,NCD_YFP_ilid,0.001,0.04,100.0,0.0,0.0,0.02,Both,100.0,1.0,60.0,300.0,100.0,4.0,27.2
9,9,73,109.28245247230028,2.8120122914948085,351.94520547945206,183.93150684931507,0.697837200451467,17,107.33462184873945,0.9909427146060542,0.9577350636914614,9.962455999378689,NCD_YFP_ilid,0.001,0.04,100.0,0.0,0.0,0.02,Both,100.0,1.0,60.0,300.0,100.0,4.0,27.2
