,index,area,major_axis_length,minor_axis_length,centroid-0,centroid-1,orientation,label,speed (nm/s),r^2,skele r^2,MT len (um),Motor Type,Motor_Conc_uM,MT_Conc_uM,ATP_Conc_uM,ADP_Conc_uM,P_Conc_uM,Flag_Conc_mg-ml,BSA_Caesin_Both,Acq_Time_s,Time_Interval_s,Cy5_exptime_ms,Cy5_gain,YFP_exptime_ms,YFP_gain,Temperature
4,4,22,25.618550346742246,2.117372560789636,255.5,407.6363636363636,0.13786105585837016,43,145.03846153846143,0.9120240363853693,0.6837574961076494,1.84531247415724,NCD_YFP_ilid,0.001,0.04,300.0,0.0,0.0,0.02,Both,100.0,1.0,60.0,300.0,100.0,4.0,27.2
7,7,13,15.524906063160834,1.2383475876277505,367.38461538461536,332.0,1.3009255596585154,62,43.8986103007479,0.8056319815669712,0.6475635142043219,1.795983055763223,NCD_YFP_ilid,0.001,0.04,300.0,0.0,0.0,0.02,Both,100.0,1.0,60.0,300.0,100.0,4.0,27.2
8,8,102,108.90561363604115,6.772589767001782,382.5882352941176,430.98039215686276,-1.4946125284827185,65,240.19706834960706,0.9910009497968231,0.9921586806265847,4.654716246637162,NCD_YFP_ilid,0.001,0.04,300.0,0.0,0.0,0.02,Both,100.0,1.0,60.0,300.0,100.0,4.0,27.2
