,index,area,major_axis_length,minor_axis_length,centroid-0,centroid-1,orientation,label,speed (nm/s),r^2,skele r^2,MT len (um),Motor Type,Motor_Conc_uM,MT_Conc_uM,ATP_Conc_uM,ADP_Conc_uM,P_Conc_uM,Flag_Conc_mg-ml,BSA_Caesin_Both,Acq_Time_s,Time_Interval_s,Cy5_exptime_ms,Cy5_gain,YFP_exptime_ms,YFP_gain,Temperature
1,1,9,12.181086196525357,1.5920801863389182,189.11111111111111,301.3333333333333,0.6566673689207512,27,35.267597087378654,0.8125087467173547,0.42215769289308136,2.253768664622527,NCD_YFP_ilid,0.001,0.04,5000.0,0.0,0.0,0.02,Both,100.0,1.0,60.0,300.0,100.0,4.0,27.2
2,2,13,14.616674521394753,1.9301831521123163,212.92307692307693,480.15384615384613,0.12533331751907814,31,113.33552631578948,0.9045086907153463,0.6692935211186551,2.319736817872007,NCD_YFP_ilid,0.001,0.04,5000.0,0.0,0.0,0.02,Both,100.0,1.0,60.0,300.0,100.0,4.0,27.2
6,6,35,38.18816449676867,4.664981409546065,385.0285714285714,359.48571428571427,1.3938521145564702,48,132.24999999999991,0.9035916824196596,0.8060676440702573,3.803408571286687,NCD_YFP_ilid,0.001,0.04,5000.0,0.0,0.0,0.02,Both,100.0,1.0,60.0,300.0,100.0,4.0,27.2
