,index,area,major_axis_length,minor_axis_length,centroid-0,centroid-1,orientation,label,speed (nm/s),r^2,skele r^2,MT len (um),Motor Type,Motor_Conc_uM,MT_Conc_uM,ATP_Conc_uM,ADP_Conc_uM,P_Conc_uM,Flag_Conc_mg-ml,BSA_Caesin_Both,Acq_Time_s,Time_Interval_s,Cy5_exptime_ms,Cy5_gain,YFP_exptime_ms,YFP_gain,Temperature
1,1,49,47.38069601088846,7.491609047696546,219.42857142857142,316.9795918367347,1.4434504131545014,3,118.38235294117652,0.9215200000000001,0.9517940633316682,3.1034892519751622,NCD_YFP_ilid,0.001,0.04,100.0,0.0,0.0,0.02,Both,100.0,1.0,60.0,300.0,100.0,4.0,27.2
2,2,100,106.9047576464981,6.734151211808794,343.69,260.48,-0.1294482472398281,7,69.62789047485023,0.8786104376208468,0.2170397175872596,8.288979135091505,NCD_YFP_ilid,0.001,0.04,100.0,0.0,0.0,0.02,Both,100.0,1.0,60.0,300.0,100.0,4.0,27.2
3,3,20,26.248381964493063,1.4637090715286578,320.55,293.95,0.5231090372330469,9,129.86153846153857,0.9648375145706034,0.9868942703467084,2.850810046760269,NCD_YFP_ilid,0.001,0.04,100.0,0.0,0.0,0.02,Both,100.0,1.0,60.0,300.0,100.0,4.0,27.2
5,6,84,121.87858239249714,6.948550626522416,368.89285714285717,154.8452380952381,-0.7986436199258876,14,203.17930577111366,0.9479852228489897,0.5955873727753684,12.040633925195268,NCD_YFP_ilid,0.001,0.04,100.0,0.0,0.0,0.02,Both,100.0,1.0,60.0,300.0,100.0,4.0,27.2
6,7,8,12.454646675551931,0.7948434985348896,433.375,72.5,-0.825087320677235,16,27.269374999999997,0.8289919799566999,0.8777290636956011,2.2151664899696493,NCD_YFP_ilid,0.001,0.04,100.0,0.0,0.0,0.02,Both,100.0,1.0,60.0,300.0,100.0,4.0,27.2
