,index,area,major_axis_length,minor_axis_length,centroid-0,centroid-1,orientation,label,speed (nm/s),r^2,skele r^2,MT len (um),Motor Type,Motor_Conc_uM,MT_Conc_uM,ATP_Conc_uM,ADP_Conc_uM,P_Conc_uM,Flag_Conc_mg-ml,BSA_Caesin_Both,Acq_Time_s,Time_Interval_s,Cy5_exptime_ms,Cy5_gain,YFP_exptime_ms,YFP_gain,Temperature
2,2,76,112.70231971912146,2.8110160741922754,123.34210526315789,96.69736842105263,0.7095549305368534,6,123.78348659563075,0.9672092142905249,0.9028918651148237,9.40737752318226,NCD_YFP_ilid,0.001,0.04,100.0,0.0,0.0,0.02,Both,100.0,1.0,60.0,300.0,100.0,4.0,27.2
3,3,16,19.688324902645224,1.170411264419442,100.5,5.75,0.35880613503626796,7,136.11818181818168,0.9744479130535321,0.9422222222222222,2.3753466251636284,NCD_YFP_ilid,0.001,0.04,100.0,0.0,0.0,0.02,Both,100.0,1.0,60.0,300.0,100.0,4.0,27.2
4,4,23,28.979534597870614,1.2501023819272898,97.6086956521739,489.0,1.156531385303544,8,106.57519466073413,0.9695235468380974,0.9630197235060323,2.777162707223237,NCD_YFP_ilid,0.001,0.04,100.0,0.0,0.0,0.02,Both,100.0,1.0,60.0,300.0,100.0,4.0,27.2
6,6,14,16.200162084183013,1.2137198165713168,151.42857142857142,380.5,-1.4738468987406392,10,94.29195804195824,0.9555595158535681,0.9375000000000011,2.49007859992549,NCD_YFP_ilid,0.001,0.04,100.0,0.0,0.0,0.02,Both,100.0,1.0,60.0,300.0,100.0,4.0,27.2
7,7,22,26.479533561722093,1.2562260968973036,188.3181818181818,378.5,1.2808971610274504,14,133.13461538461524,0.975507996600479,0.9872868983176478,2.796230567872921,NCD_YFP_ilid,0.001,0.04,100.0,0.0,0.0,0.02,Both,100.0,1.0,60.0,300.0,100.0,4.0,27.2
8,8,83,87.79524921923908,3.9210554876406407,203.3975903614458,435.6385542168675,1.4680096281616943,15,164.70081447963798,0.9976045442414796,0.9898264688125639,5.492327385576306,NCD_YFP_ilid,0.001,0.04,100.0,0.0,0.0,0.02,Both,100.0,1.0,60.0,300.0,100.0,4.0,27.2
10,10,78,108.68150268576879,4.644028735006548,300.2307692307692,190.89743589743588,-0.6540968485661333,20,74.3005811137466,0.9004596214559936,0.8252442578696316,9.025237391367655,NCD_YFP_ilid,0.001,0.04,100.0,0.0,0.0,0.02,Both,100.0,1.0,60.0,300.0,100.0,4.0,27.2
