,index,area,major_axis_length,minor_axis_length,centroid-0,centroid-1,orientation,label,speed (nm/s),r^2,skele r^2,MT len (um),Motor Type,Motor_Conc_uM,MT_Conc_uM,ATP_Conc_uM,ADP_Conc_uM,P_Conc_uM,Flag_Conc_mg-ml,BSA_Caesin_Both,Acq_Time_s,Time_Interval_s,Cy5_exptime_ms,Cy5_gain,YFP_exptime_ms,YFP_gain,Temperature
0,0,15,17.912017765336618,1.512781697124296,152.0,263.26666666666665,-0.2669938679873506,10,149.5,0.9921104536489151,0.914351851851852,2.584449173642538,NCD_YFP_ilid,500.0,0.04,1420.0,0.0,0.0,0.02,Both,100.0,1.0,60.0,300.0,100.0,4.0,27.2
1,1,84,94.95168121012973,6.386920059117297,186.36904761904762,89.16666666666667,-0.2427052184468193,11,231.37812909997385,0.9862477748653851,0.9926782117871739,3.5581061813129433,NCD_YFP_ilid,500.0,0.04,1420.0,0.0,0.0,0.02,Both,100.0,1.0,60.0,300.0,100.0,4.0,27.2
5,6,14,18.15551069499313,1.787108820022571,314.5,435.85714285714283,0.48005566838809816,20,107.82121212121227,0.9533998075387482,0.9422222222222226,2.271260571362873,NCD_YFP_ilid,500.0,0.04,1420.0,0.0,0.0,0.02,Both,100.0,1.0,60.0,300.0,100.0,4.0,27.2
6,7,23,28.293195607392608,1.606284060927769,329.2608695652174,106.0,-1.2156033442557346,21,236.3772727272727,0.9734397914290369,0.9681595983617386,3.0114218890596365,NCD_YFP_ilid,500.0,0.04,1420.0,0.0,0.0,0.02,Both,100.0,1.0,60.0,300.0,100.0,4.0,27.2
7,8,55,74.77097422918003,1.9304239913137344,356.0,185.14545454545456,0.5626060262981505,22,155.60253699788586,0.994913134765625,0.9853870964426216,3.3231293195756058,NCD_YFP_ilid,500.0,0.04,1420.0,0.0,0.0,0.02,Both,100.0,1.0,60.0,300.0,100.0,4.0,27.2
10,11,134,94.15353593759775,22.885461062757113,393.089552238806,148.7537313432836,0.5195601595844336,28,82.89043167445689,0.9134400829945044,0.8229133672086806,6.092641766078485,NCD_YFP_ilid,500.0,0.04,1420.0,0.0,0.0,0.02,Both,100.0,1.0,60.0,300.0,100.0,4.0,27.2
12,13,10,13.490048093052218,1.1741390237694047,418.5,468.3,-0.5539705553275938,34,36.59650464227199,0.9604184654136034,0.8076013353325757,2.1664501365600257,NCD_YFP_ilid,500.0,0.04,1420.0,0.0,0.0,0.02,Both,100.0,1.0,60.0,300.0,100.0,4.0,27.2
