,index,area,major_axis_length,minor_axis_length,centroid-0,centroid-1,orientation,label,speed (nm/s),r^2,skele r^2,MT len (um),Motor Type,Motor_Conc_uM,MT_Conc_uM,ATP_Conc_uM,ADP_Conc_uM,P_Conc_uM,Flag_Conc_mg-ml,BSA_Caesin_Both,Acq_Time_s,Time_Interval_s,Cy5_exptime_ms,Cy5_gain,YFP_exptime_ms,YFP_gain,Temperature
12,12,16,18.703326320181926,1.7672251019013026,270.5,432.9375,0.16905631340079355,29,42.575084214388156,0.9575636068538883,0.7083576178940716,2.441559751879076,NCD_YFP_ilid,0.001,0.04,2.0,0.0,0.0,0.02,Both,100.0,1.0,60.0,300.0,100.0,4.0,27.2
16,16,8,11.410575641229869,0.8937357191986856,318.25,384.5,-0.9303863687270645,35,9.111092436974785,0.871679858819692,0.7930394664259567,2.1640009359195287,NCD_YFP_ilid,0.001,0.04,2.0,0.0,0.0,0.02,Both,100.0,1.0,60.0,300.0,100.0,4.0,27.2
