,index,area,major_axis_length,minor_axis_length,centroid-0,centroid-1,orientation,label,speed (nm/s),r^2,skele r^2,MT len (um),Motor Type,Motor_Conc_uM,MT_Conc_uM,ATP_Conc_uM,ADP_Conc_uM,P_Conc_uM,Flag_Conc_mg-ml,BSA_Caesin_Both,Acq_Time_s,Time_Interval_s,Cy5_exptime_ms,Cy5_gain,YFP_exptime_ms,YFP_gain,Temperature
4,4,48,48.066558298568665,10.259568758387351,173.60416666666666,256.7291666666667,0.4694089098763561,23,108.50095785440607,0.9909874101368239,0.9538243227235655,4.620835761093969,NCD_YFP_ilid,0.001,0.04,70.0,0.0,0.0,0.02,Both,100.0,1.0,60.0,300.0,100.0,4.0,27.2
5,5,17,19.330654067584312,3.541235122292584,180.35294117647058,227.1764705882353,-0.42469963597626204,26,50.251515151515115,0.9392968234517862,0.75,2.334574782336838,NCD_YFP_ilid,0.001,0.04,70.0,0.0,0.0,0.02,Both,100.0,1.0,60.0,300.0,100.0,4.0,27.2
