,index,area,major_axis_length,minor_axis_length,centroid-0,centroid-1,orientation,label,speed (nm/s),r^2,skele r^2,MT len (um),Motor Type,Motor_Conc_uM,MT_Conc_uM,ATP_Conc_uM,ADP_Conc_uM,P_Conc_uM,Flag_Conc_mg-ml,BSA_Caesin_Both,Acq_Time_s,Time_Interval_s,Cy5_exptime_ms,Cy5_gain,YFP_exptime_ms,YFP_gain,Temperature
0,0,14,16.519811737500703,1.3679657750161813,26.5,153.92857142857142,-0.21996938374500738,3,123.67727272727281,0.9846293897272506,0.9115646258503398,2.4719979836739383,NCD_YFP_ilid,500.0,0.04,1420.0,0.0,0.0,0.02,Both,100.0,1.0,60.0,300.0,100.0,4.0,27.2
1,1,11,13.004892762193075,1.8172826720061663,35.36363636363637,136.0,1.3339798209066,4,77.81666666666655,0.9655172413793103,0.7037037037037042,2.3160150889121436,NCD_YFP_ilid,500.0,0.04,1420.0,0.0,0.0,0.02,Both,100.0,1.0,60.0,300.0,100.0,4.0,27.2
3,4,55,70.68149908936755,4.801934926851754,113.58181818181818,461.4,-0.6626596336228737,20,150.2615773668405,0.9029530794164735,0.9835486671114662,5.377857043753924,NCD_YFP_ilid,500.0,0.04,1420.0,0.0,0.0,0.02,Both,100.0,1.0,60.0,300.0,100.0,4.0,27.2
4,6,97,115.19666649400779,3.6397888233158104,208.0,136.08247422680412,-0.2362512775083322,28,219.25456885896517,0.8837033986094132,0.7019925147592989,8.803115836316346,NCD_YFP_ilid,500.0,0.04,1420.0,0.0,0.0,0.02,Both,100.0,1.0,60.0,300.0,100.0,4.0,27.2
5,7,96,107.21651497710847,4.349428384808827,256.9791666666667,440.7916666666667,0.2746896963181194,30,174.4725241207595,0.9906398462642446,0.9169291441730635,5.7897439554331855,NCD_YFP_ilid,500.0,0.04,1420.0,0.0,0.0,0.02,Both,100.0,1.0,60.0,300.0,100.0,4.0,27.2
