,index,area,major_axis_length,minor_axis_length,centroid-0,centroid-1,orientation,label,speed (nm/s),r^2,skele r^2,MT len (um),Motor Type,Motor_Conc_uM,MT_Conc_uM,ATP_Conc_uM,ADP_Conc_uM,P_Conc_uM,Flag_Conc_mg-ml,BSA_Caesin_Both,Acq_Time_s,Time_Interval_s,Cy5_exptime_ms,Cy5_gain,YFP_exptime_ms,YFP_gain,Temperature
2,2,12,13.827437285327163,1.5711921547063734,74.5,457.25,-0.053085598522131114,7,64.16323529411767,0.8159883443852889,0.19595636926404048,2.2846696127362094,NCD_YFP_ilid,0.001,0.04,70.0,0.0,0.0,0.02,Both,100.0,1.0,60.0,300.0,100.0,4.0,27.2
10,10,24,28.39086589732534,1.9040483887642006,480.5,42.75,-0.22337050372357564,35,78.95454545454542,0.9801058541964338,0.9419462045629517,3.2363247848652406,NCD_YFP_ilid,0.001,0.04,70.0,0.0,0.0,0.02,Both,100.0,1.0,60.0,300.0,100.0,4.0,27.2
11,11,46,53.48876742657568,3.09199851841338,474.5,481.5,1.450525849930075,36,102.86605042016805,0.993663712988086,0.9670315013726262,3.0876527665920404,NCD_YFP_ilid,0.001,0.04,70.0,0.0,0.0,0.02,Both,100.0,1.0,60.0,300.0,100.0,4.0,27.2
12,12,13,14.966629547095765,0.0,484.0,471.0,0.0,38,70.04289215686269,0.9773457647292203,0.8593650117195824,2.182570510270652,NCD_YFP_ilid,0.001,0.04,70.0,0.0,0.0,0.02,Both,100.0,1.0,60.0,300.0,100.0,4.0,27.2
