,index,area,major_axis_length,minor_axis_length,centroid-0,centroid-1,orientation,label,speed (nm/s),r^2,skele r^2,MT len (um),Motor Type,Motor_Conc_uM,MT_Conc_uM,ATP_Conc_uM,ADP_Conc_uM,P_Conc_uM,Flag_Conc_mg-ml,BSA_Caesin_Both,Acq_Time_s,Time_Interval_s,Cy5_exptime_ms,Cy5_gain,YFP_exptime_ms,YFP_gain,Temperature
20,21,37,45.09633097726987,6.681163978750607,314.8378378378378,340.43243243243245,0.9065963440866042,33,10.42493212669689,0.8280858947894817,0.6798956525176141,6.3469610821733005,NCD_YFP_ilid,0.001,0.04,2.0,0.0,0.0,0.02,Both,100.0,1.0,60.0,300.0,100.0,4.0,27.2
21,22,12,15.981362582520322,1.2185806887146284,311.8333333333333,391.5,-1.0414975464906624,34,12.142964352720417,0.8258458949035905,0.6976158869253617,2.914091251163695,NCD_YFP_ilid,0.001,0.04,2.0,0.0,0.0,0.02,Both,100.0,1.0,60.0,300.0,100.0,4.0,27.2
23,24,14,17.427789223818056,1.2883780005154175,325.5,32.857142857142854,-0.3903104126935274,36,7.7950226244343925,0.8736134160188663,0.18470777282686313,2.9798213421435777,NCD_YFP_ilid,0.001,0.04,2.0,0.0,0.0,0.02,Both,100.0,1.0,60.0,300.0,100.0,4.0,27.2
25,26,14,16.438375352416383,1.0992666653915273,338.5,234.0,-0.1961700721077579,38,15.269502262443423,0.9168678860012041,0.867098721590909,2.5281550331262332,NCD_YFP_ilid,0.001,0.04,2.0,0.0,0.0,0.02,Both,100.0,1.0,60.0,300.0,100.0,4.0,27.2
38,39,17,19.748972235922075,1.181854790524719,449.0,274.3529411764706,0.12480428979918484,55,8.0281447963801,0.8745645326157253,0.5163227842837093,3.0509610297336485,NCD_YFP_ilid,0.001,0.04,2.0,0.0,0.0,0.02,Both,100.0,1.0,60.0,300.0,100.0,4.0,27.2
