,index,area,major_axis_length,minor_axis_length,centroid-0,centroid-1,orientation,label,speed (nm/s),r^2,skele r^2,MT len (um),Motor Type,Motor_Conc_uM,MT_Conc_uM,ATP_Conc_uM,ADP_Conc_uM,P_Conc_uM,Flag_Conc_mg-ml,BSA_Caesin_Both,Acq_Time_s,Time_Interval_s,Cy5_exptime_ms,Cy5_gain,YFP_exptime_ms,YFP_gain,Temperature
5,5,15,16.137543496952166,4.617565603886873,192.8,154.53333333333333,0.7392334960316487,34,44.36340533672175,0.8590275282468959,0.9279762172875096,2.6206882028979868,NCD_YFP_ilid,500.0,0.04,1420.0,0.0,0.0,0.02,Both,100.0,1.0,60.0,300.0,100.0,4.0,27.2
7,7,95,112.16997600612582,3.431316701895051,222.90526315789472,273.0,1.3600458469921264,39,142.17861365397204,0.9912102690463346,0.7946619290731622,10.32476387244564,NCD_YFP_ilid,500.0,0.04,1420.0,0.0,0.0,0.02,Both,100.0,1.0,60.0,300.0,100.0,4.0,27.2
