,index,area,major_axis_length,minor_axis_length,centroid-0,centroid-1,orientation,label,speed (nm/s),r^2,skele r^2,MT len (um),Motor Type,Motor_Conc_uM,MT_Conc_uM,ATP_Conc_uM,ADP_Conc_uM,P_Conc_uM,Flag_Conc_mg-ml,BSA_Caesin_Both,Acq_Time_s,Time_Interval_s,Cy5_exptime_ms,Cy5_gain,YFP_exptime_ms,YFP_gain,Temperature
0,0,18,21.59787180701851,1.0891530632786552,86.72222222222223,457.5,1.289719118841191,2,83.2236842105263,0.9856650578512397,0.904628300973167,2.6291485345660766,NCD_YFP_ilid,0.001,0.04,100.0,0.0,0.0,0.02,Both,100.0,1.0,60.0,300.0,100.0,4.0,27.2
1,1,73,106.12374907865882,5.553694272393186,157.013698630137,124.31506849315069,0.6555639550987366,3,101.56954621848739,0.9220321461878077,0.8425899177077104,9.389512259574158,NCD_YFP_ilid,0.001,0.04,100.0,0.0,0.0,0.02,Both,100.0,1.0,60.0,300.0,100.0,4.0,27.2
6,6,20,24.248998130681695,1.1773230899781597,228.5,447.75,-0.3141474852515246,11,191.51923076923077,0.8962125778045644,0.748971193415638,2.6988655074260013,NCD_YFP_ilid,0.001,0.04,100.0,0.0,0.0,0.02,Both,100.0,1.0,60.0,300.0,100.0,4.0,27.2
7,7,25,30.941658197321118,1.4846508007443535,280.16,142.0,1.200049893661396,16,96.48161764705893,0.8995972750197601,0.9880139747379737,3.09774864298347,NCD_YFP_ilid,0.001,0.04,100.0,0.0,0.0,0.02,Both,100.0,1.0,60.0,300.0,100.0,4.0,27.2
10,10,115,98.50231822154802,9.271669385016393,442.25217391304346,229.44347826086957,0.19237124858708438,22,89.67622689075623,0.9332708648587955,0.7669813812972692,8.988066651101102,NCD_YFP_ilid,0.001,0.04,100.0,0.0,0.0,0.02,Both,100.0,1.0,60.0,300.0,100.0,4.0,27.2
11,11,45,54.639358426430036,2.67964750445067,407.06666666666666,113.0,-1.2552729449908109,23,79.45454545454545,0.9718605724838412,0.5831866608672539,4.140882181122359,NCD_YFP_ilid,0.001,0.04,100.0,0.0,0.0,0.02,Both,100.0,1.0,60.0,300.0,100.0,4.0,27.2
13,13,18,27.473278653116235,1.2897303953431898,485.5,26.833333333333332,0.7155345951669988,27,115.10087719298252,0.9732997101885656,0.982891382071568,3.2097599482278314,NCD_YFP_ilid,0.001,0.04,100.0,0.0,0.0,0.02,Both,100.0,1.0,60.0,300.0,100.0,4.0,27.2
