,index,area,major_axis_length,minor_axis_length,centroid-0,centroid-1,orientation,label,speed (nm/s),r^2,skele r^2,MT len (um),Motor Type,Motor_Conc_uM,MT_Conc_uM,ATP_Conc_uM,ADP_Conc_uM,P_Conc_uM,Flag_Conc_mg-ml,BSA_Caesin_Both,Acq_Time_s,Time_Interval_s,Cy5_exptime_ms,Cy5_gain,YFP_exptime_ms,YFP_gain,Temperature
2,2,15,17.39497766461348,1.1591552684981574,200.0,70.26666666666667,0.11430179043463534,13,77.81666666666656,0.9298454221165278,0.8246097337006433,1.9121712472442336,NCD_YFP_ilid,0.001,0.04,70.0,0.0,0.0,0.02,Both,100.0,1.0,60.0,300.0,100.0,4.0,27.2
7,7,57,70.98779925139331,2.2649543621440587,389.6666666666667,455.0,-1.1862066314986055,36,113.03383383383384,0.9959933773003166,0.9950338801754702,5.916777492778823,NCD_YFP_ilid,0.001,0.04,70.0,0.0,0.0,0.02,Both,100.0,1.0,60.0,300.0,100.0,4.0,27.2
