,index,area,major_axis_length,minor_axis_length,centroid-0,centroid-1,orientation,label,speed (nm/s),r^2,skele r^2,MT len (um),Motor Type,Motor_Conc_uM,MT_Conc_uM,ATP_Conc_uM,ADP_Conc_uM,P_Conc_uM,Flag_Conc_mg-ml,BSA_Caesin_Both,Acq_Time_s,Time_Interval_s,Cy5_exptime_ms,Cy5_gain,YFP_exptime_ms,YFP_gain,Temperature
0,0,11,15.298879045661671,1.5407959022304063,83.0909090909091,280.1818181818182,-0.660832431810323,4,81.96363636363641,0.9664115646258504,0.9062500000000009,2.3594491931485804,NCD_YFP_ilid,0.001,0.04,300.0,0.0,0.0,0.02,Both,100.0,1.0,60.0,300.0,100.0,4.0,27.2
6,6,9,13.0325716603367,0.9048439560804867,337.0,125.66666666666667,0.6578069680870391,26,85.63076923076923,0.8512567447578717,0.7948763290797072,2.4390635440663835,NCD_YFP_ilid,0.001,0.04,300.0,0.0,0.0,0.02,Both,100.0,1.0,60.0,300.0,100.0,4.0,27.2
7,7,68,84.98146498527687,3.9950341096762303,363.27941176470586,77.5,-1.1775928483043183,31,181.9031283917218,0.9569082957304237,0.994537664544543,3.971412028356651,NCD_YFP_ilid,0.001,0.04,300.0,0.0,0.0,0.02,Both,100.0,1.0,60.0,300.0,100.0,4.0,27.2
8,8,25,30.91852816255419,3.2789962277110583,370.52,112.48,-0.8800803067262444,34,79.4254727474972,0.8744003386000211,0.8804058088172096,2.6946401792911514,NCD_YFP_ilid,0.001,0.04,300.0,0.0,0.0,0.02,Both,100.0,1.0,60.0,300.0,100.0,4.0,27.2
10,10,75,87.21759034379537,3.310270408508907,389.17333333333335,368.0,-1.451138112612482,39,168.28656658948407,0.9379941594202106,0.9524934374089103,4.44391060285578,NCD_YFP_ilid,0.001,0.04,300.0,0.0,0.0,0.02,Both,100.0,1.0,60.0,300.0,100.0,4.0,27.2
13,13,74,98.66141741416752,3.4347654584204883,465.56756756756755,71.5,1.0467812644355095,47,169.97092198581572,0.9368158723106487,0.9918246895274909,5.827855801925876,NCD_YFP_ilid,0.001,0.04,300.0,0.0,0.0,0.02,Both,100.0,1.0,60.0,300.0,100.0,4.0,27.2
