,index,area,major_axis_length,minor_axis_length,centroid-0,centroid-1,orientation,label,speed (nm/s),r^2,skele r^2,MT len (um),Motor Type,Motor_Conc_uM,MT_Conc_uM,ATP_Conc_uM,ADP_Conc_uM,P_Conc_uM,Flag_Conc_mg-ml,BSA_Caesin_Both,Acq_Time_s,Time_Interval_s,Cy5_exptime_ms,Cy5_gain,YFP_exptime_ms,YFP_gain,Temperature
0,0,29,38.61306757131132,2.869968680043178,12.758620689655173,292.0,-1.0469749148188199,1,186.01250000000005,0.9449502200541954,0.9724757617037852,4.364666276853535,NCD_YFP_ilid,0.001,0.04,1420.0,0.0,0.0,0.02,Both,100.0,1.0,60.0,300.0,100.0,4.0,27.2
1,1,28,32.92010186049179,1.5719335633219524,28.071428571428573,330.5,1.3779074515707228,3,128.09230769230786,0.9638213119257655,0.9460499486869725,3.4011129759396845,NCD_YFP_ilid,0.001,0.04,1420.0,0.0,0.0,0.02,Both,100.0,1.0,60.0,300.0,100.0,4.0,27.2
5,5,105,96.9130477082686,15.35230282516096,258.46666666666664,80.22857142857143,0.41643140870236456,18,300.28181761825056,0.9041924715989218,0.9784771671149729,4.113195033879027,NCD_YFP_ilid,0.001,0.04,1420.0,0.0,0.0,0.02,Both,100.0,1.0,60.0,300.0,100.0,4.0,27.2
8,8,54,74.47820492896858,2.958980220745755,410.35185185185185,210.25925925925927,0.601694982780012,33,167.80704275961185,0.8914909295774631,0.9187248916290904,5.5718174074043505,NCD_YFP_ilid,0.001,0.04,1420.0,0.0,0.0,0.02,Both,100.0,1.0,60.0,300.0,100.0,4.0,27.2
