,index,area,major_axis_length,minor_axis_length,centroid-0,centroid-1,orientation,label,speed (nm/s),r^2,skele r^2,MT len (um),Motor Type,Motor_Conc_uM,MT_Conc_uM,ATP_Conc_uM,ADP_Conc_uM,P_Conc_uM,Flag_Conc_mg-ml,BSA_Caesin_Both,Acq_Time_s,Time_Interval_s,Cy5_exptime_ms,Cy5_gain,YFP_exptime_ms,YFP_gain,Temperature
10,10,16,19.642007363503684,1.2763411503462274,71.3125,264.5,1.218230108858009,19,11.600504201680675,0.9362278551823391,0.7175773478260868,3.1517543949543056,NCD_YFP_ilid,0.001,0.04,2.0,0.0,0.0,0.02,Both,100.0,1.0,60.0,300.0,100.0,4.0,27.2
28,28,19,22.922280389243866,2.051572799966419,328.36842105263156,360.8421052631579,1.1540368547525064,62,6.053445378151275,0.9130452511788668,0.5217391304347823,3.4607475225439903,NCD_YFP_ilid,0.001,0.04,2.0,0.0,0.0,0.02,Both,100.0,1.0,60.0,300.0,100.0,4.0,27.2
