,index,area,major_axis_length,minor_axis_length,centroid-0,centroid-1,orientation,label,speed (nm/s),r^2,skele r^2,MT len (um),Motor Type,Motor_Conc_uM,MT_Conc_uM,ATP_Conc_uM,ADP_Conc_uM,P_Conc_uM,Flag_Conc_mg-ml,BSA_Caesin_Both,Acq_Time_s,Time_Interval_s,Cy5_exptime_ms,Cy5_gain,YFP_exptime_ms,YFP_gain,Temperature
2,3,32,37.20590058835961,2.271224649633326,122.5,436.6875,-0.1215605570766083,9,116.56818181818181,0.9541126237540805,0.9887056487413471,2.611160057037201,NCD_YFP_ilid,0.001,0.04,70.0,0.0,0.0,0.02,Both,100.0,1.0,60.0,300.0,100.0,4.0,27.2
5,6,10,13.86802596008311,1.1304229166382682,145.5,167.5,0.5967001797792358,13,24.74999503771338,0.886154153222526,0.5348489954924041,2.055028902118364,NCD_YFP_ilid,0.001,0.04,70.0,0.0,0.0,0.02,Both,100.0,1.0,60.0,300.0,100.0,4.0,27.2
8,9,52,52.96754031237286,11.816973245679641,302.4423076923077,334.3076923076923,0.9170017844362394,29,94.71733870967738,0.9713066448190217,0.9704664011428976,3.44114621087897,NCD_YFP_ilid,0.001,0.04,70.0,0.0,0.0,0.02,Both,100.0,1.0,60.0,300.0,100.0,4.0,27.2
9,10,62,75.74970642280478,4.594332091694685,404.85483870967744,218.59677419354838,0.585888663777547,38,86.05035460992913,0.9501882898047158,0.9871905787500243,7.476403682919458,NCD_YFP_ilid,0.001,0.04,70.0,0.0,0.0,0.02,Both,100.0,1.0,60.0,300.0,100.0,4.0,27.2
