,index,area,major_axis_length,minor_axis_length,centroid-0,centroid-1,orientation,label,speed (nm/s),r^2,skele r^2,MT len (um),Motor Type,Motor_Conc_uM,MT_Conc_uM,ATP_Conc_uM,ADP_Conc_uM,P_Conc_uM,Flag_Conc_mg-ml,BSA_Caesin_Both,Acq_Time_s,Time_Interval_s,Cy5_exptime_ms,Cy5_gain,YFP_exptime_ms,YFP_gain,Temperature
4,4,47,71.52906058735763,2.2486878324287143,156.2127659574468,242.7659574468085,-0.819676799229054,7,36.02302521008405,0.9898825662329387,0.8957434425739959,6.603787533300338,NCD_YFP_ilid,0.001,0.04,20.0,0.0,0.0,0.02,Both,100.0,1.0,60.0,300.0,100.0,4.0,27.2
6,6,18,20.490087256568234,3.167470193718725,212.27777777777777,300.6666666666667,0.5710921270912959,12,114.27622377622365,0.9184805908094508,0.7543252595155713,2.8574370696551865,NCD_YFP_ilid,0.001,0.04,20.0,0.0,0.0,0.02,Both,100.0,1.0,60.0,300.0,100.0,4.0,27.2
8,8,53,61.14667968747921,3.4523522207513655,238.28301886792454,319.66037735849056,-0.22977268326965616,14,43.07272727272721,0.8814921293241581,0.8266409414681098,6.381929535926064,NCD_YFP_ilid,0.001,0.04,20.0,0.0,0.0,0.02,Both,100.0,1.0,60.0,300.0,100.0,4.0,27.2
13,13,41,50.005014937093584,1.8279583599402198,392.4390243902439,52.0,1.2419148129218918,21,34.85083529785664,0.9786194120960179,0.3471266623021647,6.178370218370658,NCD_YFP_ilid,0.001,0.04,20.0,0.0,0.0,0.02,Both,100.0,1.0,60.0,300.0,100.0,4.0,27.2
15,15,46,53.34529103990805,1.4302165327824006,487.7826086956522,352.5,1.4755489474395442,24,21.411260504201692,0.9812756765114908,0.9469662285821632,7.360093640918268,NCD_YFP_ilid,0.001,0.04,20.0,0.0,0.0,0.02,Both,100.0,1.0,60.0,300.0,100.0,4.0,27.2
