,index,area,major_axis_length,minor_axis_length,centroid-0,centroid-1,orientation,label,speed (nm/s),r^2,skele r^2,MT len (um),Motor Type,Motor_Conc_uM,MT_Conc_uM,ATP_Conc_uM,ADP_Conc_uM,P_Conc_uM,Flag_Conc_mg-ml,BSA_Caesin_Both,Acq_Time_s,Time_Interval_s,Cy5_exptime_ms,Cy5_gain,YFP_exptime_ms,YFP_gain,Temperature
1,1,65,75.04665796823254,2.222015448008983,86.24615384615385,324.0,-1.5704026250290266,3,160.519185520362,0.9937566184218801,0.9946674126665669,3.849738172352958,NCD_YFP_ilid,0.001,0.04,100.0,0.0,0.0,0.02,Both,100.0,1.0,60.0,300.0,100.0,4.0,27.2
3,3,57,77.7586079230836,2.999271798593851,171.01754385964912,289.10526315789474,0.5650795444833024,6,103.15656108597278,0.9082898432761977,0.9612143091144811,6.796723479604453,NCD_YFP_ilid,0.001,0.04,100.0,0.0,0.0,0.02,Both,100.0,1.0,60.0,300.0,100.0,4.0,27.2
4,4,78,95.90090555350875,4.289323903930051,202.5,92.17948717948718,0.3512005526254394,7,109.18239148650916,0.9405034992111209,0.8898252719123143,7.6047726602981,NCD_YFP_ilid,0.001,0.04,100.0,0.0,0.0,0.02,Both,100.0,1.0,60.0,300.0,100.0,4.0,27.2
8,8,19,18.681997029289512,3.1318479787756077,283.7894736842105,473.94736842105266,1.4535676238278052,15,176.61212121212094,0.9735661304599982,0.898512396694215,2.476611780064273,NCD_YFP_ilid,0.001,0.04,100.0,0.0,0.0,0.02,Both,100.0,1.0,60.0,300.0,100.0,4.0,27.2
9,9,78,96.5679897368555,2.9233162065461706,373.0,86.74358974358974,0.4433897469012465,16,136.98113122171947,0.9869665175441066,0.9563193122329356,6.388678449983704,NCD_YFP_ilid,0.001,0.04,100.0,0.0,0.0,0.02,Both,100.0,1.0,60.0,300.0,100.0,4.0,27.2
10,10,44,55.87287328324287,4.562573001826849,356.79545454545456,355.02272727272725,-0.9023083967326521,17,114.9999999999999,0.9777514792899409,0.7245860250983885,4.0387157893370516,NCD_YFP_ilid,0.001,0.04,100.0,0.0,0.0,0.02,Both,100.0,1.0,60.0,300.0,100.0,4.0,27.2
11,11,71,81.90178745724307,1.9281912470324334,420.7887323943662,251.01408450704224,1.5480922111827204,18,125.69570366491605,0.9222826898714388,0.8489324674478316,7.479287398077959,NCD_YFP_ilid,0.001,0.04,100.0,0.0,0.0,0.02,Both,100.0,1.0,60.0,300.0,100.0,4.0,27.2
12,12,32,40.863045424637846,1.5639353004470042,488.28125,231.5,1.1282401710929097,20,116.48823529411773,0.8598263269218059,0.9547399094798188,3.7029013415740795,NCD_YFP_ilid,0.001,0.04,100.0,0.0,0.0,0.02,Both,100.0,1.0,60.0,300.0,100.0,4.0,27.2
