,index,area,major_axis_length,minor_axis_length,centroid-0,centroid-1,orientation,label,speed (nm/s),r^2,skele r^2,MT len (um),Motor Type,Motor_Conc_uM,MT_Conc_uM,ATP_Conc_uM,ADP_Conc_uM,P_Conc_uM,Flag_Conc_mg-ml,BSA_Caesin_Both,Acq_Time_s,Time_Interval_s,Cy5_exptime_ms,Cy5_gain,YFP_exptime_ms,YFP_gain,Temperature
0,0,15,18.035170960201118,2.0985041213753743,44.666666666666664,382.1333333333333,0.709309395926938,4,50.40909090909091,0.9615149758391258,0.9079865736054131,2.1241418806876453,NCD_YFP_ilid,0.001,0.04,300.0,0.0,0.0,0.02,Both,100.0,1.0,60.0,300.0,100.0,4.0,27.2
2,2,92,103.44490639283993,8.39378872754554,76.0,445.5,-1.1530472800792597,7,181.63527110208767,0.9920342005796132,0.8440598356414828,6.981278932048371,NCD_YFP_ilid,0.001,0.04,300.0,0.0,0.0,0.02,Both,100.0,1.0,60.0,300.0,100.0,4.0,27.2
3,3,41,39.05605589418311,7.361967199611059,115.07317073170732,272.6829268292683,0.18822641778295499,8,175.735,0.9687814267112582,0.9738553971916613,2.9576976718956014,NCD_YFP_ilid,0.001,0.04,300.0,0.0,0.0,0.02,Both,100.0,1.0,60.0,300.0,100.0,4.0,27.2
5,5,32,40.39631030959006,2.39413102634498,218.53125,342.65625,0.4302324990247492,20,23.873167420814433,0.8799388332331193,0.8762872740121175,6.091502748948545,NCD_YFP_ilid,0.001,0.04,300.0,0.0,0.0,0.02,Both,100.0,1.0,60.0,300.0,100.0,4.0,27.2
8,8,77,89.15776447321186,3.7312481494638683,343.0,151.62337662337663,0.07546674157169769,37,179.1195912614518,0.9694308391613885,0.8488200277046632,5.2536456625434615,NCD_YFP_ilid,0.001,0.04,300.0,0.0,0.0,0.02,Both,100.0,1.0,60.0,300.0,100.0,4.0,27.2
10,10,40,50.50150284407942,3.3403907689727776,385.45,268.5,-1.1528068264721603,52,65.10769230769235,0.9536566635160681,0.9548387096774194,3.618172560191437,NCD_YFP_ilid,0.001,0.04,300.0,0.0,0.0,0.02,Both,100.0,1.0,60.0,300.0,100.0,4.0,27.2
11,11,5,8.0,0.0,395.0,105.0,0.7853981633974483,55,11.932171020206997,0.9120410389929858,1.0,1.7865623815785256,NCD_YFP_ilid,0.001,0.04,300.0,0.0,0.0,0.02,Both,100.0,1.0,60.0,300.0,100.0,4.0,27.2
