,index,area,major_axis_length,minor_axis_length,centroid-0,centroid-1,orientation,label,speed (nm/s),r^2,skele r^2,MT len (um),Motor Type,Motor_Conc_uM,MT_Conc_uM,ATP_Conc_uM,ADP_Conc_uM,P_Conc_uM,Flag_Conc_mg-ml,BSA_Caesin_Both,Acq_Time_s,Time_Interval_s,Cy5_exptime_ms,Cy5_gain,YFP_exptime_ms,YFP_gain,Temperature
0,0,90,104.88933703072244,3.402659014157489,71.5,311.26666666666665,0.13636593485563897,1,176.58786556425807,0.9764180197879315,0.6958711611108276,7.9709128081591025,NCD_YFP_ilid,0.001,0.04,100.0,0.0,0.0,0.02,Both,100.0,1.0,60.0,300.0,100.0,4.0,27.2
2,2,29,28.923419729643264,8.394657461832717,192.58620689655172,97.96551724137932,1.0689570475023584,6,69.27878787878781,0.8543939694505057,0.5812338821662374,3.0029052633294744,NCD_YFP_ilid,0.001,0.04,100.0,0.0,0.0,0.02,Both,100.0,1.0,60.0,300.0,100.0,4.0,27.2
3,3,11,15.397465053479248,1.2097621552767535,227.0,126.0,0.9618933573109035,7,234.59999999999997,0.8203255158272458,0.2568494632964007,2.4250775551389334,NCD_YFP_ilid,0.001,0.04,100.0,0.0,0.0,0.02,Both,100.0,1.0,60.0,300.0,100.0,4.0,27.2
4,4,90,104.99283399749476,2.28772770744194,295.5,268.23333333333335,-0.14333667067888542,8,178.84106648366136,0.9692783818249961,0.7536850700734885,8.328083876866176,NCD_YFP_ilid,0.001,0.04,100.0,0.0,0.0,0.02,Both,100.0,1.0,60.0,300.0,100.0,4.0,27.2
5,5,82,75.01961556105266,13.375915063891329,330.4146341463415,215.85365853658536,-0.08415389566076324,13,134.9100021014792,0.9487224053523854,0.5667191262248459,5.078415458403281,NCD_YFP_ilid,0.001,0.04,100.0,0.0,0.0,0.02,Both,100.0,1.0,60.0,300.0,100.0,4.0,27.2
