,index,area,major_axis_length,minor_axis_length,centroid-0,centroid-1,orientation,label,speed (nm/s),r^2,skele r^2,MT len (um),Motor Type,Motor_Conc_uM,MT_Conc_uM,ATP_Conc_uM,ADP_Conc_uM,P_Conc_uM,Flag_Conc_mg-ml,BSA_Caesin_Both,Acq_Time_s,Time_Interval_s,Cy5_exptime_ms,Cy5_gain,YFP_exptime_ms,YFP_gain,Temperature
4,4,13,17.17489336831709,1.242476497205994,182.0,258.9230769230769,1.0039456431780036,25,92.93014705882352,0.8999553734431417,0.6915197027546474,2.4568697436385656,NCD_YFP_ilid,0.001,0.04,1420.0,0.0,0.0,0.02,Both,100.0,1.0,60.0,300.0,100.0,4.0,27.2
5,5,122,132.32705921203754,7.569179619428118,189.59016393442624,111.31967213114754,1.4723867877595782,26,179.14399508546978,0.9869488671614707,0.6145333092949059,8.159187111671887,NCD_YFP_ilid,0.001,0.04,1420.0,0.0,0.0,0.02,Both,100.0,1.0,60.0,300.0,100.0,4.0,27.2
7,7,14,16.1245154965971,0.0,219.5,96.0,0.0,34,129.37499999999972,0.9807407407407407,0.7421875000000011,2.5857697159307533,NCD_YFP_ilid,0.001,0.04,1420.0,0.0,0.0,0.02,Both,100.0,1.0,60.0,300.0,100.0,4.0,27.2
8,8,37,51.731286678319655,2.9763465761766756,238.0,128.83783783783784,-0.6007016759119447,35,40.85133897110636,0.8305282901638373,0.8488360791174614,3.519140657416901,NCD_YFP_ilid,0.001,0.04,1420.0,0.0,0.0,0.02,Both,100.0,1.0,60.0,300.0,100.0,4.0,27.2
10,10,22,26.34873628765674,1.6237789341508135,247.6818181818182,198.45454545454547,1.2596242060063318,41,113.0551470588234,0.8481510923494417,0.9632287328970851,3.048092067809061,NCD_YFP_ilid,0.001,0.04,1420.0,0.0,0.0,0.02,Both,100.0,1.0,60.0,300.0,100.0,4.0,27.2
13,13,60,60.904818249902746,5.5540578310598985,454.8666666666667,401.48333333333335,1.5422284678296223,61,115.77107279693494,0.94512241071663,0.959544543732135,5.975580411405901,NCD_YFP_ilid,0.001,0.04,1420.0,0.0,0.0,0.02,Both,100.0,1.0,60.0,300.0,100.0,4.0,27.2
