,index,area,major_axis_length,minor_axis_length,centroid-0,centroid-1,orientation,label,speed (nm/s),r^2,skele r^2,MT len (um),Motor Type,Motor_Conc_uM,MT_Conc_uM,ATP_Conc_uM,ADP_Conc_uM,P_Conc_uM,Flag_Conc_mg-ml,BSA_Caesin_Both,Acq_Time_s,Time_Interval_s,Cy5_exptime_ms,Cy5_gain,YFP_exptime_ms,YFP_gain,Temperature
5,5,19,21.51518305058101,3.9371728985346195,141.26315789473685,296.63157894736844,-0.5602199577937681,14,68.99999999999996,0.8805062458908611,0.9629629629629632,2.9214378910683996,NCD_YFP_ilid,0.001,0.04,300.0,0.0,0.0,0.02,Both,100.0,1.0,60.0,300.0,100.0,4.0,27.2
8,8,15,17.957823946552846,2.627399050635385,218.2,52.8,-0.45837468387981717,27,41.97499999999996,0.9579032964283479,0.9115646258503405,2.2538769514089547,NCD_YFP_ilid,0.001,0.04,300.0,0.0,0.0,0.02,Both,100.0,1.0,60.0,300.0,100.0,4.0,27.2
9,9,18,21.68091367854003,2.2905510339227177,225.55555555555554,296.3888888888889,0.34669579737309647,28,199.90833333333347,0.8649159947750104,0.9718421574459647,2.236562246296304,NCD_YFP_ilid,0.001,0.04,300.0,0.0,0.0,0.02,Both,100.0,1.0,60.0,300.0,100.0,4.0,27.2
12,12,17,22.433173046112753,1.1060448989323832,268.0,389.0,-0.5090793925074356,35,144.67482517482517,0.9939691239332414,0.9848771266540643,2.950909763260017,NCD_YFP_ilid,0.001,0.04,300.0,0.0,0.0,0.02,Both,100.0,1.0,60.0,300.0,100.0,4.0,27.2
13,14,65,62.849200573541566,6.400979884342681,343.95384615384614,342.26153846153846,0.0664899074790299,44,167.344391495601,0.9934637616677063,0.9785103495007021,3.9173186285992,NCD_YFP_ilid,0.001,0.04,300.0,0.0,0.0,0.02,Both,100.0,1.0,60.0,300.0,100.0,4.0,27.2
14,15,18,26.39290381788232,1.240195488677589,338.55555555555554,188.94444444444446,0.6879056704770262,46,118.06666666666717,0.9947407963936891,0.9770710059171597,2.8121410484678844,NCD_YFP_ilid,0.001,0.04,300.0,0.0,0.0,0.02,Both,100.0,1.0,60.0,300.0,100.0,4.0,27.2
16,17,9,13.155884899537178,1.2409578803275225,376.0,335.44444444444446,0.6715671841522765,54,55.00833333333331,0.9450723775530439,0.6666666666666673,2.1320412798773125,NCD_YFP_ilid,0.001,0.04,300.0,0.0,0.0,0.02,Both,100.0,1.0,60.0,300.0,100.0,4.0,27.2
