,index,area,major_axis_length,minor_axis_length,centroid-0,centroid-1,orientation,label,speed (nm/s),r^2,skele r^2,MT len (um),Motor Type,Motor_Conc_uM,MT_Conc_uM,ATP_Conc_uM,ADP_Conc_uM,P_Conc_uM,Flag_Conc_mg-ml,BSA_Caesin_Both,Acq_Time_s,Time_Interval_s,Cy5_exptime_ms,Cy5_gain,YFP_exptime_ms,YFP_gain,Temperature
4,4,17,19.685682433123947,1.3782280937955873,330.0,320.88235294117646,-0.09576955571612289,19,121.96969696969698,0.920768,0.7568411731225835,2.5928970300817276,NCD_YFP_ilid,0.001,0.04,70.0,0.0,0.0,0.02,Both,100.0,1.0,60.0,300.0,100.0,4.0,27.2
7,7,31,29.108693954801108,5.285724076574161,399.93548387096774,12.258064516129032,-0.033715252592257196,25,124.7824412360245,0.9402142563574051,0.9512213957830999,3.025786986312377,NCD_YFP_ilid,0.001,0.04,70.0,0.0,0.0,0.02,Both,100.0,1.0,60.0,300.0,100.0,4.0,27.2
