,index,area,major_axis_length,minor_axis_length,centroid-0,centroid-1,orientation,label,speed (nm/s),r^2,skele r^2,MT len (um),Motor Type,Motor_Conc_uM,MT_Conc_uM,ATP_Conc_uM,ADP_Conc_uM,P_Conc_uM,Flag_Conc_mg-ml,BSA_Caesin_Both,Acq_Time_s,Time_Interval_s,Cy5_exptime_ms,Cy5_gain,YFP_exptime_ms,YFP_gain,Temperature
9,10,20,25.919952962034156,1.1815407085398508,196.5,322.35,-0.4742920435756114,20,22.729411764705887,0.9149489795918367,0.5813140849489575,3.9663109042876408,NCD_YFP_ilid,0.001,0.04,2.0,0.0,0.0,0.02,Both,100.0,1.0,60.0,300.0,100.0,4.0,27.2
18,19,10,11.489125293076057,0.0,300.5,338.0,0.0,43,7.773613445378148,0.90399100323655,0.1664927674793243,2.143402010220045,NCD_YFP_ilid,0.001,0.04,2.0,0.0,0.0,0.02,Both,100.0,1.0,60.0,300.0,100.0,4.0,27.2
