,index,area,major_axis_length,minor_axis_length,centroid-0,centroid-1,orientation,label,speed (nm/s),r^2,skele r^2,MT len (um),Motor Type,Motor_Conc_uM,MT_Conc_uM,ATP_Conc_uM,ADP_Conc_uM,P_Conc_uM,Flag_Conc_mg-ml,BSA_Caesin_Both,Acq_Time_s,Time_Interval_s,Cy5_exptime_ms,Cy5_gain,YFP_exptime_ms,YFP_gain,Temperature
0,0,10,12.602466082275834,1.1566540732159998,95.8,367.5,-1.1453866122543515,25,195.5,1.0,0.8518518518518519,2.050603243178671,NCD_YFP_ilid,0.001,0.04,5000.0,0.0,0.0,0.02,Both,100.0,1.0,60.0,300.0,100.0,4.0,27.2
2,3,11,12.0652898169503,3.9015599524738134,326.0,158.36363636363637,-1.085026689587499,79,273.6999999999996,1.0,0.9583333333333333,2.438212245334506,NCD_YFP_ilid,0.001,0.04,5000.0,0.0,0.0,0.02,Both,100.0,1.0,60.0,300.0,100.0,4.0,27.2
