,index,area,major_axis_length,minor_axis_length,centroid-0,centroid-1,orientation,label,speed (nm/s),r^2,skele r^2,MT len (um),Motor Type,Motor_Conc_uM,MT_Conc_uM,ATP_Conc_uM,ADP_Conc_uM,P_Conc_uM,Flag_Conc_mg-ml,BSA_Caesin_Both,Acq_Time_s,Time_Interval_s,Cy5_exptime_ms,Cy5_gain,YFP_exptime_ms,YFP_gain,Temperature
4,5,24,27.73167583233218,1.2287030096808584,107.5,124.41666666666667,-0.055704291938405356,13,6.855248868778283,0.8558384275514286,0.26490173662359184,4.576009592521032,NCD_YFP_ilid,0.001,0.04,2.0,0.0,0.0,0.02,Both,100.0,1.0,60.0,300.0,100.0,4.0,27.2
9,10,22,25.45766029289574,1.2753590380683304,210.5,209.22727272727272,0.0796487731028955,20,7.190361990950221,0.806983182589468,0.39758524402145223,3.497502199970095,NCD_YFP_ilid,0.001,0.04,2.0,0.0,0.0,0.02,Both,100.0,1.0,60.0,300.0,100.0,4.0,27.2
17,18,15,22.27402576852551,1.2261042445963424,313.4,279.06666666666666,-0.8582578720228317,35,89.8553913660708,0.8328338560309462,0.451126358181968,2.749253309188539,NCD_YFP_ilid,0.001,0.04,2.0,0.0,0.0,0.02,Both,100.0,1.0,60.0,300.0,100.0,4.0,27.2
