,index,area,major_axis_length,minor_axis_length,centroid-0,centroid-1,orientation,label,speed (nm/s),r^2,skele r^2,MT len (um),Motor Type,Motor_Conc_uM,MT_Conc_uM,ATP_Conc_uM,ADP_Conc_uM,P_Conc_uM,Flag_Conc_mg-ml,BSA_Caesin_Both,Acq_Time_s,Time_Interval_s,Cy5_exptime_ms,Cy5_gain,YFP_exptime_ms,YFP_gain,Temperature
0,0,10,13.240809998125085,2.3067185770160124,64.4,291.5,-0.613063148662984,3,90.74545454545454,0.8397502601456815,0.9335180055401662,2.1754347171698063,NCD_YFP_ilid,0.001,0.04,5000.0,0.0,0.0,0.02,Both,100.0,1.0,60.0,300.0,100.0,4.0,27.2
4,4,14,19.21474679302832,2.02475384399869,276.57142857142856,187.64285714285714,-0.9180829683600125,20,135.12499999999991,0.9859665006790402,0.6305931321540059,2.735362382565412,NCD_YFP_ilid,0.001,0.04,5000.0,0.0,0.0,0.02,Both,100.0,1.0,60.0,300.0,100.0,4.0,27.2
5,5,23,34.2912258246341,1.7752546258160093,298.2173913043478,105.04347826086956,0.7423518420481197,21,81.89210526315783,0.9907713771755738,0.9553046191305891,3.609152337675415,NCD_YFP_ilid,0.001,0.04,5000.0,0.0,0.0,0.02,Both,100.0,1.0,60.0,300.0,100.0,4.0,27.2
