,index,area,major_axis_length,minor_axis_length,centroid-0,centroid-1,orientation,label,speed (nm/s),r^2,skele r^2,MT len (um),Motor Type,Motor_Conc_uM,MT_Conc_uM,ATP_Conc_uM,ADP_Conc_uM,P_Conc_uM,Flag_Conc_mg-ml,BSA_Caesin_Both,Acq_Time_s,Time_Interval_s,Cy5_exptime_ms,Cy5_gain,YFP_exptime_ms,YFP_gain,Temperature
4,5,123,117.08744790553976,12.78205335876567,302.4959349593496,115.04065040650407,-0.24101455245853487,28,252.61492374544926,0.8848587696268312,0.3366865968753706,12.702104290825801,NCD_YFP_ilid,0.001,0.04,70.0,0.0,0.0,0.02,Both,100.0,1.0,60.0,300.0,100.0,4.0,27.2
7,8,25,28.999973650052716,1.555354717178079,320.0,320.08,0.10377484168465112,35,130.1590909090909,0.918563679080445,0.9904378873066032,2.5841933237485515,NCD_YFP_ilid,0.001,0.04,70.0,0.0,0.0,0.02,Both,100.0,1.0,60.0,300.0,100.0,4.0,27.2
9,10,21,24.586374833496894,1.356922365659755,412.0,11.095238095238095,-0.17283216865530301,41,127.93749999999993,0.9370769683962461,0.9846451443880399,2.717652439265966,NCD_YFP_ilid,0.001,0.04,70.0,0.0,0.0,0.02,Both,100.0,1.0,60.0,300.0,100.0,4.0,27.2
