,index,area,major_axis_length,minor_axis_length,centroid-0,centroid-1,orientation,label,speed (nm/s),r^2,skele r^2,MT len (um),Motor Type,Motor_Conc_uM,MT_Conc_uM,ATP_Conc_uM,ADP_Conc_uM,P_Conc_uM,Flag_Conc_mg-ml,BSA_Caesin_Both,Acq_Time_s,Time_Interval_s,Cy5_exptime_ms,Cy5_gain,YFP_exptime_ms,YFP_gain,Temperature
6,6,20,23.148441811606656,1.1788306471502639,51.5,13.35,0.08497976346507784,11,8.187226890756294,0.9111023726661438,0.5884859294490665,3.6162206439182882,NCD_YFP_ilid,0.001,0.04,2.0,0.0,0.0,0.02,Both,100.0,1.0,60.0,300.0,100.0,4.0,27.2
7,7,28,33.608647597123834,1.5351761710031289,47.92857142857143,234.46428571428572,1.2677005075562255,12,143.82666666666665,0.8194637818370831,0.31998984463118263,2.808305683162296,NCD_YFP_ilid,0.001,0.04,2.0,0.0,0.0,0.02,Both,100.0,1.0,60.0,300.0,100.0,4.0,27.2
31,31,15,23.323807579381203,1.2507775359529327,414.8666666666667,77.86666666666666,-0.7853981633974483,64,12.226722689075615,0.9441551155277151,0.8378882487727122,4.247475350268476,NCD_YFP_ilid,0.001,0.04,2.0,0.0,0.0,0.02,Both,100.0,1.0,60.0,300.0,100.0,4.0,27.2
32,33,24,29.022781775089218,3.30997217712282,495.2916666666667,496.7083333333333,-0.7024228404419534,68,142.2166666666664,0.9320042719829117,0.6964134766332557,3.883132910959825,NCD_YFP_ilid,0.001,0.04,2.0,0.0,0.0,0.02,Both,100.0,1.0,60.0,300.0,100.0,4.0,27.2
