,index,area,major_axis_length,minor_axis_length,centroid-0,centroid-1,orientation,label,speed (nm/s),r^2,skele r^2,MT len (um),Motor Type,Motor_Conc_uM,MT_Conc_uM,ATP_Conc_uM,ADP_Conc_uM,P_Conc_uM,Flag_Conc_mg-ml,BSA_Caesin_Both,Acq_Time_s,Time_Interval_s,Cy5_exptime_ms,Cy5_gain,YFP_exptime_ms,YFP_gain,Temperature
1,1,66,91.79153699592851,1.3537209959297054,81.48484848484848,39.78787878787879,0.5934666326500557,2,81.98823529411763,0.9919580868977987,0.9968941856202268,,NCD_YFP_ilid,0.001,0.04,50.0,0.0,0.0,0.02,Both,100.0,1.0,60.0,300.0,100.0,4.0,27.2
6,6,11,14.102454371682132,1.1485328911535413,117.18181818181819,169.0,1.1111646956888812,8,78.48750000000003,0.8393600701293009,0.525163560364902,1.7346911643606113,NCD_YFP_ilid,0.001,0.04,50.0,0.0,0.0,0.02,Both,100.0,1.0,60.0,300.0,100.0,4.0,27.2
7,7,16,22.20388980149266,1.3180583003684538,147.25,74.625,-0.9222063351986064,11,169.62500000000009,0.8348175811548408,0.8101249842191641,3.1188043644946455,NCD_YFP_ilid,0.001,0.04,50.0,0.0,0.0,0.02,Both,100.0,1.0,60.0,300.0,100.0,4.0,27.2
11,11,21,28.98231438173613,1.1460518913301043,352.8095238095238,255.04761904761904,0.9702367782029989,22,64.79460784313726,0.8935747231993306,0.9881482064165531,2.499716912309911,NCD_YFP_ilid,0.001,0.04,50.0,0.0,0.0,0.02,Both,100.0,1.0,60.0,300.0,100.0,4.0,27.2
14,14,35,54.69788665136362,0.883852857990114,434.0,102.4,-0.7399741276764645,26,53.76588235294115,0.8610788950523646,0.7736087807735292,5.181614129203189,NCD_YFP_ilid,0.001,0.04,50.0,0.0,0.0,0.02,Both,100.0,1.0,60.0,300.0,100.0,4.0,27.2
