,index,area,major_axis_length,minor_axis_length,centroid-0,centroid-1,orientation,label,speed (nm/s),r^2,skele r^2,MT len (um),Motor Type,Motor_Conc_uM,MT_Conc_uM,ATP_Conc_uM,ADP_Conc_uM,P_Conc_uM,Flag_Conc_mg-ml,BSA_Caesin_Both,Acq_Time_s,Time_Interval_s,Cy5_exptime_ms,Cy5_gain,YFP_exptime_ms,YFP_gain,Temperature
19,19,12,14.130959711626192,1.0976641186111014,400.1666666666667,261.5,-1.3560000048878083,44,125.87272727272729,0.8825040562466198,0.803506758937214,1.7610594174736691,NCD_YFP_ilid,0.001,0.04,20.0,0.0,0.0,0.02,Both,100.0,1.0,60.0,300.0,100.0,4.0,27.2
22,22,19,22.07330191356676,3.61503964122102,488.0,163.31578947368422,0.12380422311399344,54,255.87499999999974,0.8314185919286283,0.8033240997229901,2.7615911603624137,NCD_YFP_ilid,0.001,0.04,20.0,0.0,0.0,0.02,Both,100.0,1.0,60.0,300.0,100.0,4.0,27.2
