,index,area,major_axis_length,minor_axis_length,centroid-0,centroid-1,orientation,label,speed (nm/s),r^2,skele r^2,MT len (um),Motor Type,Motor_Conc_uM,MT_Conc_uM,ATP_Conc_uM,ADP_Conc_uM,P_Conc_uM,Flag_Conc_mg-ml,BSA_Caesin_Both,Acq_Time_s,Time_Interval_s,Cy5_exptime_ms,Cy5_gain,YFP_exptime_ms,YFP_gain,Temperature
2,2,50,67.86613117591163,1.9198539564130856,146.5,76.42,-0.5540153022151029,11,100.34571428571431,0.9596994837938109,0.93406248238869,4.979788547783972,NCD_YFP_ilid,0.001,0.04,100.0,0.0,0.0,0.02,Both,100.0,1.0,60.0,300.0,100.0,4.0,27.2
8,8,17,21.503770092094435,1.237945275262823,218.0,36.94117647058823,-0.4251695314340319,24,57.47000000000002,0.904950391247219,0.8836414471457424,2.719814308117521,NCD_YFP_ilid,0.001,0.04,100.0,0.0,0.0,0.02,Both,100.0,1.0,60.0,300.0,100.0,4.0,27.2
9,9,91,84.09093135296615,11.515157538187122,238.5934065934066,42.417582417582416,1.2687675066496569,26,137.41762790570772,0.9694754664174097,0.8871670826583946,5.725005272232797,NCD_YFP_ilid,0.001,0.04,100.0,0.0,0.0,0.02,Both,100.0,1.0,60.0,300.0,100.0,4.0,27.2
11,11,32,37.99077948721776,3.3838844474352934,247.5,157.875,0.2375630495383659,28,126.40170940170945,0.9792142843897715,0.9739842131538353,3.038198584213245,NCD_YFP_ilid,0.001,0.04,100.0,0.0,0.0,0.02,Both,100.0,1.0,60.0,300.0,100.0,4.0,27.2
14,14,62,74.96123641825346,1.8206030651404428,314.85483870967744,217.5,-1.2693045983705245,36,114.07439024390234,0.9748858089987544,0.9847068694521736,5.574039145571759,NCD_YFP_ilid,0.001,0.04,100.0,0.0,0.0,0.02,Both,100.0,1.0,60.0,300.0,100.0,4.0,27.2
