,index,area,major_axis_length,minor_axis_length,centroid-0,centroid-1,orientation,label,speed (nm/s),r^2,skele r^2,MT len (um),Motor Type,Motor_Conc_uM,MT_Conc_uM,ATP_Conc_uM,ADP_Conc_uM,P_Conc_uM,Flag_Conc_mg-ml,BSA_Caesin_Both,Acq_Time_s,Time_Interval_s,Cy5_exptime_ms,Cy5_gain,YFP_exptime_ms,YFP_gain,Temperature
1,1,8,9.16515138991168,0.0,90.0,390.5,1.5707963267948966,5,13.429207805106033,0.9818657196982995,0.6666666666666664,1.3896986355476395,NCD_YFP_ilid,0.001,0.04,70.0,0.0,0.0,0.02,Both,100.0,1.0,60.0,300.0,100.0,4.0,27.2
2,2,60,72.50686444444413,1.7935525242452068,106.26666666666667,443.5,-1.2708863759727749,7,101.43728506787322,0.9961003403848963,0.9756039185477903,5.797871383909308,NCD_YFP_ilid,0.001,0.04,70.0,0.0,0.0,0.02,Both,100.0,1.0,60.0,300.0,100.0,4.0,27.2
3,3,51,69.07444383451022,2.9834777942765394,144.0,239.94117647058823,0.5508293142627989,8,111.24298642533932,0.9882274769780993,0.972557504111471,3.8067365763260543,NCD_YFP_ilid,0.001,0.04,70.0,0.0,0.0,0.02,Both,100.0,1.0,60.0,300.0,100.0,4.0,27.2
8,9,80,93.85836797251126,2.1440059553725592,160.025,123.5,-1.392354986450149,17,145.53380090497728,0.964245885321055,0.7556151662355699,8.49092097029599,NCD_YFP_ilid,0.001,0.04,70.0,0.0,0.0,0.02,Both,100.0,1.0,60.0,300.0,100.0,4.0,27.2
11,12,25,32.74248784558666,1.7690363709122088,275.0,219.6,-0.4937216539041169,28,103.68181818181824,0.9961483470662187,0.9793498227177581,2.6622853804380235,NCD_YFP_ilid,0.001,0.04,70.0,0.0,0.0,0.02,Both,100.0,1.0,60.0,300.0,100.0,4.0,27.2
12,13,49,68.95970102322994,6.221634779261332,350.7959183673469,155.55102040816325,-0.7847807611534714,34,63.56950226244341,0.9434071020018506,0.9440440587183913,4.127373123768541,NCD_YFP_ilid,0.001,0.04,70.0,0.0,0.0,0.02,Both,100.0,1.0,60.0,300.0,100.0,4.0,27.2
