,index,area,major_axis_length,minor_axis_length,centroid-0,centroid-1,orientation,label,speed (nm/s),r^2,skele r^2,MT len (um),Motor Type,Motor_Conc_uM,MT_Conc_uM,ATP_Conc_uM,ADP_Conc_uM,P_Conc_uM,Flag_Conc_mg-ml,BSA_Caesin_Both,Acq_Time_s,Time_Interval_s,Cy5_exptime_ms,Cy5_gain,YFP_exptime_ms,YFP_gain,Temperature
1,1,40,61.223638500707025,1.1207536458759584,166.725,231.5,-0.8542571114191782,9,28.615746606334795,0.9583160500689255,0.9168544950190944,7.62021989687617,NCD_YFP_ilid,0.001,0.04,20.0,0.0,0.0,0.02,Both,100.0,1.0,60.0,300.0,100.0,4.0,27.2
2,2,32,40.430660777982254,1.212866050199934,234.5,26.84375,0.41925444239403936,14,41.82357466063347,0.8995445595100178,0.7078542561323309,4.17350265146727,NCD_YFP_ilid,0.001,0.04,20.0,0.0,0.0,0.02,Both,100.0,1.0,60.0,300.0,100.0,4.0,27.2
9,9,14,19.267032721987114,1.3574515017759556,334.5,14.071428571428571,0.6594247544343772,24,64.39999999999999,0.9375,0.13333333333333341,2.764958634738786,NCD_YFP_ilid,0.001,0.04,20.0,0.0,0.0,0.02,Both,100.0,1.0,60.0,300.0,100.0,4.0,27.2
13,13,48,55.6671303037065,1.2263511256956403,488.25,358.5,1.4752961224761834,32,20.267058823529485,0.979868357106544,0.950340558121769,7.5416898658063225,NCD_YFP_ilid,0.001,0.04,20.0,0.0,0.0,0.02,Both,100.0,1.0,60.0,300.0,100.0,4.0,27.2
