,index,area,major_axis_length,minor_axis_length,centroid-0,centroid-1,orientation,label,speed (nm/s),r^2,skele r^2,MT len (um),Motor Type,Motor_Conc_uM,MT_Conc_uM,ATP_Conc_uM,ADP_Conc_uM,P_Conc_uM,Flag_Conc_mg-ml,BSA_Caesin_Both,Acq_Time_s,Time_Interval_s,Cy5_exptime_ms,Cy5_gain,YFP_exptime_ms,YFP_gain,Temperature
2,2,83,117.4907496445457,3.7112873250883163,80.37349397590361,247.46987951807228,0.9112543760565738,6,171.59045303850982,0.9933293896219724,0.9286955894400852,7.916779772085912,NCD_YFP_ilid,500.0,0.04,1420.0,0.0,0.0,0.02,Both,100.0,1.0,60.0,300.0,100.0,4.0,27.2
4,4,82,121.632336428157,2.842183472195384,355.1951219512195,119.97560975609755,0.7346982099798437,21,118.77574660633488,0.9914965748906209,0.9755542735650136,7.624350184243237,NCD_YFP_ilid,500.0,0.04,1420.0,0.0,0.0,0.02,Both,100.0,1.0,60.0,300.0,100.0,4.0,27.2
6,6,25,34.74951151324629,2.2903819748600784,392.04,248.6,-0.6061972464145025,23,130.41789215686282,0.885253855960231,0.9477116394153571,3.616769813030477,NCD_YFP_ilid,500.0,0.04,1420.0,0.0,0.0,0.02,Both,100.0,1.0,60.0,300.0,100.0,4.0,27.2
