,index,area,major_axis_length,minor_axis_length,centroid-0,centroid-1,orientation,label,speed (nm/s),r^2,skele r^2,MT len (um),Motor Type,Motor_Conc_uM,MT_Conc_uM,ATP_Conc_uM,ADP_Conc_uM,P_Conc_uM,Flag_Conc_mg-ml,BSA_Caesin_Both,Acq_Time_s,Time_Interval_s,Cy5_exptime_ms,Cy5_gain,YFP_exptime_ms,YFP_gain,Temperature
0,0,12,17.042435738828722,1.563417083436932,13.833333333333334,375.0,-0.786169767723196,1,32.40104746014091,0.8500815503151588,0.6211970041516462,1.7886404013367356,NCD_YFP_ilid,0.001,0.04,1420.0,0.0,0.0,0.02,Both,100.0,1.0,60.0,300.0,100.0,4.0,
1,1,30,36.39753207231917,1.8189414320934916,40.5,47.333333333333336,-0.31406185420809485,3,145.37352941176465,0.9391843274036794,0.8786879800962605,2.934843458879407,NCD_YFP_ilid,0.001,0.04,1420.0,0.0,0.0,0.02,Both,100.0,1.0,60.0,300.0,100.0,4.0,
3,3,9,10.840018429326317,1.1864150617635367,139.11111111111111,447.0,-1.2602760142657619,7,109.77272727272727,0.9902222222222222,0.9476833701052368,1.655773435518855,NCD_YFP_ilid,0.001,0.04,1420.0,0.0,0.0,0.02,Both,100.0,1.0,60.0,300.0,100.0,4.0,
4,4,14,19.45777444009549,1.487057621270578,196.85714285714286,465.5,-0.9747854647805796,8,129.75699300699307,0.976557610777288,0.9403292181069959,2.5727810208414246,NCD_YFP_ilid,0.001,0.04,1420.0,0.0,0.0,0.02,Both,100.0,1.0,60.0,300.0,100.0,4.0,
5,5,10,12.82010601043601,2.3248401840088824,288.8,348.5,-1.102719600708788,12,87.08636363636366,0.9577007273497635,0.8173185103258895,1.858941096311954,NCD_YFP_ilid,0.001,0.04,1420.0,0.0,0.0,0.02,Both,100.0,1.0,60.0,300.0,100.0,4.0,
7,7,21,31.16623746536557,1.4202521520301206,381.95238095238096,464.85714285714283,-0.6967502772751002,16,141.9090909090909,0.9774251442820084,0.989867906107818,2.1537221673672073,NCD_YFP_ilid,0.001,0.04,1420.0,0.0,0.0,0.02,Both,100.0,1.0,60.0,300.0,100.0,4.0,
9,9,17,20.133958683319673,1.4483632766964603,391.0,415.94117647058823,0.2323149634779819,18,158.2377450980393,0.9686631302044142,0.9477459568122959,2.104874888647872,NCD_YFP_ilid,0.001,0.04,1420.0,0.0,0.0,0.02,Both,100.0,1.0,60.0,300.0,100.0,4.0,
11,11,11,15.670178906131575,1.205718670602289,466.27272727272725,385.1818181818182,0.8374963810287652,20,75.9308565531476,0.9653433820607233,0.9516129032258065,2.169735394886356,NCD_YFP_ilid,0.001,0.04,1420.0,0.0,0.0,0.02,Both,100.0,1.0,60.0,300.0,100.0,4.0,
