,index,area,major_axis_length,minor_axis_length,centroid-0,centroid-1,orientation,label,speed (nm/s),r^2,skele r^2,MT len (um),Motor Type,Motor_Conc_uM,MT_Conc_uM,ATP_Conc_uM,ADP_Conc_uM,P_Conc_uM,Flag_Conc_mg-ml,BSA_Caesin_Both,Acq_Time_s,Time_Interval_s,Cy5_exptime_ms,Cy5_gain,YFP_exptime_ms,YFP_gain,Temperature
5,5,8,9.16515138991168,0.0,96.0,395.5,1.5707963267948966,7,160.99999999999955,0.9166666666666655,0.6874999999999973,1.1974095647213385,NCD_YFP_ilid,0.001,0.04,20.0,0.0,40000.0,0.02,Both,100.0,1.0,60.0,300.0,100.0,4.0,
20,20,19,22.11896862360737,1.2153142806393487,350.0,323.4736842105263,-0.13813884735559112,28,12.304033613445378,0.8962111097391509,0.8946726665698944,3.147822886283742,NCD_YFP_ilid,0.001,0.04,20.0,0.0,40000.0,0.02,Both,100.0,1.0,60.0,300.0,100.0,4.0,
23,23,17,22.205078264667666,1.2451571045457825,365.70588235294116,105.0,-1.0803054310651212,31,26.57105263157893,0.8550962271885261,0.5061728395061706,2.8562116696502744,NCD_YFP_ilid,0.001,0.04,20.0,0.0,40000.0,0.02,Both,100.0,1.0,60.0,300.0,100.0,4.0,
27,27,33,42.8593027982756,1.2864691787359923,476.42424242424244,413.0,1.0941958250705273,39,16.509747899159667,0.9805232492323386,0.8308809590436642,6.164673920168233,NCD_YFP_ilid,0.001,0.04,20.0,0.0,40000.0,0.02,Both,100.0,1.0,60.0,300.0,100.0,4.0,
