,index,area,major_axis_length,minor_axis_length,centroid-0,centroid-1,orientation,label,speed (nm/s),r^2,skele r^2,MT len (um),Motor Type,Motor_Conc_uM,MT_Conc_uM,ATP_Conc_uM,ADP_Conc_uM,P_Conc_uM,Flag_Conc_mg-ml,BSA_Caesin_Both,Acq_Time_s,Time_Interval_s,Cy5_exptime_ms,Cy5_gain,YFP_exptime_ms,YFP_gain,Temperature
0,0,20,28.091374419332,1.369190721886399,60.75,70.5,-0.9624642264153193,1,135.69999999999996,0.9883414727568707,0.9857811257803438,2.5944807400283465,NCD_YFP_ilid,0.001,0.04,1420.0,0.0,10000.0,0.02,Both,100.0,1.0,60.0,300.0,100.0,4.0,
1,1,136,83.83344660205626,39.56490151020502,109.42647058823529,366.125,-1.20827675323896,2,144.7178733031674,0.9908027351414564,0.9859023965911092,6.732633227935608,NCD_YFP_ilid,0.001,0.04,1420.0,0.0,10000.0,0.02,Both,100.0,1.0,60.0,300.0,100.0,4.0,
3,3,21,26.508942466367504,2.2470451586924134,119.95238095238095,427.0,1.1506886266121288,5,156.2230769230772,0.962169531697895,0.9790638284309624,2.3596594801520627,NCD_YFP_ilid,0.001,0.04,1420.0,0.0,10000.0,0.02,Both,100.0,1.0,60.0,300.0,100.0,4.0,
5,5,23,26.81214260875581,1.3206700603369024,190.7826086956522,69.0,-1.4261949908999574,12,127.25192307692309,0.9813576760734308,0.875395493163495,2.626808227437541,NCD_YFP_ilid,0.001,0.04,1420.0,0.0,10000.0,0.02,Both,100.0,1.0,60.0,300.0,100.0,4.0,
6,6,35,41.6863109939862,1.7090533835336081,284.0285714285714,262.9142857142857,0.2670953944650049,16,188.4545454545456,0.9880293084378693,0.9795586425320079,2.182977602340835,NCD_YFP_ilid,0.001,0.04,1420.0,0.0,10000.0,0.02,Both,100.0,1.0,60.0,300.0,100.0,4.0,
7,7,60,75.94003432791382,2.5157432406844737,294.4166666666667,417.48333333333335,1.1447921877523144,17,173.15877828054292,0.9936186547904129,0.9903031894812864,2.745839181329489,NCD_YFP_ilid,0.001,0.04,1420.0,0.0,10000.0,0.02,Both,100.0,1.0,60.0,300.0,100.0,4.0,
8,8,26,30.512114963412678,1.5892241374005551,396.46153846153845,258.5,1.3870712269130816,22,170.55384615384637,0.9905476834076549,0.9824268119304446,2.45582226783493,NCD_YFP_ilid,0.001,0.04,1420.0,0.0,10000.0,0.02,Both,100.0,1.0,60.0,300.0,100.0,4.0,
