,index,area,major_axis_length,minor_axis_length,centroid-0,centroid-1,orientation,label,speed (nm/s),r^2,skele r^2,MT len (um),Motor Type,Motor_Conc_uM,MT_Conc_uM,ATP_Conc_uM,ADP_Conc_uM,P_Conc_uM,Flag_Conc_mg-ml,BSA_Caesin_Both,Acq_Time_s,Time_Interval_s,Cy5_exptime_ms,Cy5_gain,YFP_exptime_ms,YFP_gain,Temperature
1,1,37,43.91254075891769,1.584696270659572,69.83783783783784,478.0,1.335908322942864,5,55.047794117647065,0.9342814198173198,0.5136700336700333,3.50051176392246,NCD_YFP_ilid,0.001,0.04,20.0,0.0,0.0,0.02,Both,100.0,1.0,60.0,300.0,100.0,4.0,
11,11,34,48.70343221085358,1.0733878474370664,382.5,209.5,0.6340326941843707,26,19.992605042016795,0.9661297162602603,0.8423833865498279,6.671585871466969,NCD_YFP_ilid,0.001,0.04,20.0,0.0,0.0,0.02,Both,100.0,1.0,60.0,300.0,100.0,4.0,
14,15,32,38.218403141264744,1.5694063628536137,421.84375,204.5,1.3104178466502792,30,18.755630252100875,0.9597188060914701,0.605369317977893,5.141598981936416,NCD_YFP_ilid,0.001,0.04,20.0,0.0,0.0,0.02,Both,100.0,1.0,60.0,300.0,100.0,4.0,
