,index,area,major_axis_length,minor_axis_length,centroid-0,centroid-1,orientation,label,speed (nm/s),r^2,skele r^2,MT len (um),Motor Type,Motor_Conc_uM,MT_Conc_uM,ATP_Conc_uM,ADP_Conc_uM,P_Conc_uM,Flag_Conc_mg-ml,BSA_Caesin_Both,Acq_Time_s,Time_Interval_s,Cy5_exptime_ms,Cy5_gain,YFP_exptime_ms,YFP_gain,Temperature
2,2,24,25.20795881366047,3.7122815991004368,17.083333333333332,251.0,1.4517099251761219,3,38.61085972850681,0.953366559867094,0.8169543943259037,2.6209805527527252,NCD_YFP_ilid,0.001,0.04,20.0,0.0,0.0,0.02,Both,100.0,1.0,60.0,300.0,100.0,4.0,
3,3,32,37.769251875410056,1.5709830590538012,48.5,440.46875,0.21108851614202073,5,33.33647058823525,0.8523993761919894,0.7545466753657666,4.925946780107231,NCD_YFP_ilid,0.001,0.04,20.0,0.0,0.0,0.02,Both,100.0,1.0,60.0,300.0,100.0,4.0,
12,12,13,17.957214106356766,1.5689290811054786,269.0,241.0,0.5880026035475675,19,15.45891402714931,0.9008081635384491,0.8191202829510488,2.799694236576422,NCD_YFP_ilid,0.001,0.04,20.0,0.0,0.0,0.02,Both,100.0,1.0,60.0,300.0,100.0,4.0,
17,17,20,24.1263369322803,2.821323489089396,325.5,118.65,0.2998178017080797,27,69.34401709401709,0.8634680465305589,0.7836095144862218,2.963415572828314,NCD_YFP_ilid,0.001,0.04,20.0,0.0,0.0,0.02,Both,100.0,1.0,60.0,300.0,100.0,4.0,
23,23,52,69.66674280153335,2.857664990888638,370.1730769230769,200.94230769230768,0.5910942805879686,34,75.61900452488685,0.9637063890714196,0.9699607981912348,6.363202381137114,NCD_YFP_ilid,0.001,0.04,20.0,0.0,0.0,0.02,Both,100.0,1.0,60.0,300.0,100.0,4.0,
24,24,30,43.64326661214761,1.6582291353867202,368.73333333333335,393.3333333333333,-0.7630702026519501,36,59.28588235294114,0.9704291598258057,0.9458719319867535,4.545177873480642,NCD_YFP_ilid,0.001,0.04,20.0,0.0,0.0,0.02,Both,100.0,1.0,60.0,300.0,100.0,4.0,
