,index,area,major_axis_length,minor_axis_length,centroid-0,centroid-1,orientation,label,speed (nm/s),r^2,skele r^2,MT len (um),Motor Type,Motor_Conc_uM,MT_Conc_uM,ATP_Conc_uM,ADP_Conc_uM,P_Conc_uM,Flag_Conc_mg-ml,BSA_Caesin_Both,Acq_Time_s,Time_Interval_s,Cy5_exptime_ms,Cy5_gain,YFP_exptime_ms,YFP_gain,Temperature
0,0,53,61.35506085177626,1.883603968197248,81.0,481.8301886792453,0.07379486627160858,2,222.64279352226717,0.9866562352447958,0.9888569424914194,4.075724511846226,NCD_YFP_ilid,0.001,0.04,1420.0,0.0,5000.0,0.02,Both,100.0,1.0,60.0,300.0,100.0,4.0,
1,1,60,92.03500247540605,1.9477871823066022,91.23333333333333,365.85,0.7630428971817885,4,134.463025210084,0.9964253177732021,0.9878977225068619,4.655552386173557,NCD_YFP_ilid,0.001,0.04,1420.0,0.0,5000.0,0.02,Both,100.0,1.0,60.0,300.0,100.0,4.0,
2,2,18,23.754503415556346,1.075019183900431,73.27777777777777,80.5,-1.0620299650754965,6,145.87575757575726,0.97789733895594,0.9537300995570368,2.534945090642353,NCD_YFP_ilid,0.001,0.04,1420.0,0.0,5000.0,0.02,Both,100.0,1.0,60.0,300.0,100.0,4.0,
3,3,20,24.159134178670733,3.1202941747507857,152.8,371.85,-0.5348376178970126,9,125.61538461538453,0.9644415790517754,0.9597222222222221,2.620823858447854,NCD_YFP_ilid,0.001,0.04,1420.0,0.0,5000.0,0.02,Both,100.0,1.0,60.0,300.0,100.0,4.0,
8,8,49,59.17849354062361,2.101948812326709,265.0,368.16326530612247,-0.29829157006274165,18,222.10862068965517,0.9719386261303798,0.9566830617283951,3.1162261796310826,NCD_YFP_ilid,0.001,0.04,1420.0,0.0,5000.0,0.02,Both,100.0,1.0,60.0,300.0,100.0,4.0,
9,9,57,78.12067126171662,3.2811794632727325,387.5964912280702,161.0,-1.0011316400865646,20,129.98952328159632,0.9806482094266197,0.9441101328394594,5.07446997387529,NCD_YFP_ilid,0.001,0.04,1420.0,0.0,5000.0,0.02,Both,100.0,1.0,60.0,300.0,100.0,4.0,
