,index,area,major_axis_length,minor_axis_length,centroid-0,centroid-1,orientation,label,speed (nm/s),r^2,skele r^2,MT len (um),Motor Type,Motor_Conc_uM,MT_Conc_uM,ATP_Conc_uM,ADP_Conc_uM,P_Conc_uM,Flag_Conc_mg-ml,BSA_Caesin_Both,Acq_Time_s,Time_Interval_s,Cy5_exptime_ms,Cy5_gain,YFP_exptime_ms,YFP_gain,Temperature
0,0,23,27.382127295944382,2.146746081248347,14.391304347826088,398.95652173913044,1.2820523009315477,2,147.18181818181827,0.9929058154001223,0.966922322704598,2.4231276499076095,NCD_YFP_ilid,0.001,0.04,1420.0,0.0,0.0,0.02,Both,100.0,1.0,60.0,300.0,100.0,4.0,
1,1,10,15.410858108304172,0.9515526079600254,37.5,434.5,0.8396065368745106,4,72.44999999999993,0.9333696441539577,0.9542143600416233,2.3818875412247915,NCD_YFP_ilid,0.001,0.04,1420.0,0.0,0.0,0.02,Both,100.0,1.0,60.0,300.0,100.0,4.0,
2,2,17,19.61305392933775,1.726874287156827,85.0,319.3529411764706,0.041968120016199977,7,107.80244755244759,0.9929783419342963,0.9755513477389174,1.6619775858921506,NCD_YFP_ilid,0.001,0.04,1420.0,0.0,0.0,0.02,Both,100.0,1.0,60.0,300.0,100.0,4.0,
3,3,21,30.525429464212618,1.7788036485059604,134.0,43.42857142857143,0.6556028186158194,11,130.35350877192982,0.9893523990849002,0.9927019032921811,2.2474375068199923,NCD_YFP_ilid,0.001,0.04,1420.0,0.0,0.0,0.02,Both,100.0,1.0,60.0,300.0,100.0,4.0,
4,4,12,14.747966772635584,1.0261732937434753,246.91666666666666,93.5,1.210970857692482,13,155.14545454545495,0.9766227601756261,0.8565062149319443,2.057941023752727,NCD_YFP_ilid,0.001,0.04,1420.0,0.0,0.0,0.02,Both,100.0,1.0,60.0,300.0,100.0,4.0,
5,5,22,27.968543933425035,2.6613651184420473,275.5,134.9090909090909,0.4359813893566538,15,149.72727272727272,0.990236705695513,0.9912733086462933,1.5086159911586674,NCD_YFP_ilid,0.001,0.04,1420.0,0.0,0.0,0.02,Both,100.0,1.0,60.0,300.0,100.0,4.0,
6,6,24,27.94600415618909,1.1149322510736577,314.5,209.66666666666666,0.13590057990892218,18,201.8249999999997,0.9865233777864357,0.9758041720843462,2.3960954807310992,NCD_YFP_ilid,0.001,0.04,1420.0,0.0,0.0,0.02,Both,100.0,1.0,60.0,300.0,100.0,4.0,
7,7,22,27.00786755193991,2.048151607575756,334.1818181818182,408.54545454545456,1.1903465349500013,20,192.24300699300693,0.9917725819901434,0.9643869197151238,2.738056602845971,NCD_YFP_ilid,0.001,0.04,1420.0,0.0,0.0,0.02,Both,100.0,1.0,60.0,300.0,100.0,4.0,
