,index,area,major_axis_length,minor_axis_length,centroid-0,centroid-1,orientation,label,speed (nm/s),r^2,skele r^2,MT len (um),Motor Type,Motor_Conc_uM,MT_Conc_uM,ATP_Conc_uM,ADP_Conc_uM,P_Conc_uM,Flag_Conc_mg-ml,BSA_Caesin_Both,Acq_Time_s,Time_Interval_s,Cy5_exptime_ms,Cy5_gain,YFP_exptime_ms,YFP_gain,Temperature
0,0,39,44.074887949616965,2.9117941989172995,99.66666666666667,446.15384615384613,1.5705842111991761,5,143.6818181818182,0.9937581572152142,0.9895050768388925,2.7666967665799453,NCD_YFP_ilid,0.001,0.04,1420.0,0.0,5000.0,0.02,Both,100.0,1.0,60.0,300.0,100.0,4.0,
1,1,30,46.315365836379755,2.010582750811997,130.1,456.6333333333333,-0.8183359394360821,6,105.63859649122809,0.9804898624495982,0.9824973188312545,3.5766516838517104,NCD_YFP_ilid,0.001,0.04,1420.0,0.0,5000.0,0.02,Both,100.0,1.0,60.0,300.0,100.0,4.0,
3,3,66,83.68888372390543,5.286462170215742,226.57575757575756,282.40909090909093,-1.1275469228033383,10,181.1468111713214,0.9787349568584713,0.983537755617119,3.298876079688123,NCD_YFP_ilid,0.001,0.04,1420.0,0.0,5000.0,0.02,Both,100.0,1.0,60.0,300.0,100.0,4.0,
6,6,64,76.9928704766474,4.605135260358568,291.65625,439.5,-1.2854887800546708,22,185.3065546218487,0.9367997346964021,0.9268279147320174,4.043537007883926,NCD_YFP_ilid,0.001,0.04,1420.0,0.0,5000.0,0.02,Both,100.0,1.0,60.0,300.0,100.0,4.0,
11,11,18,22.160342153699876,1.4843133928643018,402.5,418.44444444444446,0.3592106971120831,35,130.14166666666685,0.9867857016331881,0.8804319411208753,1.1977238224088966,NCD_YFP_ilid,0.001,0.04,1420.0,0.0,5000.0,0.02,Both,100.0,1.0,60.0,300.0,100.0,4.0,
12,12,27,30.264292213313666,4.647364205250398,440.44444444444446,198.14814814814815,1.5587209060092537,36,187.98076923076937,0.9644844290657439,0.9701436130007558,2.3534167226369127,NCD_YFP_ilid,0.001,0.04,1420.0,0.0,5000.0,0.02,Both,100.0,1.0,60.0,300.0,100.0,4.0,
13,13,67,79.11667215895098,1.5904289620183745,455.2985074626866,198.0,-1.3594091557604293,37,193.10336134453783,0.9972560759593052,0.9956180631844674,3.326074215723159,NCD_YFP_ilid,0.001,0.04,1420.0,0.0,5000.0,0.02,Both,100.0,1.0,60.0,300.0,100.0,4.0,
