,index,area,major_axis_length,minor_axis_length,centroid-0,centroid-1,orientation,label,speed (nm/s),r^2,skele r^2,MT len (um),Motor Type,Motor_Conc_uM,MT_Conc_uM,ATP_Conc_uM,ADP_Conc_uM,P_Conc_uM,Flag_Conc_mg-ml,BSA_Caesin_Both,Acq_Time_s,Time_Interval_s,Cy5_exptime_ms,Cy5_gain,YFP_exptime_ms,YFP_gain,Temperature
0,0,19,22.500801141780947,1.6699521615293755,13.0,263.1578947368421,-0.23052469711743923,1,160.11538461538464,0.9773816428069961,0.974753027469926,2.545636706974301,NCD_YFP_ilid,0.001,0.04,1420.0,0.0,0.0,0.02,Both,100.0,1.0,60.0,300.0,100.0,4.0,
2,2,41,41.06210294582816,7.886468448744315,139.46341463414635,489.1707317073171,-0.5180633081993209,5,115.18562326417252,0.9182262865740648,0.9627370980511901,2.8358389903885852,NCD_YFP_ilid,0.001,0.04,1420.0,0.0,0.0,0.02,Both,100.0,1.0,60.0,300.0,100.0,4.0,
4,4,11,10.945461925627951,3.70817775233245,170.8181818181818,355.72727272727275,-1.04790963395476,8,79.61538461538446,0.9482716049382715,0.9547274490089054,1.7449938672031449,NCD_YFP_ilid,0.001,0.04,1420.0,0.0,0.0,0.02,Both,100.0,1.0,60.0,300.0,100.0,4.0,
5,5,13,18.2655305050667,1.0675327337878766,207.0,27.0,-0.6116451723370404,10,88.46153846153838,0.9964,0.8699579456803507,2.272518930052748,NCD_YFP_ilid,0.001,0.04,1420.0,0.0,0.0,0.02,Both,100.0,1.0,60.0,300.0,100.0,4.0,
6,6,19,21.986769721050095,1.4103756413031527,205.6315789473684,240.0,1.4864360651825452,11,163.9272727272727,0.9772002551020408,0.9143326151636403,2.477914176626691,NCD_YFP_ilid,0.001,0.04,1420.0,0.0,0.0,0.02,Both,100.0,1.0,60.0,300.0,100.0,4.0,
7,7,21,28.634281580523094,1.1252230819245919,227.0,43.095238095238095,0.5630685195794759,12,147.74117647058827,0.9836045364891519,0.981986093586405,2.3759733595628734,NCD_YFP_ilid,0.001,0.04,1420.0,0.0,0.0,0.02,Both,100.0,1.0,60.0,300.0,100.0,4.0,
9,9,29,34.602899634922544,1.4709563551105702,384.0,32.827586206896555,0.25724132152042306,17,203.9333333333334,0.9641043397968606,0.8286564625850329,2.663093308803372,NCD_YFP_ilid,0.001,0.04,1420.0,0.0,0.0,0.02,Both,100.0,1.0,60.0,300.0,100.0,4.0,
