,index,area,major_axis_length,minor_axis_length,centroid-0,centroid-1,orientation,label,speed (nm/s),r^2,skele r^2,MT len (um),Motor Type,Motor_Conc_uM,MT_Conc_uM,ATP_Conc_uM,ADP_Conc_uM,P_Conc_uM,Flag_Conc_mg-ml,BSA_Caesin_Both,Acq_Time_s,Time_Interval_s,Cy5_exptime_ms,Cy5_gain,YFP_exptime_ms,YFP_gain,Temperature
14,15,22,28.344082450776977,1.2404071340762934,218.5,291.8181818181818,-0.46211396000399724,24,9.53615384615382,0.8647476491812078,0.43777045591166885,4.632754427188311,NCD_YFP_ilid,0.001,0.04,20.0,0.0,0.0,0.02,Both,100.0,1.0,60.0,300.0,100.0,4.0,
17,18,30,35.77081540481013,1.1565699995621694,251.83333333333334,441.5,-1.3165108373733128,27,19.13787330316741,0.9197951040571284,0.7947323746799612,4.901905827675757,NCD_YFP_ilid,0.001,0.04,20.0,0.0,0.0,0.02,Both,100.0,1.0,60.0,300.0,100.0,4.0,
22,23,24,28.879881590584958,1.3873217132353282,340.5,164.20833333333334,-0.2885479658026871,35,39.372694821518344,0.8312495937620591,0.31804373147171106,4.999121286196757,NCD_YFP_ilid,0.001,0.04,20.0,0.0,0.0,0.02,Both,100.0,1.0,60.0,300.0,100.0,4.0,
