,index,area,major_axis_length,minor_axis_length,centroid-0,centroid-1,orientation,label,speed (nm/s),r^2,skele r^2,MT len (um),Motor Type,Motor_Conc_uM,MT_Conc_uM,ATP_Conc_uM,ADP_Conc_uM,P_Conc_uM,Flag_Conc_mg-ml,BSA_Caesin_Both,Acq_Time_s,Time_Interval_s,Cy5_exptime_ms,Cy5_gain,YFP_exptime_ms,YFP_gain,Temperature
3,3,59,80.55705544377784,4.593883504944614,166.4915254237288,338.6779661016949,-0.6031693446062704,7,159.92464777420244,0.9773293524984885,0.9962174444453228,3.41983001808038,NCD_YFP_ilid,0.001,0.04,1420.0,0.0,5000.0,0.02,Both,100.0,1.0,60.0,300.0,100.0,4.0,
5,5,78,90.07364744320549,2.5708313221060126,298.5897435897436,359.5,-1.5529028008912018,11,194.6567249240122,0.9886440070977843,0.9748922426865851,4.450835500762091,NCD_YFP_ilid,0.001,0.04,1420.0,0.0,5000.0,0.02,Both,100.0,1.0,60.0,300.0,100.0,4.0,
6,6,13,15.040043017057124,1.0979025770713375,299.6923076923077,73.0,1.4716859376221412,12,46.366421568627494,0.801412403802626,0.7199999999999991,2.6175597515257225,NCD_YFP_ilid,0.001,0.04,1420.0,0.0,5000.0,0.02,Both,100.0,1.0,60.0,300.0,100.0,4.0,
7,7,13,18.589136029053158,1.3077820470961428,400.0769230769231,146.53846153846155,0.6777361247919325,16,78.54848484848505,0.9547856949963354,0.730158730158732,2.8035978188453865,NCD_YFP_ilid,0.001,0.04,1420.0,0.0,5000.0,0.02,Both,100.0,1.0,60.0,300.0,100.0,4.0,
8,8,14,18.20521082023589,1.0296091050167901,404.5,163.42857142857142,0.48361818835350956,17,102.26153846153856,0.9610397385088781,0.9629629629629628,2.955531725390594,NCD_YFP_ilid,0.001,0.04,1420.0,0.0,5000.0,0.02,Both,100.0,1.0,60.0,300.0,100.0,4.0,
9,9,14,19.664006733854393,1.407089334555139,406.2142857142857,281.85714285714283,-0.8320441209422291,18,111.35833333333352,0.9548555668456963,0.933518005540167,1.8216394990998488,NCD_YFP_ilid,0.001,0.04,1420.0,0.0,5000.0,0.02,Both,100.0,1.0,60.0,300.0,100.0,4.0,
10,10,17,21.370089197907344,1.473261262013042,418.29411764705884,171.0,-1.1594022900724326,21,122.60769230769247,0.979893763443547,0.9744132231404958,2.216078488598632,NCD_YFP_ilid,0.001,0.04,1420.0,0.0,5000.0,0.02,Both,100.0,1.0,60.0,300.0,100.0,4.0,
12,12,19,24.631033151190284,1.6524189703104293,475.7368421052632,471.0,-1.095053711324314,23,158.46678321678309,0.9841645923313216,0.9791960302391408,2.8691327389418015,NCD_YFP_ilid,0.001,0.04,1420.0,0.0,5000.0,0.02,Both,100.0,1.0,60.0,300.0,100.0,4.0,
