,index,area,major_axis_length,minor_axis_length,centroid-0,centroid-1,orientation,label,speed (nm/s),r^2,skele r^2,MT len (um),Motor Type,Motor_Conc_uM,MT_Conc_uM,ATP_Conc_uM,ADP_Conc_uM,P_Conc_uM,Flag_Conc_mg-ml,BSA_Caesin_Both,Acq_Time_s,Time_Interval_s,Cy5_exptime_ms,Cy5_gain,YFP_exptime_ms,YFP_gain,Temperature
5,5,108,122.27937301100113,9.753853191730483,121.63888888888889,77.13888888888889,-0.20356809602999093,8,285.062851328521,0.881521989153605,0.8901472773520585,10.25464754872445,NCD_YFP_ilid,0.001,0.04,1420.0,0.0,20000.0,0.02,Both,100.0,1.0,60.0,300.0,100.0,4.0,
15,15,82,109.81530101305219,3.7319491549889934,356.4390243902439,420.8292682926829,-0.620189068915706,32,168.4910958481335,0.9320020623761638,0.922746781288738,8.160403913015616,NCD_YFP_ilid,0.001,0.04,1420.0,0.0,20000.0,0.02,Both,100.0,1.0,60.0,300.0,100.0,4.0,
18,18,66,93.13491471807941,4.39129097160582,415.5,476.6060606060606,0.6133337584371913,36,156.64799154334048,0.9920761941854801,0.9788827804590615,4.141476964702529,NCD_YFP_ilid,0.001,0.04,1420.0,0.0,20000.0,0.02,Both,100.0,1.0,60.0,300.0,100.0,4.0,
21,21,28,38.95491318297829,1.533451531839894,482.7857142857143,225.5,-0.9775923126891655,43,66.10133481646275,0.968349841473458,0.9169724720535938,2.9836685972030903,NCD_YFP_ilid,0.001,0.04,1420.0,0.0,20000.0,0.02,Both,100.0,1.0,60.0,300.0,100.0,4.0,
