,index,area,major_axis_length,minor_axis_length,centroid-0,centroid-1,orientation,label,speed (nm/s),r^2,skele r^2,MT len (um),Motor Type,Motor_Conc_uM,MT_Conc_uM,ATP_Conc_uM,ADP_Conc_uM,P_Conc_uM,Flag_Conc_mg-ml,BSA_Caesin_Both,Acq_Time_s,Time_Interval_s,Cy5_exptime_ms,Cy5_gain,YFP_exptime_ms,YFP_gain,Temperature
4,4,51,61.35957978158856,1.8335295521384183,158.35294117647058,63.0,-1.2853159453150005,14,20.185882352941167,0.9584630091497819,0.9908134199835459,8.583565134868222,NCD_YFP_ilid,0.001,0.04,20.0,0.0,0.0,0.02,Both,100.0,1.0,60.0,300.0,100.0,4.0,
5,5,22,28.446200270908108,1.667522802287226,163.95454545454547,140.5,1.1011224435238922,16,10.985882352941179,0.8964789245067827,0.35119035151274025,3.703905051275734,NCD_YFP_ilid,0.001,0.04,20.0,0.0,0.0,0.02,Both,100.0,1.0,60.0,300.0,100.0,4.0,
14,14,21,30.40398161032193,2.113918290408939,263.0,230.42857142857142,-0.6509127415530042,29,15.463636363636391,0.8553831312726473,0.6741322980359408,2.7195436257077206,NCD_YFP_ilid,0.001,0.04,20.0,0.0,0.0,0.02,Both,100.0,1.0,60.0,300.0,100.0,4.0,
19,19,23,26.70148878718685,1.6811715431700225,325.0,490.04347826086956,-0.11262368642111095,36,145.9280303030305,0.8121138783693476,0.5271487703920179,2.5274789841982,NCD_YFP_ilid,0.001,0.04,20.0,0.0,0.0,0.02,Both,100.0,1.0,60.0,300.0,100.0,4.0,
