,index,area,major_axis_length,minor_axis_length,centroid-0,centroid-1,orientation,label,speed (nm/s),r^2,skele r^2,MT len (um),Motor Type,Motor_Conc_uM,MT_Conc_uM,ATP_Conc_uM,ADP_Conc_uM,P_Conc_uM,Flag_Conc_mg-ml,BSA_Caesin_Both,Acq_Time_s,Time_Interval_s,Cy5_exptime_ms,Cy5_gain,YFP_exptime_ms,YFP_gain,Temperature
0,0,27,34.06677737442563,1.1150923889972426,32.592592592592595,441.0,1.154138864637888,2,10.876606334841634,0.9059011264445062,0.3274356531168522,5.262246972789846,NCD_YFP_ilid,0.001,0.04,20.0,0.0,40000.0,0.02,Both,100.0,1.0,60.0,300.0,100.0,4.0,
15,15,21,24.524030865749566,1.1607843468294572,277.57142857142856,187.0,1.4133051897293487,25,4.327330316742087,0.8725640240791761,0.26086956521738514,4.095159628093748,NCD_YFP_ilid,0.001,0.04,20.0,0.0,40000.0,0.02,Both,100.0,1.0,60.0,300.0,100.0,4.0,
16,16,21,24.238452853554005,1.626979757091401,325.0,199.14285714285714,-0.037815006688059684,28,81.84166666666684,0.824688703753472,0.5454545454545451,2.6456689581521675,NCD_YFP_ilid,0.001,0.04,20.0,0.0,40000.0,0.02,Both,100.0,1.0,60.0,300.0,100.0,4.0,
