,index,area,major_axis_length,minor_axis_length,centroid-0,centroid-1,orientation,label,speed (nm/s),r^2,skele r^2,MT len (um),Motor Type,Motor_Conc_uM,MT_Conc_uM,ATP_Conc_uM,ADP_Conc_uM,P_Conc_uM,Flag_Conc_mg-ml,BSA_Caesin_Both,Acq_Time_s,Time_Interval_s,Cy5_exptime_ms,Cy5_gain,YFP_exptime_ms,YFP_gain,Temperature
1,1,28,34.35103823891333,1.6860921097589996,45.464285714285715,291.5,1.223992118822102,3,99.07692307692308,0.9197443181818181,0.712319958847735,2.990552228453362,NCD_YFP_ilid,0.001,0.04,1420.0,0.0,30000.0,0.02,Both,100.0,1.0,60.0,300.0,100.0,4.0,
5,5,36,42.959849038784675,4.843936028050284,156.52777777777777,68.36111111111111,0.2746312257248859,7,150.79194606763102,0.922666510166755,0.8765970659820421,2.520072189066503,NCD_YFP_ilid,0.001,0.04,1420.0,0.0,30000.0,0.02,Both,100.0,1.0,60.0,300.0,100.0,4.0,
6,6,76,97.03447990074316,5.770256491418561,172.0,341.86842105263156,-0.9983790637695735,8,104.52615384615379,0.9644461549928345,0.6649506424184555,7.929439793812279,NCD_YFP_ilid,0.001,0.04,1420.0,0.0,30000.0,0.02,Both,100.0,1.0,60.0,300.0,100.0,4.0,
11,11,34,39.25087192233292,3.332578214846638,398.5,131.8235294117647,-0.02031177680870285,23,104.33275862068975,0.9041543529542293,0.8794460046471884,2.8236741699009364,NCD_YFP_ilid,0.001,0.04,1420.0,0.0,30000.0,0.02,Both,100.0,1.0,60.0,300.0,100.0,4.0,
15,15,40,49.50191954388856,4.597821383044681,450.975,340.475,1.1911417634890455,27,156.9293085655313,0.9791595729943204,0.9716900550320288,2.807693439115733,NCD_YFP_ilid,0.001,0.04,1420.0,0.0,30000.0,0.02,Both,100.0,1.0,60.0,300.0,100.0,4.0,
