,index,area,major_axis_length,minor_axis_length,centroid-0,centroid-1,orientation,label,speed (nm/s),r^2,skele r^2,MT len (um),Motor Type,Motor_Conc_uM,MT_Conc_uM,ATP_Conc_uM,ADP_Conc_uM,P_Conc_uM,Flag_Conc_mg-ml,BSA_Caesin_Both,Acq_Time_s,Time_Interval_s,Cy5_exptime_ms,Cy5_gain,YFP_exptime_ms,YFP_gain,Temperature
1,1,89,111.36639033697053,4.489606807954864,190.8876404494382,173.0,1.1712449234708724,5,172.54252100840318,0.9752921684580411,0.9131691775805861,8.339836498926648,NCD_YFP_ilid,0.001,0.04,1420.0,0.0,30000.0,0.02,Both,100.0,1.0,60.0,300.0,100.0,4.0,
5,5,54,62.746558332227636,3.378258032906526,331.6111111111111,318.5,-1.4571734456272047,10,148.87078290598294,0.9593095945742798,0.9837098675552597,5.2068390509023335,NCD_YFP_ilid,0.001,0.04,1420.0,0.0,30000.0,0.02,Both,100.0,1.0,60.0,300.0,100.0,4.0,
6,6,93,108.07588087053855,3.6307605859782743,350.10752688172045,285.0,-1.4572682661172844,11,171.58300653594767,0.9461478049591203,0.9646147985212449,8.456632856470327,NCD_YFP_ilid,0.001,0.04,1420.0,0.0,30000.0,0.02,Both,100.0,1.0,60.0,300.0,100.0,4.0,
