,index,area,major_axis_length,minor_axis_length,centroid-0,centroid-1,orientation,label,speed (nm/s),r^2,skele r^2,MT len (um),Motor Type,Motor_Conc_uM,MT_Conc_uM,ATP_Conc_uM,ADP_Conc_uM,P_Conc_uM,Flag_Conc_mg-ml,BSA_Caesin_Both,Acq_Time_s,Time_Interval_s,Cy5_exptime_ms,Cy5_gain,YFP_exptime_ms,YFP_gain,Temperature
0,0,50,73.83558121713229,4.121328223796772,175.76,174.5,0.8002200455400691,4,143.9545454545456,0.9792037578880485,0.984125866658762,3.979572041036601,NCD_YFP_ilid,0.001,0.04,1420.0,0.0,30000.0,0.02,Both,100.0,1.0,60.0,300.0,100.0,4.0,
3,3,89,110.89108742284826,8.658538579620368,284.2022471910112,216.8426966292135,0.583445804494504,7,134.91142857142853,0.9917250314866686,0.98034181177866,7.057185264457006,NCD_YFP_ilid,0.001,0.04,1420.0,0.0,30000.0,0.02,Both,100.0,1.0,60.0,300.0,100.0,4.0,
