,index,area,major_axis_length,minor_axis_length,centroid-0,centroid-1,orientation,label,speed (nm/s),r^2,skele r^2,MT len (um),Motor Type,Motor_Conc_uM,MT_Conc_uM,ATP_Conc_uM,ADP_Conc_uM,P_Conc_uM,Flag_Conc_mg-ml,BSA_Caesin_Both,Acq_Time_s,Time_Interval_s,Cy5_exptime_ms,Cy5_gain,YFP_exptime_ms,YFP_gain,Temperature
5,5,64,53.488411200527345,14.299312430788435,346.484375,409.46875,0.6248323371317483,16,68.16363636363634,0.8578324362979411,0.9500720659135874,3.5942131045729484,NCD_YFP_ilid,0.001,0.04,1420.0,0.0,5000.0,0.02,Both,100.0,1.0,60.0,300.0,100.0,4.0,
6,6,28,35.87988616528763,1.990050094406202,347.5357142857143,132.57142857142858,0.4651678009880726,18,100.3375000000002,0.9370202215088549,0.9736297351106892,2.63589616354283,NCD_YFP_ilid,0.001,0.04,1420.0,0.0,5000.0,0.02,Both,100.0,1.0,60.0,300.0,100.0,4.0,
7,7,33,38.22085843783956,2.369021162075976,394.0,48.72727272727273,-0.08368476193051416,20,133.25283797729614,0.9661921671299722,0.9889490736997905,3.4863022176389507,NCD_YFP_ilid,0.001,0.04,1420.0,0.0,5000.0,0.02,Both,100.0,1.0,60.0,300.0,100.0,4.0,
8,8,73,104.2934648982497,2.614650958331613,444.0,367.45205479452056,-0.6300136155660742,22,190.9827681660899,0.9429620987769158,0.986220189862822,6.645164057274488,NCD_YFP_ilid,0.001,0.04,1420.0,0.0,5000.0,0.02,Both,100.0,1.0,60.0,300.0,100.0,4.0,
10,10,38,46.9226796382267,1.1869919851363917,472.5,127.97368421052632,-0.36321620282796874,25,127.81501668520586,0.9838396502926992,0.9678691736775251,3.961551798078342,NCD_YFP_ilid,0.001,0.04,1420.0,0.0,5000.0,0.02,Both,100.0,1.0,60.0,300.0,100.0,4.0,
