,index,area,major_axis_length,minor_axis_length,centroid-0,centroid-1,orientation,label,speed (nm/s),r^2,skele r^2,MT len (um),Motor Type,Motor_Conc_uM,MT_Conc_uM,ATP_Conc_uM,ADP_Conc_uM,P_Conc_uM,Flag_Conc_mg-ml,BSA_Caesin_Both,Acq_Time_s,Time_Interval_s,Cy5_exptime_ms,Cy5_gain,YFP_exptime_ms,YFP_gain,Temperature
0,0,46,66.85820261628534,1.3966020095371594,33.5,343.54347826086956,-0.6531530532906936,1,170.107438016529,0.9792598845721739,0.9797156589930669,5.569925470921011,NCD_YFP_ilid,0.001,0.04,1420.0,0.0,0.0,0.02,Both,100.0,1.0,60.0,300.0,100.0,4.0,
2,2,24,28.26898151062342,2.7392650913922316,74.5,342.5416666666667,-0.2039317968308108,7,165.5213675213675,0.9367177552974011,0.9915754948391264,2.6464518109505595,NCD_YFP_ilid,0.001,0.04,1420.0,0.0,0.0,0.02,Both,100.0,1.0,60.0,300.0,100.0,4.0,
3,3,27,32.10494118457455,1.4627687958450106,133.0,499.962962962963,0.24405862359811348,8,87.99754901960786,0.9804741700014077,0.978436070227215,3.1237859220270505,NCD_YFP_ilid,0.001,0.04,1420.0,0.0,0.0,0.02,Both,100.0,1.0,60.0,300.0,100.0,4.0,
4,4,10,12.775592433111969,0.8855721218580619,275.5,377.0,-0.4537966670444017,11,110.01666666666671,0.9292088042831651,0.8927335640138405,1.8720172167936013,NCD_YFP_ilid,0.001,0.04,1420.0,0.0,0.0,0.02,Both,100.0,1.0,60.0,300.0,100.0,4.0,
5,5,16,20.541239599057416,2.105344564225906,296.8125,359.5625,1.0706801431827282,12,92.33823529411765,0.9052268244575937,0.6185889100606781,2.2697301093198448,NCD_YFP_ilid,0.001,0.04,1420.0,0.0,0.0,0.02,Both,100.0,1.0,60.0,300.0,100.0,4.0,
6,6,16,20.506519173459914,1.979942268986901,310.1875,70.5,-1.115610533267283,13,119.36363636363633,0.9961600237591279,0.9755088902453685,1.8833043850472349,NCD_YFP_ilid,0.001,0.04,1420.0,0.0,0.0,0.02,Both,100.0,1.0,60.0,300.0,100.0,4.0,
7,7,26,31.080424759448803,1.5446342599766898,330.7307692307692,378.5,1.306016520992802,14,133.71590909090907,0.968948895536459,0.8652751480815238,2.6070693275781087,NCD_YFP_ilid,0.001,0.04,1420.0,0.0,0.0,0.02,Both,100.0,1.0,60.0,300.0,100.0,4.0,
9,9,18,21.136599149664505,1.158853665697444,457.27777777777777,228.5,1.3795755037718578,18,158.74825174825173,0.9864150025987961,0.9852262234533703,1.6647194029198953,NCD_YFP_ilid,0.001,0.04,1420.0,0.0,0.0,0.02,Both,100.0,1.0,60.0,300.0,100.0,4.0,
