,index,area,major_axis_length,minor_axis_length,centroid-0,centroid-1,orientation,label,speed (nm/s),r^2,skele r^2,MT len (um),Motor Type,Motor_Conc_uM,MT_Conc_uM,ATP_Conc_uM,ADP_Conc_uM,P_Conc_uM,Flag_Conc_mg-ml,BSA_Caesin_Both,Acq_Time_s,Time_Interval_s,Cy5_exptime_ms,Cy5_gain,YFP_exptime_ms,YFP_gain,Temperature
3,3,11,14.480481567152747,1.3732812957416074,40.90909090909091,127.63636363636364,0.582618045705756,5,68.42500000000004,0.949122132513136,0.5416666666666634,2.2712003899023947,NCD_YFP_ilid,0.001,0.04,1420.0,0.0,40000.0,0.02,Both,100.0,1.0,60.0,300.0,100.0,4.0,
7,7,59,90.0639988870748,2.1488236700026597,294.2881355932203,97.88135593220339,0.7547387103124069,13,78.9541251778094,0.8172215470743426,0.9504979094639247,5.190293716717902,NCD_YFP_ilid,0.001,0.04,1420.0,0.0,40000.0,0.02,Both,100.0,1.0,60.0,300.0,100.0,4.0,
