,index,area,major_axis_length,minor_axis_length,centroid-0,centroid-1,orientation,label,speed (nm/s),r^2,skele r^2,MT len (um),Motor Type,Motor_Conc_uM,MT_Conc_uM,ATP_Conc_uM,ADP_Conc_uM,P_Conc_uM,Flag_Conc_mg-ml,BSA_Caesin_Both,Acq_Time_s,Time_Interval_s,Cy5_exptime_ms,Cy5_gain,YFP_exptime_ms,YFP_gain,Temperature
0,0,12,17.855152346185697,0.8655000000317189,46.5,497.3333333333333,-0.6876595491909708,2,56.34999999999985,0.8775510204081625,0.5185185185185193,2.101968722512761,NCD_YFP_ilid,0.001,0.04,1420.0,0.0,30000.0,0.02,Both,100.0,1.0,60.0,300.0,100.0,4.0,
2,2,140,91.56118660773593,35.13742880322527,114.45714285714286,374.34285714285716,0.37417228814835624,4,119.73195288753787,0.965184416673645,0.9824865276126232,7.7867518193773595,NCD_YFP_ilid,0.001,0.04,1420.0,0.0,30000.0,0.02,Both,100.0,1.0,60.0,300.0,100.0,4.0,
7,7,14,17.798962168354233,2.0033153171947142,250.5,404.64285714285717,-1.03228046803704,13,144.39335664335675,0.9156004949924448,0.9186458305094775,2.204573934487935,NCD_YFP_ilid,0.001,0.04,1420.0,0.0,30000.0,0.02,Both,100.0,1.0,60.0,300.0,100.0,4.0,
9,9,49,68.34195262269242,2.823962263030445,329.2040816326531,168.51020408163265,0.625991742138142,16,153.7307692307694,0.9113757813008522,0.7013108573048457,3.9369676107747256,NCD_YFP_ilid,0.001,0.04,1420.0,0.0,30000.0,0.02,Both,100.0,1.0,60.0,300.0,100.0,4.0,
11,11,23,33.815336763987865,1.0109670412561902,483.0,92.34782608695652,-0.6690281707952037,19,120.74999999999946,0.8444444444444427,0.41666666666666263,2.0316058135476456,NCD_YFP_ilid,0.001,0.04,1420.0,0.0,30000.0,0.02,Both,100.0,1.0,60.0,300.0,100.0,4.0,
