,index,area,major_axis_length,minor_axis_length,centroid-0,centroid-1,orientation,label,speed (nm/s),r^2,skele r^2,MT len (um),Motor Type,Motor_Conc_uM,MT_Conc_uM,ATP_Conc_uM,ADP_Conc_uM,P_Conc_uM,Flag_Conc_mg-ml,BSA_Caesin_Both,Acq_Time_s,Time_Interval_s,Cy5_exptime_ms,Cy5_gain,YFP_exptime_ms,YFP_gain,Temperature
0,0,29,36.80960884893775,1.3555354705742022,21.551724137931036,360.0,1.1409892850818057,1,92.71500000000007,0.9944411834101184,0.9537982430821006,2.922547313422294,NCD_YFP_ilid,0.001,0.04,1420.0,0.0,30000.0,0.02,Both,100.0,1.0,60.0,300.0,100.0,4.0,
1,1,81,97.44087588855238,3.3832095597609584,208.33333333333334,217.01234567901236,1.2830689754343345,3,147.51898272084293,0.892413227392413,0.857649214118178,8.223682114574844,NCD_YFP_ilid,0.001,0.04,1420.0,0.0,30000.0,0.02,Both,100.0,1.0,60.0,300.0,100.0,4.0,
2,2,21,29.09390364264139,2.783676070477871,208.0,447.42857142857144,-0.5902287598235919,4,143.62894736842102,0.9694369755455197,0.9844802602704416,3.1246346151727407,NCD_YFP_ilid,0.001,0.04,1420.0,0.0,30000.0,0.02,Both,100.0,1.0,60.0,300.0,100.0,4.0,
