,index,area,major_axis_length,minor_axis_length,centroid-0,centroid-1,orientation,label,speed (nm/s),r^2,skele r^2,MT len (um),Motor Type,Motor_Conc_uM,MT_Conc_uM,ATP_Conc_uM,ADP_Conc_uM,P_Conc_uM,Flag_Conc_mg-ml,BSA_Caesin_Both,Acq_Time_s,Time_Interval_s,Cy5_exptime_ms,Cy5_gain,YFP_exptime_ms,YFP_gain,Temperature
1,1,62,59.07900471174901,10.050757002186735,198.24193548387098,52.41935483870968,-1.3249512196402067,4,111.22371156581683,0.9310043771704603,0.9557713213830903,4.081297879499357,NCD_YFP_ilid,0.001,0.04,1420.0,0.0,40000.0,0.02,Both,100.0,1.0,60.0,300.0,100.0,4.0,
4,4,22,33.63250858640082,1.0420034281867399,325.59090909090907,379.5,0.8545388067372902,10,74.42719298245619,0.9837575478253981,0.9568898927878344,2.6216914576689545,NCD_YFP_ilid,0.001,0.04,1420.0,0.0,40000.0,0.02,Both,100.0,1.0,60.0,300.0,100.0,4.0,
