,index,area,major_axis_length,minor_axis_length,centroid-0,centroid-1,orientation,label,speed (nm/s),r^2,skele r^2,MT len (um),Motor Type,Motor_Conc_uM,MT_Conc_uM,ATP_Conc_uM,ADP_Conc_uM,P_Conc_uM,Flag_Conc_mg-ml,BSA_Caesin_Both,Acq_Time_s,Time_Interval_s,Cy5_exptime_ms,Cy5_gain,YFP_exptime_ms,YFP_gain,Temperature
0,0,20,29.042890376665362,1.3230716416727566,33.6,430.75,0.6873294546310642,2,52.90386554621848,0.9732891627585821,0.9667570009033424,2.7388395983434624,NCD_YFP_ilid,0.001,0.04,1420.0,0.0,0.0,0.02,Both,100.0,1.0,60.0,300.0,100.0,4.0,
1,1,17,19.595917942265423,0.0,27.0,178.0,1.5707963267948966,3,109.5375000000001,0.9874599008457277,0.8486243265295876,2.1903161514376324,NCD_YFP_ilid,0.001,0.04,1420.0,0.0,0.0,0.02,Both,100.0,1.0,60.0,300.0,100.0,4.0,
2,2,27,36.22579855796088,2.351521479546076,44.0,20.074074074074073,0.5367086706554243,4,144.2727272727273,0.9862948960302458,0.990432385279588,2.923379703723058,NCD_YFP_ilid,0.001,0.04,1420.0,0.0,0.0,0.02,Both,100.0,1.0,60.0,300.0,100.0,4.0,
5,5,77,88.19404952370284,7.356535755519566,94.24675324675324,240.06493506493507,0.13629237002396474,8,193.50757575757578,0.9770728197544045,0.9906241168624035,2.6013501812069113,NCD_YFP_ilid,0.001,0.04,1420.0,0.0,0.0,0.02,Both,100.0,1.0,60.0,300.0,100.0,4.0,
6,6,14,16.127701350358663,1.6096977059869861,79.21428571428571,497.5,-1.5508196533292882,10,81.57997936016515,0.9027049000128589,0.9221468310307064,2.5665510102881353,NCD_YFP_ilid,0.001,0.04,1420.0,0.0,0.0,0.02,Both,100.0,1.0,60.0,300.0,100.0,4.0,
9,9,55,74.87584845505013,3.7659692972640566,349.2,249.23636363636365,0.9680488551983614,17,161.8460714285714,0.9965096281619331,0.9967465352696734,2.021838375574843,NCD_YFP_ilid,0.001,0.04,1420.0,0.0,0.0,0.02,Both,100.0,1.0,60.0,300.0,100.0,4.0,
12,12,83,82.87840031515226,6.093996554584645,450.69879518072287,376.09638554216866,-0.004051759186596508,23,179.50823529411753,0.9841846694870587,0.9761137047841183,3.69093188065119,NCD_YFP_ilid,0.001,0.04,1420.0,0.0,0.0,0.02,Both,100.0,1.0,60.0,300.0,100.0,4.0,
