,index,area,major_axis_length,minor_axis_length,centroid-0,centroid-1,orientation,label,speed (nm/s),r^2,skele r^2,MT len (um),Motor Type,Motor_Conc_uM,MT_Conc_uM,ATP_Conc_uM,ADP_Conc_uM,P_Conc_uM,Flag_Conc_mg-ml,BSA_Caesin_Both,Acq_Time_s,Time_Interval_s,Cy5_exptime_ms,Cy5_gain,YFP_exptime_ms,YFP_gain,Temperature
0,0,96,100.26820641829194,6.238765769402553,60.59375,426.15625,0.39732201786077,1,162.5984033613445,0.9684024279244676,0.9616857104105848,8.326035677613248,NCD_YFP_ilid,0.001,0.04,1420.0,0.0,10000.0,0.02,Both,100.0,1.0,60.0,300.0,100.0,4.0,
1,1,123,118.94549948302964,25.541763118648717,64.99186991869918,239.91869918699186,-1.0299055552817675,3,129.89544334547978,0.854121608834013,0.27737247429985956,9.305432764378695,NCD_YFP_ilid,0.001,0.04,1420.0,0.0,10000.0,0.02,Both,100.0,1.0,60.0,300.0,100.0,4.0,
2,2,52,64.59102773297415,2.4805206211618973,47.0,384.5,1.1925923731285344,4,84.61294117647058,0.9775012172574119,0.9808811478260963,6.2605105067172,NCD_YFP_ilid,0.001,0.04,1420.0,0.0,10000.0,0.02,Both,100.0,1.0,60.0,300.0,100.0,4.0,
5,5,102,98.22322640237539,12.240422270521801,320.8921568627451,73.19607843137256,0.43014254194759227,15,222.19907836742976,0.8701697832608412,0.9020017115799993,7.895781100666469,NCD_YFP_ilid,0.001,0.04,1420.0,0.0,10000.0,0.02,Both,100.0,1.0,60.0,300.0,100.0,4.0,
6,6,80,93.021383291598,5.283914317777403,336.5,33.6375,0.11871135413320476,16,145.45045378151258,0.9801860424532965,0.8783245468629413,,NCD_YFP_ilid,0.001,0.04,1420.0,0.0,10000.0,0.02,Both,100.0,1.0,60.0,300.0,100.0,4.0,
8,8,93,112.29132617187601,4.12558124277326,388.0,264.2795698924731,-0.29702795626163875,18,245.872644971862,0.9037171657034437,0.957544616076166,7.63747606834461,NCD_YFP_ilid,0.001,0.04,1420.0,0.0,10000.0,0.02,Both,100.0,1.0,60.0,300.0,100.0,4.0,
9,9,63,91.82507906163453,4.082995752723299,428.36507936507934,136.42857142857142,0.7827547840795815,21,131.22955396605826,0.9530745366502114,0.9752056396104648,5.314461976147324,NCD_YFP_ilid,0.001,0.04,1420.0,0.0,10000.0,0.02,Both,100.0,1.0,60.0,300.0,100.0,4.0,
11,11,45,50.15369734601743,4.7814689158479595,432.53333333333336,96.31111111111112,0.36673977738421903,23,164.06891495601172,0.9744165998136742,0.9548679179291153,3.1650889441602024,NCD_YFP_ilid,0.001,0.04,1420.0,0.0,10000.0,0.02,Both,100.0,1.0,60.0,300.0,100.0,4.0,
