,index,area,major_axis_length,minor_axis_length,centroid-0,centroid-1,orientation,label,speed (nm/s),r^2,skele r^2,MT len (um),Motor Type,Motor_Conc_uM,MT_Conc_uM,ATP_Conc_uM,ADP_Conc_uM,P_Conc_uM,Flag_Conc_mg-ml,BSA_Caesin_Both,Acq_Time_s,Time_Interval_s,Cy5_exptime_ms,Cy5_gain,YFP_exptime_ms,YFP_gain,Temperature
4,4,27,24.65060787391377,5.637099141202643,134.2962962962963,438.85185185185185,-0.24633052621544638,10,163.19545454545465,0.8505700898871889,0.8577251808021037,2.392297131029016,NCD_YFP_ilid,0.001,0.04,1420.0,0.0,30000.0,0.02,Both,100.0,1.0,60.0,300.0,100.0,4.0,
5,5,50,61.86202168661509,4.407524571090289,192.42,389.26,-0.9257153708187662,11,152.98965517241388,0.96561607356651,0.9444219519551553,3.336748919974161,NCD_YFP_ilid,0.001,0.04,1420.0,0.0,30000.0,0.02,Both,100.0,1.0,60.0,300.0,100.0,4.0,
6,6,15,19.092219212199705,1.4615246977733192,295.1333333333333,264.0,-1.1304306350898254,12,104.65000000000016,0.9644970414201187,0.3958333333333337,1.91016782663537,NCD_YFP_ilid,0.001,0.04,1420.0,0.0,30000.0,0.02,Both,100.0,1.0,60.0,300.0,100.0,4.0,
8,8,26,39.02972896673196,1.9806211989525344,405.65384615384613,406.65384615384613,0.7297960308029187,16,144.03750000000005,0.9710319879203668,0.9681440443213296,2.8360799374367414,NCD_YFP_ilid,0.001,0.04,1420.0,0.0,30000.0,0.02,Both,100.0,1.0,60.0,300.0,100.0,4.0,
9,9,68,84.62453074014648,3.319785676937352,448.3235294117647,344.6470588235294,-0.415919339464992,17,115.63595475522173,0.8909651892335823,0.9054371575024605,4.574341232666365,NCD_YFP_ilid,0.001,0.04,1420.0,0.0,30000.0,0.02,Both,100.0,1.0,60.0,300.0,100.0,4.0,
