,index,area,major_axis_length,minor_axis_length,centroid-0,centroid-1,orientation,label,speed (nm/s),r^2,skele r^2,MT len (um),Motor Type,Motor_Conc_uM,MT_Conc_uM,ATP_Conc_uM,ADP_Conc_uM,P_Conc_uM,Flag_Conc_mg-ml,BSA_Caesin_Both,Acq_Time_s,Time_Interval_s,Cy5_exptime_ms,Cy5_gain,YFP_exptime_ms,YFP_gain,Temperature
2,2,47,41.05893730546121,8.14500602876308,124.44680851063829,417.27659574468083,1.229572314948346,7,83.59615384615374,0.8547912992357433,0.8585017835909626,2.892887863498018,NCD_YFP_ilid,0.001,0.04,1420.0,0.0,20000.0,0.02,Both,100.0,1.0,60.0,300.0,100.0,4.0,
5,5,87,110.69496858670578,5.2052155700887,258.91954022988506,271.3103448275862,-0.5280545796222543,13,181.7434654349789,0.9685916342127044,0.7894427598916843,8.988181820126735,NCD_YFP_ilid,0.001,0.04,1420.0,0.0,20000.0,0.02,Both,100.0,1.0,60.0,300.0,100.0,4.0,
6,6,114,110.24661586510005,9.336338880308421,316.6842105263158,191.09649122807016,0.12633014576067225,16,160.37259211376858,0.9616733858453488,0.8804051742680663,8.398929049193427,NCD_YFP_ilid,0.001,0.04,1420.0,0.0,20000.0,0.02,Both,100.0,1.0,60.0,300.0,100.0,4.0,
10,10,27,35.528552418372655,1.9735254143586451,420.0,373.44444444444446,-0.5022382210180424,23,160.60539215686256,0.9582068107866633,0.9538576686180661,2.326125594940531,NCD_YFP_ilid,0.001,0.04,1420.0,0.0,20000.0,0.02,Both,100.0,1.0,60.0,300.0,100.0,4.0,
11,11,36,45.33772244147515,1.9837762636459453,416.0833333333333,143.5,1.1588869888965643,24,111.71140350877192,0.9678766016548369,0.9774506223877971,2.8112852974686287,NCD_YFP_ilid,0.001,0.04,1420.0,0.0,20000.0,0.02,Both,100.0,1.0,60.0,300.0,100.0,4.0,
