,index,area,major_axis_length,minor_axis_length,centroid-0,centroid-1,orientation,label,speed (nm/s),r^2,skele r^2,MT len (um),Motor Type,Motor_Conc_uM,MT_Conc_uM,ATP_Conc_uM,ADP_Conc_uM,P_Conc_uM,Flag_Conc_mg-ml,BSA_Caesin_Both,Acq_Time_s,Time_Interval_s,Cy5_exptime_ms,Cy5_gain,YFP_exptime_ms,YFP_gain,Temperature
0,0,30,35.10313726007593,2.6265268681583827,40.5,462.73333333333335,0.1662685811184575,1,228.00441176470585,0.9815974008188757,0.9641436111828514,3.6135625387349726,NCD_YFP_ilid,0.001,0.04,1420.0,0.0,40000.0,0.02,Both,100.0,1.0,60.0,300.0,100.0,4.0,
1,1,78,106.53281623500868,4.178506879104628,253.28205128205127,220.25641025641025,0.9333134982130175,2,112.57588652482274,0.9461380563385007,0.9690116501779689,6.808010447592084,NCD_YFP_ilid,0.001,0.04,1420.0,0.0,40000.0,0.02,Both,100.0,1.0,60.0,300.0,100.0,4.0,
