,index,area,major_axis_length,minor_axis_length,centroid-0,centroid-1,orientation,label,speed (nm/s),r^2,skele r^2,MT len (um),Motor Type,Motor_Conc_uM,MT_Conc_uM,ATP_Conc_uM,ADP_Conc_uM,P_Conc_uM,Flag_Conc_mg-ml,BSA_Caesin_Both,Acq_Time_s,Time_Interval_s,Cy5_exptime_ms,Cy5_gain,YFP_exptime_ms,YFP_gain,Temperature
0,0,11,14.944115171814623,0.9684443925478194,15.0,380.27272727272725,0.5628817943358929,1,83.15384615384608,0.9241738343141691,0.8388473196753392,1.9639196490696351,NCD_YFP_ilid,0.001,0.04,1420.0,0.0,0.0,0.02,Both,100.0,1.0,60.0,300.0,100.0,4.0,
1,1,63,90.74854122123652,3.5778529385139852,59.666666666666664,351.77777777777777,-0.7013123331219141,4,116.53075630252096,0.9934351951399494,0.9793759799238007,5.429143622702957,NCD_YFP_ilid,0.001,0.04,1420.0,0.0,0.0,0.02,Both,100.0,1.0,60.0,300.0,100.0,4.0,
2,2,10,15.826816405519887,0.7428879228837711,42.5,326.4,0.7594599180888535,5,96.86584107327143,0.9948885273329431,0.9890030647196683,1.8143514073247082,NCD_YFP_ilid,0.001,0.04,1420.0,0.0,0.0,0.02,Both,100.0,1.0,60.0,300.0,100.0,4.0,
3,3,12,14.100580038844244,1.0307916651953237,39.083333333333336,400.5,-1.3662479008588968,6,114.89545454545444,0.9703436244878088,0.9387755102040817,1.4093176011321333,NCD_YFP_ilid,0.001,0.04,1420.0,0.0,0.0,0.02,Both,100.0,1.0,60.0,300.0,100.0,4.0,
6,6,20,24.559019398271758,1.9633049165403307,256.45,296.9,-0.38753100219471004,16,149.14615384615414,0.9429310390924355,0.947482993197279,1.3659397180491921,NCD_YFP_ilid,0.001,0.04,1420.0,0.0,0.0,0.02,Both,100.0,1.0,60.0,300.0,100.0,4.0,
10,10,12,17.793509796540487,0.8510831062540039,293.5,205.5,-0.683389173601174,22,112.12499999999966,0.9743589743589741,0.7500000000000018,2.7060962098241825,NCD_YFP_ilid,0.001,0.04,1420.0,0.0,0.0,0.02,Both,100.0,1.0,60.0,300.0,100.0,4.0,
11,11,61,83.1166119567683,4.466689017744417,313.78688524590166,137.0,1.0100316335568056,23,161.76316926770704,0.9641226240051526,0.990578330090889,4.0930940897718795,NCD_YFP_ilid,0.001,0.04,1420.0,0.0,0.0,0.02,Both,100.0,1.0,60.0,300.0,100.0,4.0,
12,12,28,38.982502732200714,1.4131998426226116,437.0,476.57142857142856,-0.9564289052850332,33,137.12622549019608,0.988176595414316,0.9928850514414794,3.013654175739687,NCD_YFP_ilid,0.001,0.04,1420.0,0.0,0.0,0.02,Both,100.0,1.0,60.0,300.0,100.0,4.0,
