,index,area,major_axis_length,minor_axis_length,centroid-0,centroid-1,orientation,label,speed (nm/s),r^2,skele r^2,MT len (um),Motor Type,Motor_Conc_uM,MT_Conc_uM,ATP_Conc_uM,ADP_Conc_uM,P_Conc_uM,Flag_Conc_mg-ml,BSA_Caesin_Both,Acq_Time_s,Time_Interval_s,Cy5_exptime_ms,Cy5_gain,YFP_exptime_ms,YFP_gain,Temperature
0,0,70,80.82273997685726,1.7411609370844536,84.5,77.92857142857143,0.006949137404363587,1,188.17308239413504,0.9689314473976481,0.9464222705276905,3.136215954349642,NCD_YFP_ilid,0.001,0.04,1420.0,0.0,10000.0,0.02,Both,100.0,1.0,60.0,300.0,100.0,4.0,
2,2,121,113.17945991454839,28.323121510552046,131.40495867768595,446.6363636363636,-0.9431743204072012,7,115.25059414655655,0.9589889139571668,0.5792455220821435,6.454890412457151,NCD_YFP_ilid,0.001,0.04,1420.0,0.0,10000.0,0.02,Both,100.0,1.0,60.0,300.0,100.0,4.0,
3,3,76,97.8094893893651,4.178386057488666,188.5,227.76315789473685,-0.45797483226410257,9,142.1914884496308,0.9829568631563331,0.9924011693606392,5.630046621322601,NCD_YFP_ilid,0.001,0.04,1420.0,0.0,10000.0,0.02,Both,100.0,1.0,60.0,300.0,100.0,4.0,
6,6,76,97.84523750568789,13.675374534054443,258.86842105263156,324.9342105263158,0.5239009393245511,16,162.6399683388777,0.9501499582865429,0.9590518250714796,4.459269529113671,NCD_YFP_ilid,0.001,0.04,1420.0,0.0,10000.0,0.02,Both,100.0,1.0,60.0,300.0,100.0,4.0,
9,9,81,76.18020430656641,11.964040973381797,291.6296296296296,386.17283950617286,-0.053173089972848205,19,292.73772727272734,0.8382555833770331,0.7901774239707827,5.614627284302388,NCD_YFP_ilid,0.001,0.04,1420.0,0.0,10000.0,0.02,Both,100.0,1.0,60.0,300.0,100.0,4.0,
14,14,101,125.44807448178723,1.7011557939464412,373.84158415841586,163.0,-1.1933438686705709,32,208.96839178588073,0.9534357215144762,0.6726844713519445,9.975739222616209,NCD_YFP_ilid,0.001,0.04,1420.0,0.0,10000.0,0.02,Both,100.0,1.0,60.0,300.0,100.0,4.0,
16,16,33,39.07180630921723,1.5398035244387231,453.0,348.7878787878788,-0.2251031069969069,35,135.34615384615398,0.9832970225127088,0.8057730478596168,2.954952541268441,NCD_YFP_ilid,0.001,0.04,1420.0,0.0,10000.0,0.02,Both,100.0,1.0,60.0,300.0,100.0,4.0,
17,17,22,28.297646948642765,1.60686656109818,480.3636363636364,38.5,1.111671494724869,36,138.985036119711,0.9831992880133793,0.9789789789789791,2.044801781613751,NCD_YFP_ilid,0.001,0.04,1420.0,0.0,10000.0,0.02,Both,100.0,1.0,60.0,300.0,100.0,4.0,
