,index,area,major_axis_length,minor_axis_length,centroid-0,centroid-1,orientation,label,speed (nm/s),r^2,skele r^2,MT len (um),Motor Type,Motor_Conc_uM,MT_Conc_uM,ATP_Conc_uM,ADP_Conc_uM,P_Conc_uM,Flag_Conc_mg-ml,BSA_Caesin_Both,Acq_Time_s,Time_Interval_s,Cy5_exptime_ms,Cy5_gain,YFP_exptime_ms,YFP_gain,Temperature
0,0,64,88.41927658199573,1.2104224330962527,40.859375,100.5,0.9893409400777213,2,164.16171945701356,0.9986044302912257,0.9919262687191162,,NCD_YFP_ilid,0.001,0.04,1420.0,0.0,0.0,0.02,Both,100.0,1.0,60.0,300.0,100.0,4.0,
1,1,63,74.16342403513009,2.187757626624867,126.0,59.03174603174603,-0.19653469501362164,6,164.06701357466065,0.98862833035599,0.9883884797661932,3.1680296624155178,NCD_YFP_ilid,0.001,0.04,1420.0,0.0,0.0,0.02,Both,100.0,1.0,60.0,300.0,100.0,4.0,
2,2,26,37.15774902749173,1.757461083056452,249.5,19.615384615384617,0.631936612797007,10,143.43636363636358,0.9782566504319345,0.914926299059615,3.1186295399838877,NCD_YFP_ilid,0.001,0.04,1420.0,0.0,0.0,0.02,Both,100.0,1.0,60.0,300.0,100.0,4.0,
3,3,15,20.0674556435813,0.9611923114360008,241.8,132.0,-1.0369360803880794,11,109.25000000000026,0.9362880886426594,0.7813489164840512,2.051009424378158,NCD_YFP_ilid,0.001,0.04,1420.0,0.0,0.0,0.02,Both,100.0,1.0,60.0,300.0,100.0,4.0,
4,4,32,40.583768838606744,1.925540665509888,261.125,467.5,-1.1428382182018315,13,62.87742081447964,0.9719945969993541,0.9743203587410832,3.076852590105385,NCD_YFP_ilid,0.001,0.04,1420.0,0.0,0.0,0.02,Both,100.0,1.0,60.0,300.0,100.0,4.0,
5,5,14,21.031575702047842,1.1245711287973443,338.92857142857144,61.357142857142854,-0.814286997637081,15,125.3499999999998,0.9182728726538167,0.9489298627035354,1.905082316519106,NCD_YFP_ilid,0.001,0.04,1420.0,0.0,0.0,0.02,Both,100.0,1.0,60.0,300.0,100.0,4.0,
6,6,30,31.97776291271865,3.5503381980000164,381.8,485.8333333333333,-0.16733516813819413,17,166.93157894736845,0.998127582090065,0.9955099590153236,2.194062854199576,NCD_YFP_ilid,0.001,0.04,1420.0,0.0,0.0,0.02,Both,100.0,1.0,60.0,300.0,100.0,4.0,
8,8,11,13.722468732945151,1.3574285262661843,425.0,452.45454545454544,-0.40022108188588035,20,100.50303030303037,0.9704024884532002,0.90625,1.7511341338803783,NCD_YFP_ilid,0.001,0.04,1420.0,0.0,0.0,0.02,Both,100.0,1.0,60.0,300.0,100.0,4.0,
9,9,20,31.53133247920816,0.784265315841752,472.85,314.5,-0.8202287190688139,21,167.14727272727325,0.9716518270197105,0.8710804437068738,2.0985599908758767,NCD_YFP_ilid,0.001,0.04,1420.0,0.0,0.0,0.02,Both,100.0,1.0,60.0,300.0,100.0,4.0,
