,index,area,major_axis_length,minor_axis_length,centroid-0,centroid-1,orientation,label,speed (nm/s),r^2,skele r^2,MT len (um),Motor Type,Motor_Conc_uM,MT_Conc_uM,ATP_Conc_uM,ADP_Conc_uM,P_Conc_uM,Flag_Conc_mg-ml,BSA_Caesin_Both,Acq_Time_s,Time_Interval_s,Cy5_exptime_ms,Cy5_gain,YFP_exptime_ms,YFP_gain,Temperature
0,0,23,33.028302762410696,2.180170819198675,20.17391304347826,471.5652173913044,0.6875305120351808,1,187.0076923076923,0.9685513256221308,0.968726526170635,2.5552894268895425,NCD_YFP_ilid,0.001,0.04,1420.0,0.0,10000.0,0.02,Both,100.0,1.0,60.0,300.0,100.0,4.0,
3,3,48,55.70202406472698,2.6989840852765563,168.0,402.5,-1.4688673352525232,14,180.86532258064514,0.9878167372602938,0.9831727152431762,3.6851413537046036,NCD_YFP_ilid,0.001,0.04,1420.0,0.0,10000.0,0.02,Both,100.0,1.0,60.0,300.0,100.0,4.0,
7,7,60,69.4017348988962,2.2860139304036275,252.5,386.45,0.06109080548869576,21,103.11491161982035,0.8855526669748155,0.9130302666426773,5.696778805400686,NCD_YFP_ilid,0.001,0.04,1420.0,0.0,10000.0,0.02,Both,100.0,1.0,60.0,300.0,100.0,4.0,
9,9,67,96.91723073768858,6.016706217091806,274.8955223880597,176.4179104477612,-0.6592079660980278,23,184.81111521418032,0.9640152515680551,0.9879474788895234,5.431296364288355,NCD_YFP_ilid,0.001,0.04,1420.0,0.0,10000.0,0.02,Both,100.0,1.0,60.0,300.0,100.0,4.0,
12,12,96,110.85017234105558,7.609140173534576,384.5,489.4791666666667,0.009458288912072168,29,163.16857142857137,0.9859974313689203,0.9935833371874064,7.864457300276577,NCD_YFP_ilid,0.001,0.04,1420.0,0.0,10000.0,0.02,Both,100.0,1.0,60.0,300.0,100.0,4.0,
14,14,100,122.05912928971316,3.5035063917581613,394.47,106.5,-1.2404319960553287,31,205.5418749000657,0.9730586196333962,0.8227873015121976,9.894841739946859,NCD_YFP_ilid,0.001,0.04,1420.0,0.0,10000.0,0.02,Both,100.0,1.0,60.0,300.0,100.0,4.0,
16,16,38,51.420202757422985,5.770915751171338,472.1842105263158,180.02631578947367,-0.7885643166349944,34,107.3333333333332,0.9875,0.8863208814834722,3.2702013293768837,NCD_YFP_ilid,0.001,0.04,1420.0,0.0,10000.0,0.02,Both,100.0,1.0,60.0,300.0,100.0,4.0,
