,index,area,major_axis_length,minor_axis_length,centroid-0,centroid-1,orientation,label,speed (nm/s),r^2,skele r^2,MT len (um),Motor Type,Motor_Conc_uM,MT_Conc_uM,ATP_Conc_uM,ADP_Conc_uM,P_Conc_uM,Flag_Conc_mg-ml,BSA_Caesin_Both,Acq_Time_s,Time_Interval_s,Cy5_exptime_ms,Cy5_gain,YFP_exptime_ms,YFP_gain,Temperature
4,4,79,56.173409531646485,9.761853072948806,159.58227848101265,48.21518987341772,-1.0422199314978058,9,266.61444444444464,0.8673005660065319,0.649887433936571,6.146331272514736,NCD_YFP_ilid,0.001,0.04,1420.0,0.0,5000.0,0.02,Both,100.0,1.0,60.0,300.0,100.0,4.0,
6,6,28,41.19901297687086,1.3808098544242606,213.21428571428572,79.5,0.9010675596306982,13,101.82543859649125,0.9687231288028455,0.9912740018426814,2.8141718033471714,NCD_YFP_ilid,0.001,0.04,1420.0,0.0,5000.0,0.02,Both,100.0,1.0,60.0,300.0,100.0,4.0,
8,8,92,106.92259871445751,2.3357664164045757,256.10869565217394,187.5,1.4565722889953523,16,167.52890756302514,0.9868653355628835,0.9746611520168341,7.57925459123224,NCD_YFP_ilid,0.001,0.04,1420.0,0.0,5000.0,0.02,Both,100.0,1.0,60.0,300.0,100.0,4.0,
9,9,14,16.411584469180767,1.1980840600835476,272.5,337.57142857142856,-0.18782011773653268,17,87.81818181818174,0.847222222222222,0.9462442150231399,2.5953831101713756,NCD_YFP_ilid,0.001,0.04,1420.0,0.0,5000.0,0.02,Both,100.0,1.0,60.0,300.0,100.0,4.0,
10,10,20,23.65781672991348,1.244068958629671,309.35,55.5,1.3461679996274765,19,151.79999999999995,0.9393939393939393,0.6449003886418541,2.012746389390883,NCD_YFP_ilid,0.001,0.04,1420.0,0.0,5000.0,0.02,Both,100.0,1.0,60.0,300.0,100.0,4.0,
11,11,90,104.79618235156401,5.897240752111097,371.5,95.44444444444444,0.1298581324189072,20,119.87480337351424,0.9423891870396123,0.5519999878197741,8.577531010366055,NCD_YFP_ilid,0.001,0.04,1420.0,0.0,5000.0,0.02,Both,100.0,1.0,60.0,300.0,100.0,4.0,
13,13,42,50.491423602904995,1.236004521779218,479.64285714285717,28.5,1.287758543746692,25,150.75454545454528,0.962686026432441,0.9851975458254287,2.7556450966081467,NCD_YFP_ilid,0.001,0.04,1420.0,0.0,5000.0,0.02,Both,100.0,1.0,60.0,300.0,100.0,4.0,
