,index,area,major_axis_length,minor_axis_length,centroid-0,centroid-1,orientation,label,speed (nm/s),r^2,skele r^2,MT len (um),Motor Type,Motor_Conc_uM,MT_Conc_uM,ATP_Conc_uM,ADP_Conc_uM,P_Conc_uM,Flag_Conc_mg-ml,BSA_Caesin_Both,Acq_Time_s,Time_Interval_s,Cy5_exptime_ms,Cy5_gain,YFP_exptime_ms,YFP_gain,Temperature
0,0,79,94.00357237843531,3.7875909549594007,33.29113924050633,238.45569620253164,-1.2298125406727833,1,150.65193277310925,0.9894121246897816,0.9453370946354595,,NCD_YFP_ilid,0.001,0.04,1420.0,0.0,0.0,0.02,Both,100.0,1.0,60.0,300.0,100.0,4.0,
1,1,120,89.56819217835599,35.27920468540105,55.7,115.475,1.0985050207798168,2,235.7628986699573,0.9051997800258386,0.9362686838248456,3.5644741221561884,NCD_YFP_ilid,0.001,0.04,1420.0,0.0,0.0,0.02,Both,100.0,1.0,60.0,300.0,100.0,4.0,
3,3,93,111.63041288911253,6.445299702930775,197.34408602150538,302.38709677419354,-1.0267670200437744,8,235.5666719593522,0.9157160476950714,0.9076886797380783,5.923783997481083,NCD_YFP_ilid,0.001,0.04,1420.0,0.0,0.0,0.02,Both,100.0,1.0,60.0,300.0,100.0,4.0,
4,4,94,100.28305922239524,6.735897525818834,236.64893617021278,411.3829787234043,-0.04804276995094714,9,238.02287570482736,0.9243642249834995,0.7552320834695934,4.09389052584419,NCD_YFP_ilid,0.001,0.04,1420.0,0.0,0.0,0.02,Both,100.0,1.0,60.0,300.0,100.0,4.0,
6,6,32,43.45019301316315,1.8881478011183108,474.5,27.96875,-0.5554099615009043,20,151.51250000000033,0.9360371681267233,0.9794259213324377,4.275694589296591,NCD_YFP_ilid,0.001,0.04,1420.0,0.0,0.0,0.02,Both,100.0,1.0,60.0,300.0,100.0,4.0,
