,index,area,major_axis_length,minor_axis_length,centroid-0,centroid-1,orientation,label,speed (nm/s),r^2,skele r^2,MT len (um),Motor Type,Motor_Conc_uM,MT_Conc_uM,ATP_Conc_uM,ADP_Conc_uM,P_Conc_uM,Flag_Conc_mg-ml,BSA_Caesin_Both,Acq_Time_s,Time_Interval_s,Cy5_exptime_ms,Cy5_gain,YFP_exptime_ms,YFP_gain,Temperature
0,0,25,29.326159964288575,2.019589500110832,133.0,408.56,0.18194422733861454,3,150.34558823529412,0.9607125880918428,0.9808957610288752,1.9224419118172764,NCD_YFP_ilid,0.001,0.04,300.0,0.0,0.0,0.02,Both,100.0,1.0,60.0,300.0,100.0,4.0,
1,1,160,98.27872652327089,37.03816495135971,161.86875,410.15625,1.4616114832232034,4,209.97299154580955,0.8990319989371439,0.8943479944012764,6.078976755751444,NCD_YFP_ilid,0.001,0.04,300.0,0.0,0.0,0.02,Both,100.0,1.0,60.0,300.0,100.0,4.0,
2,2,68,101.52999857765444,2.118923936454788,194.11764705882354,387.4117647058824,0.8752990820068558,7,143.9966515837103,0.9907678719905828,0.9791798462301673,4.472517548182675,NCD_YFP_ilid,0.001,0.04,300.0,0.0,0.0,0.02,Both,100.0,1.0,60.0,300.0,100.0,4.0,
3,3,20,26.918907463871378,1.3162146297355708,189.5,151.95,-0.5424131230983498,8,186.6136363636368,0.9837754709727028,0.9573980260284737,1.4420629521206558,NCD_YFP_ilid,0.001,0.04,300.0,0.0,0.0,0.02,Both,100.0,1.0,60.0,300.0,100.0,4.0,
8,8,35,41.75466676275812,1.810414165153791,419.0,323.9714285714286,0.2558566017459009,19,168.1875,0.9825173496968369,0.9672837977596831,2.342824455584206,NCD_YFP_ilid,0.001,0.04,300.0,0.0,0.0,0.02,Both,100.0,1.0,60.0,300.0,100.0,4.0,
10,10,11,16.23014212447877,1.2546801012249564,433.72727272727275,262.0,0.8912269970217568,22,92.60314685314678,0.9946231095425947,0.9421429009673526,2.3037795642243992,NCD_YFP_ilid,0.001,0.04,300.0,0.0,0.0,0.02,Both,100.0,1.0,60.0,300.0,100.0,4.0,
11,11,15,18.33886124114376,1.5682798574898664,458.0,277.6,-0.3424601156709653,23,148.55909090909128,0.9744958625542965,0.9784875135004079,1.511150821812966,NCD_YFP_ilid,0.001,0.04,300.0,0.0,0.0,0.02,Both,100.0,1.0,60.0,300.0,100.0,4.0,
12,12,17,19.60919623651917,1.0678588912686835,462.88235294117646,109.0,-1.533938818717085,24,193.93181818181807,0.9530264443044791,0.9309857966099094,2.2723615886477733,NCD_YFP_ilid,0.001,0.04,300.0,0.0,0.0,0.02,Both,100.0,1.0,60.0,300.0,100.0,4.0,
