,index,area,major_axis_length,minor_axis_length,centroid-0,centroid-1,orientation,label,speed (nm/s),r^2,skele r^2,MT len (um),Motor Type,Motor_Conc_uM,MT_Conc_uM,ATP_Conc_uM,ADP_Conc_uM,P_Conc_uM,Flag_Conc_mg-ml,BSA_Caesin_Both,Acq_Time_s,Time_Interval_s,Cy5_exptime_ms,Cy5_gain,YFP_exptime_ms,YFP_gain,Temperature
0,0,9,11.581969952552525,1.3263508533083215,30.11111111111111,497.77777777777777,0.5829522702549066,1,45.1153846153846,0.875432525951557,0.9100346020761245,2.10526664143009,NCD_YFP_ilid,0.001,0.04,300.0,0.0,0.0,0.02,Both,100.0,1.0,60.0,300.0,100.0,4.0,
2,2,8,9.632235616251407,0.984904580666512,57.875,171.5,1.2563981835871803,3,72.83333333333334,0.9529085872576178,0.33333333333333337,1.5227146303242904,NCD_YFP_ilid,0.001,0.04,300.0,0.0,0.0,0.02,Both,100.0,1.0,60.0,300.0,100.0,4.0,
4,4,19,21.968435069283682,1.05396977965102,71.36842105263158,420.0,-1.4970750402886106,5,155.37062937062922,0.9887978715956032,0.971833361443751,2.671203245070513,NCD_YFP_ilid,0.001,0.04,300.0,0.0,0.0,0.02,Both,100.0,1.0,60.0,300.0,100.0,4.0,
5,5,12,15.472113011629604,1.2258090570112619,218.16666666666666,101.5,1.1011699295230386,10,57.08181818181822,0.948060486522025,0.9795918367346939,2.1760383115151565,NCD_YFP_ilid,0.001,0.04,300.0,0.0,0.0,0.02,Both,100.0,1.0,60.0,300.0,100.0,4.0,
6,6,55,64.91427573996658,2.0781297691444456,445.0,246.0,0.2093788014928468,14,224.0534188034188,0.9646742041173252,0.5523597065717355,6.245663747900439,NCD_YFP_ilid,0.001,0.04,300.0,0.0,0.0,0.02,Both,100.0,1.0,60.0,300.0,100.0,4.0,
