,index,area,major_axis_length,minor_axis_length,centroid-0,centroid-1,orientation,label,speed (nm/s),r^2,skele r^2,MT len (um),Motor Type,Motor_Conc_uM,MT_Conc_uM,ATP_Conc_uM,ADP_Conc_uM,P_Conc_uM,Flag_Conc_mg-ml,BSA_Caesin_Both,Acq_Time_s,Time_Interval_s,Cy5_exptime_ms,Cy5_gain,YFP_exptime_ms,YFP_gain,Temperature
4,4,13,16.525613447492628,1.040007200431897,64.3076923076923,53.0,-1.1320097263179416,11,6.1771428571428615,0.8047825739621339,0.09464858957721778,3.25498873078841,NCD_YFP_ilid,0.001,0.04,2.0,0.0,0.0,0.02,Both,100.0,1.0,60.0,300.0,100.0,4.0,
16,16,39,48.26454066047645,3.7616694313556582,163.02564102564102,342.43589743589746,0.37965096498458234,33,13.1776470588235,0.8811649077240274,0.6572977609945773,7.745199692954442,NCD_YFP_ilid,0.001,0.04,2.0,0.0,0.0,0.02,Both,100.0,1.0,60.0,300.0,100.0,4.0,
21,21,14,16.13111712319025,0.9210238040974833,155.07142857142858,68.5,1.5421392222418766,40,10.27462184873949,0.9336602422885665,0.8119533527696794,3.394920640579093,NCD_YFP_ilid,0.001,0.04,2.0,0.0,0.0,0.02,Both,100.0,1.0,60.0,300.0,100.0,4.0,
42,42,18,23.46657971925194,1.6287939137063447,278.5,66.66666666666667,0.5474085488615863,79,5.7905882352941145,0.8136081753864963,0.2895121398137567,3.716270641828367,NCD_YFP_ilid,0.001,0.04,2.0,0.0,0.0,0.02,Both,100.0,1.0,60.0,300.0,100.0,4.0,
48,48,14,17.120435322212543,1.0846237428948828,309.5,154.0,0.34348450448157813,90,12.168739495798327,0.9025475927920191,0.8637658066009545,2.6705826796919996,NCD_YFP_ilid,0.001,0.04,2.0,0.0,0.0,0.02,Both,100.0,1.0,60.0,300.0,100.0,4.0,
65,65,16,19.805455762503474,1.222261035752127,380.5,51.375,0.37437320431735605,112,5.492941176470579,0.9171054866655342,0.6396604938271607,2.329769347614049,NCD_YFP_ilid,0.001,0.04,2.0,0.0,0.0,0.02,Both,100.0,1.0,60.0,300.0,100.0,4.0,
71,71,19,22.237699840327295,1.0837234444397008,410.42105263157896,103.0,-1.3984141301163415,121,12.184201680672276,0.9650282473137675,0.4925636819545097,3.2950981096775185,NCD_YFP_ilid,0.001,0.04,2.0,0.0,0.0,0.02,Both,100.0,1.0,60.0,300.0,100.0,4.0,
72,72,11,15.138407561961595,1.200077804093537,416.6363636363636,132.0,-0.9870816295615362,123,7.360000000000004,0.8639705882352943,0.8299981398974963,2.323476557346921,NCD_YFP_ilid,0.001,0.04,2.0,0.0,0.0,0.02,Both,100.0,1.0,60.0,300.0,100.0,4.0,
