,index,area,major_axis_length,minor_axis_length,centroid-0,centroid-1,orientation,label,speed (nm/s),r^2,skele r^2,MT len (um),Motor Type,Motor_Conc_uM,MT_Conc_uM,ATP_Conc_uM,ADP_Conc_uM,P_Conc_uM,Flag_Conc_mg-ml,BSA_Caesin_Both,Acq_Time_s,Time_Interval_s,Cy5_exptime_ms,Cy5_gain,YFP_exptime_ms,YFP_gain,Temperature
6,6,11,15.731142879902597,1.0612186458990849,39.72727272727273,311.45454545454544,-0.7692920286074216,10,8.22484162895928,0.8954537002967896,0.7160615968373449,2.624722505408275,NCD_YFP_ilid,0.001,0.04,2.0,0.0,0.0,0.02,Both,100.0,1.0,60.0,300.0,100.0,4.0,
7,7,21,26.920311690253353,1.2543773318018516,57.0,23.523809523809526,0.4521571099070918,11,15.085134006265216,0.8019272386335211,0.5660007572399526,4.821476455129857,NCD_YFP_ilid,0.001,0.04,2.0,0.0,0.0,0.02,Both,100.0,1.0,60.0,300.0,100.0,4.0,
10,10,9,12.069809418580267,1.295270354215335,74.0,500.1111111111111,0.5474396974201464,15,6.469140271493197,0.9262066120174225,0.8150016935703168,2.3213240307918843,NCD_YFP_ilid,0.001,0.04,2.0,0.0,0.0,0.02,Both,100.0,1.0,60.0,300.0,100.0,4.0,
16,16,9,11.884343825882448,0.9922671265500705,143.0,472.0,0.5195361297680455,29,5.886334841628941,0.9061529915367769,0.6342780026990554,2.2809823771097393,NCD_YFP_ilid,0.001,0.04,2.0,0.0,0.0,0.02,Both,100.0,1.0,60.0,300.0,100.0,4.0,
25,25,11,13.313348979501388,1.0013355253394898,229.63636363636363,177.0,-1.2526471506937142,53,13.127692307692296,0.9222728230194344,0.8364550651847114,2.242530007497473,NCD_YFP_ilid,0.001,0.04,2.0,0.0,0.0,0.02,Both,100.0,1.0,60.0,300.0,100.0,4.0,
30,30,16,19.6813473346565,1.4429369676495025,252.5,442.6875,-0.35820178036296724,59,8.800361990950215,0.9324527067526276,0.7606152860118567,2.4653016758871478,NCD_YFP_ilid,0.001,0.04,2.0,0.0,0.0,0.02,Both,100.0,1.0,60.0,300.0,100.0,4.0,
45,45,11,13.508781568191136,1.3577183269353534,349.0,199.45454545454547,-0.36058563532505766,84,11.64882352941177,0.8964986585450596,0.8503271849609361,2.2446302939877487,NCD_YFP_ilid,0.001,0.04,2.0,0.0,0.0,0.02,Both,100.0,1.0,60.0,300.0,100.0,4.0,
