,index,area,major_axis_length,minor_axis_length,centroid-0,centroid-1,orientation,label,speed (nm/s),r^2,skele r^2,MT len (um),Motor Type,Motor_Conc_uM,MT_Conc_uM,ATP_Conc_uM,ADP_Conc_uM,P_Conc_uM,Flag_Conc_mg-ml,BSA_Caesin_Both,Acq_Time_s,Time_Interval_s,Cy5_exptime_ms,Cy5_gain,YFP_exptime_ms,YFP_gain,Temperature
6,7,20,20.689075459707677,4.791884454212306,61.45,432.4,-0.5133001599483251,15,6.853613445378135,0.8846621106406203,0.7796094156085259,3.4169747950458227,NCD_YFP_ilid,0.001,0.04,2.0,0.0,0.0,0.02,Both,100.0,1.0,60.0,300.0,100.0,4.0,
9,10,14,20.013819994621862,0.9136543793552583,73.14285714285714,340.5,-0.9360365145071983,22,17.147563025210076,0.9280013676119885,0.8554935328183781,3.4195414225173795,NCD_YFP_ilid,0.001,0.04,2.0,0.0,0.0,0.02,Both,100.0,1.0,60.0,300.0,100.0,4.0,
19,21,9,10.327955589886445,0.0,151.0,494.0,0.0,45,8.473277310924372,0.915422371996377,0.8637715118103826,1.8919531986336038,NCD_YFP_ilid,0.001,0.04,2.0,0.0,0.0,0.02,Both,100.0,1.0,60.0,300.0,100.0,4.0,
27,29,12,15.981362582520322,1.2185806887146284,246.16666666666666,154.5,-1.0414975464906624,71,15.094957983193268,0.9495881212077493,0.858941763481396,2.65330322457333,NCD_YFP_ilid,0.001,0.04,2.0,0.0,0.0,0.02,Both,100.0,1.0,60.0,300.0,100.0,4.0,
32,35,15,13.422881239201557,3.92196567984046,282.2,375.06666666666666,1.3727700828208922,84,14.518991596638648,0.9078767546650243,0.5412740136951923,2.7105400676556157,NCD_YFP_ilid,0.001,0.04,2.0,0.0,0.0,0.02,Both,100.0,1.0,60.0,300.0,100.0,4.0,
40,43,14,16.341329832333894,1.7325575423070227,331.7142857142857,299.57142857142856,1.2860564013840814,97,5.574117647058825,0.8382505419926478,0.4377350983796342,2.5298476513855523,NCD_YFP_ilid,0.001,0.04,2.0,0.0,0.0,0.02,Both,100.0,1.0,60.0,300.0,100.0,4.0,
61,65,19,24.03229213256664,1.894784708932062,484.6842105263158,195.0,-1.1458592171811501,124,9.447394957983201,0.8319020360494056,0.6464572680788896,3.9587282557788517,NCD_YFP_ilid,0.001,0.04,2.0,0.0,0.0,0.02,Both,100.0,1.0,60.0,300.0,100.0,4.0,
