,index,area,major_axis_length,minor_axis_length,centroid-0,centroid-1,orientation,label,speed (nm/s),r^2,skele r^2,MT len (um),Motor Type,Motor_Conc_uM,MT_Conc_uM,ATP_Conc_uM,ADP_Conc_uM,P_Conc_uM,Flag_Conc_mg-ml,BSA_Caesin_Both,Acq_Time_s,Time_Interval_s,Cy5_exptime_ms,Cy5_gain,YFP_exptime_ms,YFP_gain,Temperature
60,60,17,19.828826907463704,1.056030931608846,410.05882352941177,106.0,-1.4171552714483808,120,8.87321266968326,0.8056141997028698,0.632132273697627,3.241212948178978,NCD_YFP_ilid,0.001,0.04,2.0,0.0,0.0,0.02,Both,100.0,1.0,60.0,300.0,100.0,4.0,
62,62,10,12.659301142985555,1.0872417262065561,418.5,121.4,-0.4350670509331283,123,8.971861445637177,0.9178187375585108,0.8725156567245275,2.090491662705343,NCD_YFP_ilid,0.001,0.04,2.0,0.0,0.0,0.02,Both,100.0,1.0,60.0,300.0,100.0,4.0,
