,index,area,major_axis_length,minor_axis_length,centroid-0,centroid-1,orientation,label,speed (nm/s),r^2,skele r^2,MT len (um),Motor Type,Motor_Conc_uM,MT_Conc_uM,ATP_Conc_uM,ADP_Conc_uM,P_Conc_uM,Flag_Conc_mg-ml,BSA_Caesin_Both,Acq_Time_s,Time_Interval_s,Cy5_exptime_ms,Cy5_gain,YFP_exptime_ms,YFP_gain,Temperature
2,2,18,21.52840465972256,1.19024438504237,30.5,21.5,1.3010814626741791,7,8.51624434389141,0.8676441568774954,0.2761713770630263,3.489480358777423,NCD_YFP_ilid,0.001,0.04,2.0,0.0,0.0,0.02,Both,100.0,1.0,60.0,300.0,100.0,4.0,
8,8,14,20.205275821862664,1.5091193482789635,74.85714285714286,55.5,0.852863169642888,19,4.334615384615378,0.8604382929642439,0.25287356321839294,3.554366857235159,NCD_YFP_ilid,0.001,0.04,2.0,0.0,0.0,0.02,Both,100.0,1.0,60.0,300.0,100.0,4.0,
17,17,9,10.692331838785584,1.0159057735095922,105.88888888888889,274.0,-1.307763117296515,29,10.783434650455929,0.8707492642725866,0.601582941761956,2.0937875223206475,NCD_YFP_ilid,0.001,0.04,2.0,0.0,0.0,0.02,Both,100.0,1.0,60.0,300.0,100.0,4.0,
22,23,9,10.327955589886445,0.0,150.0,494.0,0.0,40,6.702262443438909,0.8229757403906741,0.8580906759568395,1.8447987640481902,NCD_YFP_ilid,0.001,0.04,2.0,0.0,0.0,0.02,Both,100.0,1.0,60.0,300.0,100.0,4.0,
26,27,8,9.16515138991168,0.0,179.5,233.0,0.0,46,11.728959276018095,0.9541555752735876,0.8882764793694752,1.4076305273322378,NCD_YFP_ilid,0.001,0.04,2.0,0.0,0.0,0.02,Both,100.0,1.0,60.0,300.0,100.0,4.0,
28,29,10,13.717942732781156,1.2562034787950103,189.5,442.7,0.5808131254591361,49,12.027647058823531,0.8129360874106364,0.8070119306592272,2.4296618720721557,NCD_YFP_ilid,0.001,0.04,2.0,0.0,0.0,0.02,Both,100.0,1.0,60.0,300.0,100.0,4.0,
29,30,17,19.660100561147107,1.0650939697216726,186.64705882352942,298.0,-1.4898515699611465,50,15.925158371040725,0.9525305480242872,0.7802226052396709,3.1123387509295966,NCD_YFP_ilid,0.001,0.04,2.0,0.0,0.0,0.02,Both,100.0,1.0,60.0,300.0,100.0,4.0,
42,44,24,32.159368121841034,2.3088086883650853,349.5,294.3333333333333,0.5351215001990808,84,13.324389140271483,0.9740649477870204,0.7004839038206538,4.605648631870101,NCD_YFP_ilid,0.001,0.04,2.0,0.0,0.0,0.02,Both,100.0,1.0,60.0,300.0,100.0,4.0,
