,index,area,major_axis_length,minor_axis_length,centroid-0,centroid-1,orientation,label,speed (nm/s),r^2,skele r^2,MT len (um),Motor Type,Motor_Conc_uM,MT_Conc_uM,ATP_Conc_uM,ADP_Conc_uM,P_Conc_uM,Flag_Conc_mg-ml,BSA_Caesin_Both,Acq_Time_s,Time_Interval_s,Cy5_exptime_ms,Cy5_gain,YFP_exptime_ms,YFP_gain,Temperature
0,0,25,29.030135771306696,2.9246567490048156,22.0,432.44,0.11375825252809385,2,180.95454545454535,0.9279948254586073,0.978420566949381,2.259385602910378,NCD_YFP_ilid,0.001,0.04,10000.0,0.0,0.0,0.02,Both,100.0,1.0,60.0,300.0,100.0,4.0,
1,1,13,15.638649674972605,1.0989923896339469,96.15384615384616,20.0,1.2758239429447218,6,92.15500000000003,0.9947899965895869,0.9909382323778619,1.8355567291384094,NCD_YFP_ilid,0.001,0.04,10000.0,0.0,0.0,0.02,Both,100.0,1.0,60.0,300.0,100.0,4.0,
2,2,41,59.68182684433762,2.5096736508212927,115.26829268292683,229.3658536585366,-0.8394730599524074,7,136.47486631016037,0.9881154195228221,0.9655118317214273,2.280669429959286,NCD_YFP_ilid,0.001,0.04,10000.0,0.0,0.0,0.02,Both,100.0,1.0,60.0,300.0,100.0,4.0,
3,3,22,25.72542945115729,2.4837917993039587,127.5,317.04545454545456,-0.16551525625471444,9,170.93181818181807,0.9755594833955241,0.9915559542626056,1.844244521584643,NCD_YFP_ilid,0.001,0.04,10000.0,0.0,0.0,0.02,Both,100.0,1.0,60.0,300.0,100.0,4.0,
4,4,18,20.78280895915324,2.4995382120529195,120.55555555555556,23.5,-1.5163965235744539,10,147.0954545454545,0.9797282245488973,0.9806706114398422,1.6522065800009234,NCD_YFP_ilid,0.001,0.04,10000.0,0.0,0.0,0.02,Both,100.0,1.0,60.0,300.0,100.0,4.0,
6,6,16,18.790373551565114,1.3635841714548427,313.5,81.9375,-0.1941855617903281,15,129.9298245614035,0.9909026465028355,0.929542819816505,2.1507987219132847,NCD_YFP_ilid,0.001,0.04,10000.0,0.0,0.0,0.02,Both,100.0,1.0,60.0,300.0,100.0,4.0,
7,7,18,20.997145083894736,1.1369862936939616,351.5,169.94444444444446,-0.1530240075425794,17,181.41250000000002,0.9912824209302267,0.9866699733399467,1.2560631733656389,NCD_YFP_ilid,0.001,0.04,10000.0,0.0,0.0,0.02,Both,100.0,1.0,60.0,300.0,100.0,4.0,
