,index,area,major_axis_length,minor_axis_length,centroid-0,centroid-1,orientation,label,speed (nm/s),r^2,skele r^2,MT len (um),Motor Type,Motor_Conc_uM,MT_Conc_uM,ATP_Conc_uM,ADP_Conc_uM,P_Conc_uM,Flag_Conc_mg-ml,BSA_Caesin_Both,Acq_Time_s,Time_Interval_s,Cy5_exptime_ms,Cy5_gain,YFP_exptime_ms,YFP_gain,Temperature
0,0,12,16.37985541014468,1.0166956654217536,26.5,460.5,-0.5691942756121794,2,83.10441176470587,0.9954626991664028,0.9258643557834394,1.9668498373058512,NCD_YFP_ilid,0.001,0.04,1420.0,0.0,0.0,0.02,Both,100.0,1.0,60.0,300.0,100.0,4.0,
2,2,32,39.104397369960225,1.8963402469619774,167.875,433.5,-1.2355244792459716,7,157.49712643678154,0.9547222959383759,0.906702496778075,2.364034674520651,NCD_YFP_ilid,0.001,0.04,1420.0,0.0,0.0,0.02,Both,100.0,1.0,60.0,300.0,100.0,4.0,
3,3,76,98.82128677695351,3.582635092630283,353.5,148.55263157894737,0.47824014619612326,9,173.6614479638009,0.9947303920559337,0.9949078225270226,5.123416822986276,NCD_YFP_ilid,0.001,0.04,1420.0,0.0,0.0,0.02,Both,100.0,1.0,60.0,300.0,100.0,4.0,
4,4,24,28.358493210729286,1.6720833762169627,355.5,467.25,0.2181502510184423,10,157.54999999999978,0.9822046992381054,0.9728819300688771,2.2240799111001617,NCD_YFP_ilid,0.001,0.04,1420.0,0.0,0.0,0.02,Both,100.0,1.0,60.0,300.0,100.0,4.0,
5,5,75,88.87243790810804,4.434792020995078,396.0,235.08,0.22717082492721685,11,210.98879322900652,0.9876904088771581,0.9930770236843751,3.0296458862147673,NCD_YFP_ilid,0.001,0.04,1420.0,0.0,0.0,0.02,Both,100.0,1.0,60.0,300.0,100.0,4.0,
