,index,area,major_axis_length,minor_axis_length,centroid-0,centroid-1,orientation,label,speed (nm/s),r^2,skele r^2,MT len (um),Motor Type,Motor_Conc_uM,MT_Conc_uM,ATP_Conc_uM,ADP_Conc_uM,P_Conc_uM,Flag_Conc_mg-ml,BSA_Caesin_Both,Acq_Time_s,Time_Interval_s,Cy5_exptime_ms,Cy5_gain,YFP_exptime_ms,YFP_gain,Temperature
3,3,21,26.892710515472633,1.2389332500613988,380.5238095238095,368.0,1.1207743923007816,13,168.31818181818184,0.9727788279773157,0.9778365224698448,2.384189211474651,NCD_YFP_ilid,0.001,0.04,500.0,0.0,0.0,0.02,Both,100.0,1.0,60.0,300.0,100.0,4.0,
5,5,23,27.429578413882172,1.2586506948557559,417.0869565217391,100.0,1.3141363723029742,15,141.01573426573412,0.9648208572874211,0.9798725047432318,2.8341409305034606,NCD_YFP_ilid,0.001,0.04,500.0,0.0,0.0,0.02,Both,100.0,1.0,60.0,300.0,100.0,4.0,
6,6,14,16.734812000108718,1.223555364166458,436.5,125.28571428571429,0.2716421229571077,17,88.55000000000076,0.8842975206611592,0.22916666666670038,1.0914852103853803,NCD_YFP_ilid,0.001,0.04,500.0,0.0,0.0,0.02,Both,100.0,1.0,60.0,300.0,100.0,4.0,
7,7,16,21.873748884966496,1.215158309615234,464.5,97.5625,-0.5689883636626232,19,80.49999999999953,1.0,0.08685306365257828,1.7969032310791688,NCD_YFP_ilid,0.001,0.04,500.0,0.0,0.0,0.02,Both,100.0,1.0,60.0,300.0,100.0,4.0,
