,index,area,major_axis_length,minor_axis_length,centroid-0,centroid-1,orientation,label,speed (nm/s),r^2,skele r^2,MT len (um),Motor Type,Motor_Conc_uM,MT_Conc_uM,ATP_Conc_uM,ADP_Conc_uM,P_Conc_uM,Flag_Conc_mg-ml,BSA_Caesin_Both,Acq_Time_s,Time_Interval_s,Cy5_exptime_ms,Cy5_gain,YFP_exptime_ms,YFP_gain,Temperature
0,0,14,18.614712085109506,1.744567108666629,115.21428571428571,452.5,0.9570220476559407,4,94.16060606060609,0.9891540712502349,0.9046558253508578,1.7640593557031545,NCD_YFP_ilid,0.001,0.04,1420.0,0.0,0.0,0.02,Both,100.0,1.0,60.0,300.0,100.0,4.0,
1,1,30,44.08575803205402,1.7337643263099551,165.7,47.5,-0.9026147789219571,7,165.72105263157894,0.9430459816419188,0.9092084175456109,3.230235714384808,NCD_YFP_ilid,0.001,0.04,1420.0,0.0,0.0,0.02,Both,100.0,1.0,60.0,300.0,100.0,4.0,
2,2,24,33.35872673726206,1.1906186168960078,207.5,93.66666666666667,-0.5920631781331162,9,148.63750000000002,0.9750719258929473,0.9888400932190002,2.92911722424522,NCD_YFP_ilid,0.001,0.04,1420.0,0.0,0.0,0.02,Both,100.0,1.0,60.0,300.0,100.0,4.0,
3,3,87,108.15237102151342,3.30667657776935,271.02298850574715,299.0689655172414,0.38363675605142245,11,196.4612841374793,0.9819829609563815,0.9919167328713159,5.5204143740733995,NCD_YFP_ilid,0.001,0.04,1420.0,0.0,0.0,0.02,Both,100.0,1.0,60.0,300.0,100.0,4.0,
4,4,24,34.79515198268857,3.3112029790198343,248.5,25.25,-0.8512975480210199,12,130.83000000000004,0.9808061141947556,0.9916148529024023,2.2823660080495998,NCD_YFP_ilid,0.001,0.04,1420.0,0.0,0.0,0.02,Both,100.0,1.0,60.0,300.0,100.0,4.0,
5,5,44,52.319095133158406,3.766080034689399,359.6818181818182,270.5,-1.3280863795938371,16,202.52777777777774,0.988996116681734,0.9909277472781234,2.1006874404906304,NCD_YFP_ilid,0.001,0.04,1420.0,0.0,0.0,0.02,Both,100.0,1.0,60.0,300.0,100.0,4.0,
7,7,30,39.666309566746925,1.4565929880303328,475.3333333333333,63.46666666666667,1.0494956536932365,20,91.58553948832045,0.9969936395305022,0.872335013696756,4.63878501196918,NCD_YFP_ilid,0.001,0.04,1420.0,0.0,0.0,0.02,Both,100.0,1.0,60.0,300.0,100.0,4.0,
