,index,area,major_axis_length,minor_axis_length,centroid-0,centroid-1,orientation,label,speed (nm/s),r^2,skele r^2,MT len (um),Motor Type,Motor_Conc_uM,MT_Conc_uM,ATP_Conc_uM,ADP_Conc_uM,P_Conc_uM,Flag_Conc_mg-ml,BSA_Caesin_Both,Acq_Time_s,Time_Interval_s,Cy5_exptime_ms,Cy5_gain,YFP_exptime_ms,YFP_gain,Temperature
0,0,62,64.6491725394075,8.207354057519739,23.612903225806452,434.03225806451616,-0.9242104119554959,1,143.96471413369446,0.9624631902740456,0.9897958420026531,8.524750521016443,NCD_YFP_ilid,0.001,0.04,300.0,0.0,0.0,0.02,Both,100.0,1.0,60.0,300.0,100.0,4.0,
1,1,19,25.71770141947129,1.0559683498988477,25.0,74.47368421052632,0.5517131763309322,2,114.55769230769232,0.9881081081081081,0.9521504912678832,2.2279455813390525,NCD_YFP_ilid,0.001,0.04,300.0,0.0,0.0,0.02,Both,100.0,1.0,60.0,300.0,100.0,4.0,
2,2,46,42.298036898772416,7.293138839485752,55.15217391304348,92.3695652173913,0.5314516430014397,4,134.9128342245989,0.9860992483138215,0.984642499367881,2.3574752640871948,NCD_YFP_ilid,0.001,0.04,300.0,0.0,0.0,0.02,Both,100.0,1.0,60.0,300.0,100.0,4.0,
6,6,18,24.208265787462466,1.2310252309070937,141.5,315.5,0.5416718458045102,12,139.76923076923063,0.9734978368851145,0.9841287245415421,1.3790121063170995,NCD_YFP_ilid,0.001,0.04,300.0,0.0,0.0,0.02,Both,100.0,1.0,60.0,300.0,100.0,4.0,
7,7,96,111.28181350098252,2.2600849392320645,210.875,251.5,1.482169589805457,13,178.03159663865546,0.998055582107126,0.9907889061807407,7.576042592920825,NCD_YFP_ilid,0.001,0.04,300.0,0.0,0.0,0.02,Both,100.0,1.0,60.0,300.0,100.0,4.0,
8,8,22,25.37715508089904,0.0,288.0,122.5,1.5707963267948966,14,85.41321480938406,0.9802007733169342,0.9844379688759377,3.0322677510877116,NCD_YFP_ilid,0.001,0.04,300.0,0.0,0.0,0.02,Both,100.0,1.0,60.0,300.0,100.0,4.0,
9,9,28,37.51706290398901,3.410755981341105,444.42857142857144,480.39285714285717,0.9276858673651273,17,131.72727272727275,0.9787217904735233,0.9452322152757424,2.2999646376090594,NCD_YFP_ilid,0.001,0.04,300.0,0.0,0.0,0.02,Both,100.0,1.0,60.0,300.0,100.0,4.0,
