,index,area,major_axis_length,minor_axis_length,centroid-0,centroid-1,orientation,label,speed (nm/s),r^2,skele r^2,MT len (um),Motor Type,Motor_Conc_uM,MT_Conc_uM,ATP_Conc_uM,ADP_Conc_uM,P_Conc_uM,Flag_Conc_mg-ml,BSA_Caesin_Both,Acq_Time_s,Time_Interval_s,Cy5_exptime_ms,Cy5_gain,YFP_exptime_ms,YFP_gain,Temperature
1,1,18,27.718251803952167,0.9911950110783205,146.5,223.05555555555554,0.7252721904694865,5,87.10227272727275,0.9823331456808657,0.9614693075539997,2.2753946991570992,NCD_YFP_ilid,0.001,0.04,10000.0,0.0,0.0,0.02,Both,100.0,1.0,60.0,300.0,100.0,4.0,
4,4,14,16.285264391753227,1.8110658765107812,282.57142857142856,130.5,-1.4292919618477011,16,200.2916666666667,0.9889654540875897,0.8857421875000006,1.8779434622959161,NCD_YFP_ilid,0.001,0.04,10000.0,0.0,0.0,0.02,Both,100.0,1.0,60.0,300.0,100.0,4.0,
8,8,14,17.412565793796862,1.1368150223597546,415.92857142857144,488.5,1.182877214195957,23,94.85489510489509,0.9578464780588599,0.9465590157631679,2.6018791356049236,NCD_YFP_ilid,0.001,0.04,10000.0,0.0,0.0,0.02,Both,100.0,1.0,60.0,300.0,100.0,4.0,
9,9,35,53.01215163067891,2.8256738217868125,437.8285714285714,193.0,-0.8652661105245725,25,115.17532523384587,0.8656709273024468,0.9301390318661575,3.7841488431250236,NCD_YFP_ilid,0.001,0.04,10000.0,0.0,0.0,0.02,Both,100.0,1.0,60.0,300.0,100.0,4.0,
