,index,area,major_axis_length,minor_axis_length,centroid-0,centroid-1,orientation,label,speed (nm/s),r^2,skele r^2,MT len (um),Motor Type,Motor_Conc_uM,MT_Conc_uM,ATP_Conc_uM,ADP_Conc_uM,P_Conc_uM,Flag_Conc_mg-ml,BSA_Caesin_Both,Acq_Time_s,Time_Interval_s,Cy5_exptime_ms,Cy5_gain,YFP_exptime_ms,YFP_gain,Temperature
4,4,45,55.33202286248604,3.8254297290616965,131.66666666666666,159.0,-1.218407037049061,6,38.99563025210087,0.9842036785250934,0.8559336806214094,6.327293456665086,NCD_YFP_ilid,0.001,0.04,30.0,0.0,0.0,0.02,Both,100.0,1.0,60.0,300.0,100.0,4.0,27.1
6,6,34,39.86010826456393,1.940856730051183,192.5,164.35294117647058,0.17642813530290635,8,58.798823529411735,0.9114328063806126,0.5415429535226677,4.708929691618724,NCD_YFP_ilid,0.001,0.04,30.0,0.0,0.0,0.02,Both,100.0,1.0,60.0,300.0,100.0,4.0,27.1
11,11,49,57.1166559208146,1.5813320362478476,376.8979591836735,298.0,-1.432093812020318,13,27.395126050420142,0.9892826699484479,0.9786091321370523,7.867835999302696,NCD_YFP_ilid,0.001,0.04,30.0,0.0,0.0,0.02,Both,100.0,1.0,60.0,300.0,100.0,4.0,27.1
12,12,62,73.48357939715147,2.710671895507467,425.06451612903226,173.58064516129033,1.3130928729466915,15,31.84050420168074,0.9489429405235683,0.980729264254158,8.0764610819396,NCD_YFP_ilid,0.001,0.04,30.0,0.0,0.0,0.02,Both,100.0,1.0,60.0,300.0,100.0,4.0,27.1
13,13,34,40.905465210232094,1.4320874316885663,447.5,412.11764705882354,0.2862715989143825,17,33.63518333649251,0.9640564736393842,0.7673862020031543,3.5540410329323664,NCD_YFP_ilid,0.001,0.04,30.0,0.0,0.0,0.02,Both,100.0,1.0,60.0,300.0,100.0,4.0,27.1
14,14,64,75.16557480631367,1.3212641811780064,475.34375,164.5,-1.3864082897370402,18,49.05378151260506,0.952000203681038,0.9898650140821236,9.226377629896922,NCD_YFP_ilid,0.001,0.04,30.0,0.0,0.0,0.02,Both,100.0,1.0,60.0,300.0,100.0,4.0,27.1
