,index,area,major_axis_length,minor_axis_length,centroid-0,centroid-1,orientation,label,speed (nm/s),r^2,skele r^2,MT len (um),Motor Type,Motor_Conc_uM,MT_Conc_uM,ATP_Conc_uM,ADP_Conc_uM,P_Conc_uM,Flag_Conc_mg-ml,BSA_Caesin_Both,Acq_Time_s,Time_Interval_s,Cy5_exptime_ms,Cy5_gain,YFP_exptime_ms,YFP_gain,Temperature
0,0,33,39.19088413066458,1.1819116322341248,86.0,111.9090909090909,-0.23795129506353718,2,56.03109243697477,0.9912853107630338,0.5124458745628989,4.332345004203213,NCD_YFP_ilid,0.001,0.04,30.0,0.0,0.0,0.02,Both,100.0,1.0,60.0,300.0,100.0,4.0,27.1
3,3,18,22.748131320996368,1.4415536612487536,194.33333333333334,181.5,-1.1478957882212304,6,54.363636363636346,0.9514406997684589,0.9314066454684173,3.099136765686544,NCD_YFP_ilid,0.001,0.04,30.0,0.0,0.0,0.02,Both,100.0,1.0,60.0,300.0,100.0,4.0,27.1
4,4,17,20.31125627292176,1.296627285737355,228.58823529411765,368.0,1.3040529659372293,7,9.331428571428555,0.8169830915901368,0.34178641870949655,3.5606710704531066,NCD_YFP_ilid,0.001,0.04,30.0,0.0,0.0,0.02,Both,100.0,1.0,60.0,300.0,100.0,4.0,27.1
5,5,31,49.42239434578834,0.7407329534787729,258.5806451612903,450.0,-0.8093379162194146,8,36.28588235294116,0.9706964595633274,0.8640047290666388,5.749152333880911,NCD_YFP_ilid,0.001,0.04,30.0,0.0,0.0,0.02,Both,100.0,1.0,60.0,300.0,100.0,4.0,27.1
8,8,44,68.68628775885044,2.327448045448266,302.02272727272725,83.1590909090909,-0.7989389493680008,11,124.8952169172821,0.9564744851222792,0.1966609728999329,8.387489166760124,NCD_YFP_ilid,0.001,0.04,30.0,0.0,0.0,0.02,Both,100.0,1.0,60.0,300.0,100.0,4.0,27.1
10,10,29,44.29550395322817,1.1667740287583364,334.0,180.79310344827587,0.729958115007499,13,23.432941176470546,0.9889166831120759,0.7033820638664519,4.167354897050156,NCD_YFP_ilid,0.001,0.04,30.0,0.0,0.0,0.02,Both,100.0,1.0,60.0,300.0,100.0,4.0,27.1
11,11,40,48.403229069493115,2.4015444293572004,356.5,124.9,-0.3050909687609799,14,121.23816326530617,0.850976911251547,0.7542069727518446,5.6219433942384605,NCD_YFP_ilid,0.001,0.04,30.0,0.0,0.0,0.02,Both,100.0,1.0,60.0,300.0,100.0,4.0,27.1
12,12,46,64.05885531511493,1.5192255478953869,368.5,224.06521739130434,0.593700186039572,15,46.22033613445375,0.9966875253536849,0.9510235616394278,7.308123152932358,NCD_YFP_ilid,0.001,0.04,30.0,0.0,0.0,0.02,Both,100.0,1.0,60.0,300.0,100.0,4.0,27.1
