,index,area,major_axis_length,minor_axis_length,centroid-0,centroid-1,orientation,label,speed (nm/s),r^2,skele r^2,MT len (um),Motor Type,Motor_Conc_uM,MT_Conc_uM,ATP_Conc_uM,ADP_Conc_uM,P_Conc_uM,Flag_Conc_mg-ml,BSA_Caesin_Both,Acq_Time_s,Time_Interval_s,Cy5_exptime_ms,Cy5_gain,YFP_exptime_ms,YFP_gain,Temperature
1,1,53,80.54690676467837,2.0319652826565364,283.0,422.9056603773585,0.8192396237360823,2,194.37215501792141,0.9593060272139159,0.9655945205097534,4.38973016928117,NCD_YFP_ilid,0.001,0.04,5000.0,0.0,0.0,0.02,Both,100.0,1.0,60.0,300.0,100.0,4.0,27.1
2,2,26,34.381177023096875,2.254461243968995,444.53846153846155,256.88461538461536,0.5261580936836773,3,112.01338235294119,0.9176175382034094,0.9603699125483816,2.997834679208813,NCD_YFP_ilid,0.001,0.04,5000.0,0.0,0.0,0.02,Both,100.0,1.0,60.0,300.0,100.0,4.0,27.1
3,3,18,24.2766317426179,1.3252404855074882,468.5,166.5,0.546470642042249,4,98.06363636363643,0.8939630207173092,0.9688467554023427,2.4166337722390283,NCD_YFP_ilid,0.001,0.04,5000.0,0.0,0.0,0.02,Both,100.0,1.0,60.0,300.0,100.0,4.0,27.1
