,index,area,major_axis_length,minor_axis_length,centroid-0,centroid-1,orientation,label,speed (nm/s),r^2,skele r^2,MT len (um),Motor Type,Motor_Conc_uM,MT_Conc_uM,ATP_Conc_uM,ADP_Conc_uM,P_Conc_uM,Flag_Conc_mg-ml,BSA_Caesin_Both,Acq_Time_s,Time_Interval_s,Cy5_exptime_ms,Cy5_gain,YFP_exptime_ms,YFP_gain,Temperature
0,0,97,118.4663342934492,6.597514129702051,118.70103092783505,451.29896907216494,-1.1430016664564895,3,170.8931221719456,0.9989099395991585,0.9875163612560095,7.956343112958897,NCD_YFP_ilid,0.001,0.04,300.0,0.0,0.0,0.02,Both,100.0,1.0,60.0,300.0,100.0,4.0,27.1
3,3,69,79.6660632422952,2.9772203671569106,206.0,165.768115942029,-0.001536671783106188,7,121.24620673304874,0.9829184192934254,0.978470606101151,3.3600168350808386,NCD_YFP_ilid,0.001,0.04,300.0,0.0,0.0,0.02,Both,100.0,1.0,60.0,300.0,100.0,4.0,27.1
4,4,16,19.31892576567383,1.3338317961361796,310.25,16.5,-1.2670875070699539,11,98.85964912280697,0.9894037615046019,0.867903187202911,2.443436186835044,NCD_YFP_ilid,0.001,0.04,300.0,0.0,0.0,0.02,Both,100.0,1.0,60.0,300.0,100.0,4.0,27.1
