,index,area,major_axis_length,minor_axis_length,centroid-0,centroid-1,orientation,label,speed (nm/s),r^2,skele r^2,MT len (um),Motor Type,Motor_Conc_uM,MT_Conc_uM,ATP_Conc_uM,ADP_Conc_uM,P_Conc_uM,Flag_Conc_mg-ml,BSA_Caesin_Both,Acq_Time_s,Time_Interval_s,Cy5_exptime_ms,Cy5_gain,YFP_exptime_ms,YFP_gain,Temperature
1,1,39,43.415565738922446,3.8288361439948484,96.61538461538461,102.02564102564102,-0.40363323469199297,3,136.68097112860892,0.9577298640667343,0.9962096057297471,3.31595603905485,NCD_YFP_ilid,0.001,0.04,500.0,0.0,0.0,0.02,Both,100.0,1.0,60.0,300.0,100.0,4.0,27.1
2,2,41,48.093464236805744,2.998158351922992,145.0,382.7317073170732,0.1789308311244834,4,88.94655172413788,0.8814300953936245,0.974560436896267,4.188581401328399,NCD_YFP_ilid,0.001,0.04,500.0,0.0,0.0,0.02,Both,100.0,1.0,60.0,300.0,100.0,4.0,27.1
3,3,70,71.65254468364209,9.160662547974162,232.5,34.84285714285714,0.1713153807349053,7,103.47927927927918,0.9234657346391426,0.8091633300549961,4.544973416748277,NCD_YFP_ilid,0.001,0.04,500.0,0.0,0.0,0.02,Both,100.0,1.0,60.0,300.0,100.0,4.0,27.1
4,4,87,95.92473760608767,4.478277296944059,259.8965517241379,406.08045977011494,-0.07297424589961382,8,143.9062574523515,0.9463832452307669,0.8650818551180112,6.35924137950268,NCD_YFP_ilid,0.001,0.04,500.0,0.0,0.0,0.02,Both,100.0,1.0,60.0,300.0,100.0,4.0,27.1
5,5,112,129.84035875394662,4.176020451303856,306.14285714285717,309.49107142857144,0.20480210999478146,10,164.07202099851,0.9212632572719673,0.5798320907167793,8.154551987624682,NCD_YFP_ilid,0.001,0.04,500.0,0.0,0.0,0.02,Both,100.0,1.0,60.0,300.0,100.0,4.0,27.1
6,6,64,94.90443141566169,3.502297127595652,319.765625,178.984375,-0.8491296702378708,12,119.3876923076923,0.9904334472874626,0.9965391940598728,5.439215205796603,NCD_YFP_ilid,0.001,0.04,500.0,0.0,0.0,0.02,Both,100.0,1.0,60.0,300.0,100.0,4.0,27.1
