,index,area,major_axis_length,minor_axis_length,centroid-0,centroid-1,orientation,label,speed (nm/s),r^2,skele r^2,MT len (um),Motor Type,Motor_Conc_uM,MT_Conc_uM,ATP_Conc_uM,ADP_Conc_uM,P_Conc_uM,Flag_Conc_mg-ml,BSA_Caesin_Both,Acq_Time_s,Time_Interval_s,Cy5_exptime_ms,Cy5_gain,YFP_exptime_ms,YFP_gain,Temperature
9,9,12,14.130959711626192,1.0976641186111014,204.5,286.1666666666667,0.21479632190708828,15,18.8901809954751,0.92511739780983,0.8864126404328444,2.532594909466495,NCD_YFP_ilid,0.001,0.04,2.0,0.0,0.0,0.02,Both,100.0,1.0,60.0,300.0,100.0,4.0,27.1
13,13,8,10.681218393916723,0.9547636469069535,258.5,459.25,-0.5417188736448532,20,16.64638009049773,0.8018073664066699,0.8288822277543509,1.9469828504802977,NCD_YFP_ilid,0.001,0.04,2.0,0.0,0.0,0.02,Both,100.0,1.0,60.0,300.0,100.0,4.0,27.1
18,18,6,7.057625639517946,0.9255198534259402,300.5,218.5,0.25619473015536887,27,8.093710407239813,0.8474364988254,0.7681458301554244,1.409199928008015,NCD_YFP_ilid,0.001,0.04,2.0,0.0,0.0,0.02,Both,100.0,1.0,60.0,300.0,100.0,4.0,27.1
21,21,12,15.407222944813835,1.5476624007127138,345.5833333333333,136.58333333333334,0.5305170506606807,33,5.3253846153846105,0.838737607472601,0.40790732277606434,2.8075392043124308,NCD_YFP_ilid,0.001,0.04,2.0,0.0,0.0,0.02,Both,100.0,1.0,60.0,300.0,100.0,4.0,27.1
24,24,29,42.866035689057966,1.6811926716048138,374.13793103448273,394.17241379310343,0.7051661830709562,36,8.108280542986453,0.8137955233515436,0.47100591715976214,5.553584657518912,NCD_YFP_ilid,0.001,0.04,2.0,0.0,0.0,0.02,Both,100.0,1.0,60.0,300.0,100.0,4.0,27.1
