,index,area,major_axis_length,minor_axis_length,centroid-0,centroid-1,orientation,label,speed (nm/s),r^2,skele r^2,MT len (um),Motor Type,Motor_Conc_uM,MT_Conc_uM,ATP_Conc_uM,ADP_Conc_uM,P_Conc_uM,Flag_Conc_mg-ml,BSA_Caesin_Both,Acq_Time_s,Time_Interval_s,Cy5_exptime_ms,Cy5_gain,YFP_exptime_ms,YFP_gain,Temperature
19,19,19,28.83217075011527,1.1125582195445674,405.42105263157896,275.0,-0.8624860308346045,22,8.421538461538477,0.87802668390784,0.7607281383462859,4.685522274989414,NCD_YFP_ilid,0.001,0.04,5.0,0.0,0.0,0.02,Both,100.0,1.0,60.0,300.0,100.0,4.0,27.1
26,26,41,48.09972545342484,1.2229189984779225,494.1219512195122,72.0,-1.3914389373254976,29,5.339954751131245,0.8039335751647022,0.7032623928369348,8.141736195354493,NCD_YFP_ilid,0.001,0.04,5.0,0.0,0.0,0.02,Both,100.0,1.0,60.0,300.0,100.0,4.0,27.1
