,index,area,major_axis_length,minor_axis_length,centroid-0,centroid-1,orientation,label,speed (nm/s),r^2,skele r^2,MT len (um),Motor Type,Motor_Conc_uM,MT_Conc_uM,ATP_Conc_uM,ADP_Conc_uM,P_Conc_uM,Flag_Conc_mg-ml,BSA_Caesin_Both,Acq_Time_s,Time_Interval_s,Cy5_exptime_ms,Cy5_gain,YFP_exptime_ms,YFP_gain,Temperature
5,5,43,57.32951399396474,2.1852175350543197,278.0232558139535,255.06976744186048,0.529721504217568,7,66.22855203619905,0.9473379933453993,0.8191299779147778,5.036146660220247,NCD_YFP_ilid,0.001,0.04,50.0,0.0,0.0,0.02,Both,100.0,1.0,60.0,300.0,100.0,4.0,27.1
6,6,37,42.75853377473773,3.3052588568853527,298.5405405405405,450.0,-1.5221790943152351,8,58.557258064516105,0.8735551939272668,0.7043204281260251,3.578225706914497,NCD_YFP_ilid,0.001,0.04,50.0,0.0,0.0,0.02,Both,100.0,1.0,60.0,300.0,100.0,4.0,27.1
7,7,53,64.39573338236742,2.691267718650454,331.0,227.73584905660377,-0.31723561553418383,9,140.8451784085827,0.8685049166020002,0.20241833234537943,5.350651851654013,NCD_YFP_ilid,0.001,0.04,50.0,0.0,0.0,0.02,Both,100.0,1.0,60.0,300.0,100.0,4.0,27.1
8,8,14,20.087622403711396,1.1770239375583924,322.2857142857143,294.57142857142856,0.8950849350254583,10,27.583916083916098,0.8882410106899905,0.7438016528925621,2.820006845019307,NCD_YFP_ilid,0.001,0.04,50.0,0.0,0.0,0.02,Both,100.0,1.0,60.0,300.0,100.0,4.0,27.1
9,9,18,21.22677764065188,1.1932774171673273,344.5,236.33333333333334,-0.21212629486094137,11,22.19318181818181,0.9169717757993858,0.8219940353843511,2.9409458510294963,NCD_YFP_ilid,0.001,0.04,50.0,0.0,0.0,0.02,Both,100.0,1.0,60.0,300.0,100.0,4.0,27.1
13,13,11,14.708249779336585,1.1490348082755348,398.0,392.1818181818182,-0.5373445082886223,15,40.1811965811966,0.9849878025896041,0.9135260826450344,2.223010149152921,NCD_YFP_ilid,0.001,0.04,50.0,0.0,0.0,0.02,Both,100.0,1.0,60.0,300.0,100.0,4.0,27.1
