,index,area,major_axis_length,minor_axis_length,centroid-0,centroid-1,orientation,label,speed (nm/s),r^2,skele r^2,MT len (um),Motor Type,Motor_Conc_uM,MT_Conc_uM,ATP_Conc_uM,ADP_Conc_uM,P_Conc_uM,Flag_Conc_mg-ml,BSA_Caesin_Both,Acq_Time_s,Time_Interval_s,Cy5_exptime_ms,Cy5_gain,YFP_exptime_ms,YFP_gain,Temperature
0,0,82,74.38896800824952,14.827886216089295,207.26829268292684,315.6341463414634,0.35724098764381,2,136.1580318942046,0.9806722783053028,0.8217260860846256,8.742969911056628,NCD_YFP_ilid,0.001,0.04,50.0,0.0,0.0,0.02,Both,100.0,1.0,60.0,300.0,100.0,4.0,27.1
2,2,47,56.14132187898719,2.6966537531674706,258.0,246.04255319148936,0.2600138874501662,7,68.7796638655462,0.9514815919395068,0.8963742019175823,5.2351529028494745,NCD_YFP_ilid,0.001,0.04,50.0,0.0,0.0,0.02,Both,100.0,1.0,60.0,300.0,100.0,4.0,27.1
3,3,46,53.6361275347266,3.817856861912325,309.5,233.43478260869566,-0.14138333531010616,8,118.86800815904458,0.9143061706157056,0.8663958232152931,5.330404783872984,NCD_YFP_ilid,0.001,0.04,50.0,0.0,0.0,0.02,Both,100.0,1.0,60.0,300.0,100.0,4.0,27.1
5,5,20,23.901463098701836,1.0770616237683104,339.5,237.65,-0.265595237028456,10,83.5779411764705,0.9631567543275364,0.982550069403133,2.761051049801099,NCD_YFP_ilid,0.001,0.04,50.0,0.0,0.0,0.02,Both,100.0,1.0,60.0,300.0,100.0,4.0,27.1
