,index,area,major_axis_length,minor_axis_length,centroid-0,centroid-1,orientation,label,speed (nm/s),r^2,skele r^2,MT len (um),Motor Type,Motor_Conc_uM,MT_Conc_uM,ATP_Conc_uM,ADP_Conc_uM,P_Conc_uM,Flag_Conc_mg-ml,BSA_Caesin_Both,Acq_Time_s,Time_Interval_s,Cy5_exptime_ms,Cy5_gain,YFP_exptime_ms,YFP_gain,Temperature
0,0,12,14.036026003524467,1.1009978431437404,47.5,31.833333333333332,0.1809793786188645,1,57.50000000000009,0.9200000000000004,0.25000000000000044,2.364734270495645,NCD_YFP_ilid,0.001,0.04,500.0,0.0,0.0,0.02,Both,100.0,1.0,60.0,300.0,100.0,4.0,27.1
1,1,68,98.84261297501213,7.089111885898452,73.72058823529412,377.36764705882354,0.7833176767683628,2,144.72077119702368,0.930124790094673,0.897296726880549,5.529197432083807,NCD_YFP_ilid,0.001,0.04,500.0,0.0,0.0,0.02,Both,100.0,1.0,60.0,300.0,100.0,4.0,27.1
5,5,31,35.86616458231972,1.2818783637251596,254.0,29.419354838709676,-0.07053799729734576,9,63.112651821862315,0.8467183626665253,0.9801511931288533,4.454322171744978,NCD_YFP_ilid,0.001,0.04,500.0,0.0,0.0,0.02,Both,100.0,1.0,60.0,300.0,100.0,4.0,27.1
6,6,16,18.45061479068989,1.1510055801669703,280.5,28.875,0.03541736304372316,10,97.53044375645001,0.9354227068211786,0.8812181229643505,2.734022643729426,NCD_YFP_ilid,0.001,0.04,500.0,0.0,0.0,0.02,Both,100.0,1.0,60.0,300.0,100.0,4.0,27.1
8,8,85,129.00401088825288,2.078673636261894,405.67058823529413,402.98823529411766,0.8634414812384916,12,150.91853252432196,0.978788666884768,0.9921525423568363,6.5837527127286455,NCD_YFP_ilid,0.001,0.04,500.0,0.0,0.0,0.02,Both,100.0,1.0,60.0,300.0,100.0,4.0,27.1
9,9,114,132.68639253392323,3.891483422561778,413.96491228070175,167.5,1.444518581171086,13,186.51840336134444,0.9801041419968097,0.9685723635724659,9.870823843959597,NCD_YFP_ilid,0.001,0.04,500.0,0.0,0.0,0.02,Both,100.0,1.0,60.0,300.0,100.0,4.0,27.1
10,10,31,35.941633490052645,1.1627328702227016,477.8709677419355,357.0,-1.4750210400681405,14,69.25367647058819,0.9874108164706455,0.9096353660588026,3.919812243573148,NCD_YFP_ilid,0.001,0.04,500.0,0.0,0.0,0.02,Both,100.0,1.0,60.0,300.0,100.0,4.0,27.1
