,index,area,major_axis_length,minor_axis_length,centroid-0,centroid-1,orientation,label,speed (nm/s),r^2,skele r^2,MT len (um),Motor Type,Motor_Conc_uM,MT_Conc_uM,ATP_Conc_uM,ADP_Conc_uM,P_Conc_uM,Flag_Conc_mg-ml,BSA_Caesin_Both,Acq_Time_s,Time_Interval_s,Cy5_exptime_ms,Cy5_gain,YFP_exptime_ms,YFP_gain,Temperature
3,3,38,54.64704747470892,1.183652534251514,74.78947368421052,54.473684210526315,0.9262816573176421,5,32.752773109243705,0.9902946480088256,0.9240471651323349,7.294278558590799,NCD_YFP_ilid,0.001,0.04,50.0,0.0,0.0,0.02,Both,100.0,1.0,60.0,300.0,100.0,4.0,27.1
5,5,47,60.1204435801268,2.059412972490426,166.0212765957447,290.02127659574467,-0.4509742368667673,9,69.76924369747897,0.9067575664440606,0.9530393419829946,5.292358345557097,NCD_YFP_ilid,0.001,0.04,50.0,0.0,0.0,0.02,Both,100.0,1.0,60.0,300.0,100.0,4.0,27.1
7,7,52,60.25352157804478,5.101757573964089,223.71153846153845,178.5,-1.4849684144243431,12,138.9855611827074,0.9428469766093601,0.7822183307279487,6.008802338706189,NCD_YFP_ilid,0.001,0.04,50.0,0.0,0.0,0.02,Both,100.0,1.0,60.0,300.0,100.0,4.0,27.1
8,8,34,39.64353785401772,1.5119855120636965,257.61764705882354,40.5,1.4283912623887867,13,41.89865546218487,0.9266584573730732,0.787823750503355,3.276235471237202,NCD_YFP_ilid,0.001,0.04,50.0,0.0,0.0,0.02,Both,100.0,1.0,60.0,300.0,100.0,4.0,27.1
11,11,52,68.14269724951326,2.4852287333436553,328.2692307692308,161.51923076923077,1.0736330614637521,16,57.33764705882347,0.9639496222963941,0.9754126000680495,7.294376380248029,NCD_YFP_ilid,0.001,0.04,50.0,0.0,0.0,0.02,Both,100.0,1.0,60.0,300.0,100.0,4.0,27.1
12,12,39,61.23632212683924,1.17994652897787,363.0,38.51282051282051,0.7531848340226132,17,28.68621848739496,0.9623507303930194,0.9052405308128765,8.307997752076417,NCD_YFP_ilid,0.001,0.04,50.0,0.0,0.0,0.02,Both,100.0,1.0,60.0,300.0,100.0,4.0,27.1
15,15,71,82.41199016616515,2.0903137247901187,451.0,434.4788732394366,-0.10298792086212116,21,76.28780566276691,0.9503820280983758,0.22879840783913252,8.091165366993826,NCD_YFP_ilid,0.001,0.04,50.0,0.0,0.0,0.02,Both,100.0,1.0,60.0,300.0,100.0,4.0,27.1
