,index,area,major_axis_length,minor_axis_length,centroid-0,centroid-1,orientation,label,speed (nm/s),r^2,skele r^2,MT len (um),Motor Type,Motor_Conc_uM,MT_Conc_uM,ATP_Conc_uM,ADP_Conc_uM,P_Conc_uM,Flag_Conc_mg-ml,BSA_Caesin_Both,Acq_Time_s,Time_Interval_s,Cy5_exptime_ms,Cy5_gain,YFP_exptime_ms,YFP_gain,Temperature
0,0,93,110.83337738879098,2.950536205681616,164.36559139784947,251.0,1.3204543998079665,1,193.08403361344534,0.9954610995379765,0.9870727605188819,8.103469323726626,NCD_YFP_ilid,0.001,0.04,1420.0,0.0,0.0,0.02,Both,100.0,1.0,60.0,300.0,100.0,4.0,27.1
2,2,86,107.19715143889282,3.355376975426002,193.74418604651163,150.5,-1.1842919974029131,4,152.77411764705883,0.9967150308388574,0.9940168404707225,8.180083714166802,NCD_YFP_ilid,0.001,0.04,1420.0,0.0,0.0,0.02,Both,100.0,1.0,60.0,300.0,100.0,4.0,27.1
6,6,43,50.066574745303114,1.39188221733748,399.83720930232556,382.0,-1.4399140701667255,9,107.95887646124983,0.9362707067760843,0.6001547154541128,4.880664554837205,NCD_YFP_ilid,0.001,0.04,1420.0,0.0,0.0,0.02,Both,100.0,1.0,60.0,300.0,100.0,4.0,27.1
7,7,98,76.94822498541627,10.49861819305784,439.2142857142857,65.96938775510205,-0.047960548926045475,10,996.983139534894,0.9306686312458814,0.6338534224452559,4.77670446822804,NCD_YFP_ilid,0.001,0.04,1420.0,0.0,0.0,0.02,Both,100.0,1.0,60.0,300.0,100.0,4.0,27.1
