,index,area,major_axis_length,minor_axis_length,centroid-0,centroid-1,orientation,label,speed (nm/s),r^2,skele r^2,MT len (um),Motor Type,Motor_Conc_uM,MT_Conc_uM,ATP_Conc_uM,ADP_Conc_uM,P_Conc_uM,Flag_Conc_mg-ml,BSA_Caesin_Both,Acq_Time_s,Time_Interval_s,Cy5_exptime_ms,Cy5_gain,YFP_exptime_ms,YFP_gain,Temperature
0,0,15,17.36845481419624,0.9928072603040566,85.46666666666667,478.0,-1.4707998484918061,6,102.43846153846158,0.9822694718128153,0.8940987637456458,2.002724766723686,NCD_YFP_ilid,0.001,0.04,300.0,0.0,0.0,0.02,Both,100.0,1.0,60.0,300.0,100.0,4.0,27.1
1,1,46,60.46867403864739,1.90927214436086,122.71739130434783,123.52173913043478,1.0668446596467958,8,162.18032607506308,0.9841899810403335,0.9945167976483765,2.313358546707451,NCD_YFP_ilid,0.001,0.04,300.0,0.0,0.0,0.02,Both,100.0,1.0,60.0,300.0,100.0,4.0,27.1
2,2,84,101.87468065776918,2.7987296385271083,186.98809523809524,267.5,-1.2596884286538783,13,192.42778280542979,0.9885977580331268,0.9920572324335359,5.883557073225836,NCD_YFP_ilid,0.001,0.04,300.0,0.0,0.0,0.02,Both,100.0,1.0,60.0,300.0,100.0,4.0,27.1
5,5,102,126.96295452054052,7.971924848950738,240.59803921568627,455.4313725490196,-1.0722759439829146,18,156.70909502262452,0.9934020752480762,0.9723573981314927,6.705422247782291,NCD_YFP_ilid,0.001,0.04,300.0,0.0,0.0,0.02,Both,100.0,1.0,60.0,300.0,100.0,4.0,27.1
6,6,73,84.31312158564513,9.129790447466023,361.6849315068493,164.0,-1.5449214920786898,23,192.13320362456707,0.9124341923881649,0.9468841659077044,4.118418752351944,NCD_YFP_ilid,0.001,0.04,300.0,0.0,0.0,0.02,Both,100.0,1.0,60.0,300.0,100.0,4.0,27.1
9,9,50,48.88427784438906,11.59797308293878,473.0,340.28,1.4741311283978926,26,128.24184800329616,0.8609293810740006,0.40809067113801123,5.547804270521588,NCD_YFP_ilid,0.001,0.04,300.0,0.0,0.0,0.02,Both,100.0,1.0,60.0,300.0,100.0,4.0,27.1
