,index,area,major_axis_length,minor_axis_length,centroid-0,centroid-1,orientation,label,speed (nm/s),r^2,skele r^2,MT len (um),Motor Type,Motor_Conc_uM,MT_Conc_uM,ATP_Conc_uM,ADP_Conc_uM,P_Conc_uM,Flag_Conc_mg-ml,BSA_Caesin_Both,Acq_Time_s,Time_Interval_s,Cy5_exptime_ms,Cy5_gain,YFP_exptime_ms,YFP_gain,Temperature
0,0,42,58.13465196970854,1.5734100055830489,94.69047619047619,314.2142857142857,-0.9437025486454671,1,148.06924486803518,0.9141639159704847,0.7197307523739953,5.749290738785671,NCD_YFP_ilid,0.001,0.04,5000.0,0.0,0.0,0.02,Both,100.0,1.0,60.0,300.0,100.0,4.0,27.1
1,1,41,53.51291567430358,1.5720578394131193,104.0,207.8780487804878,0.48574456984444897,2,191.73636363636393,0.9801595780268352,0.3337402343750001,4.13894579568224,NCD_YFP_ilid,0.001,0.04,5000.0,0.0,0.0,0.02,Both,100.0,1.0,60.0,300.0,100.0,4.0,27.1
5,5,34,39.49396228429338,1.6147959388672581,265.5,350.20588235294116,0.11292574185159344,7,184.64335664335638,0.9565827632361686,0.9603232323232324,3.3545990033097097,NCD_YFP_ilid,0.001,0.04,5000.0,0.0,0.0,0.02,Both,100.0,1.0,60.0,300.0,100.0,4.0,27.1
