,index,area,major_axis_length,minor_axis_length,centroid-0,centroid-1,orientation,label,speed (nm/s),r^2,skele r^2,MT len (um),Motor Type,Motor_Conc_uM,MT_Conc_uM,ATP_Conc_uM,ADP_Conc_uM,P_Conc_uM,Flag_Conc_mg-ml,BSA_Caesin_Both,Acq_Time_s,Time_Interval_s,Cy5_exptime_ms,Cy5_gain,YFP_exptime_ms,YFP_gain,Temperature
1,1,75,89.49016813900121,1.9089804748323471,73.04,315.0,-1.3156701409483045,2,87.04983640793594,0.83119587789548,0.7318106781736398,7.6125693836560036,NCD_YFP_ilid,0.001,0.04,1420.0,0.0,0.0,0.02,Both,100.0,1.0,60.0,300.0,100.0,4.0,27.1
2,2,97,121.04582984787541,2.918703674945284,107.02061855670104,147.0,1.181625936714334,3,185.02332006358228,0.9463719978062421,0.9156131578796965,8.552505399785954,NCD_YFP_ilid,0.001,0.04,1420.0,0.0,0.0,0.02,Both,100.0,1.0,60.0,300.0,100.0,4.0,27.1
3,3,82,107.89290166059604,1.9699855933266701,225.03658536585365,326.5,1.070579061972644,5,87.69021390931722,0.8085232563189858,0.9562534487381241,5.396889668091577,NCD_YFP_ilid,0.001,0.04,1420.0,0.0,0.0,0.02,Both,100.0,1.0,60.0,300.0,100.0,4.0,27.1
5,5,46,71.41444202796431,1.1634652160700025,348.9130434782609,25.934782608695652,0.7917820038172441,7,117.16468108504397,0.9767157931413993,0.972430825378488,4.0693875710074625,NCD_YFP_ilid,0.001,0.04,1420.0,0.0,0.0,0.02,Both,100.0,1.0,60.0,300.0,100.0,4.0,27.1
