,index,area,major_axis_length,minor_axis_length,centroid-0,centroid-1,orientation,label,speed (nm/s),r^2,skele r^2,MT len (um),Motor Type,Motor_Conc_uM,MT_Conc_uM,ATP_Conc_uM,ADP_Conc_uM,P_Conc_uM,Flag_Conc_mg-ml,BSA_Caesin_Both,Acq_Time_s,Time_Interval_s,Cy5_exptime_ms,Cy5_gain,YFP_exptime_ms,YFP_gain,Temperature
4,4,81,122.23670394186061,3.4409877355933025,267.75308641975306,256.95061728395063,-0.7546359972461821,8,148.89950226244332,0.944340488608491,0.9296531260940077,9.245204339885133,NCD_YFP_ilid,0.001,0.04,500.0,0.0,0.0,0.02,Both,100.0,1.0,60.0,300.0,100.0,4.0,27.1
5,5,97,112.10098421151422,2.946580561101624,293.0,29.95876288659794,0.04246389253354755,9,136.75879095022628,0.9651195085697308,0.9307568732886408,,NCD_YFP_ilid,0.001,0.04,500.0,0.0,0.0,0.02,Both,100.0,1.0,60.0,300.0,100.0,4.0,27.1
6,6,114,131.89304707945675,1.7522974569177139,262.12280701754383,143.5,-1.5077191283893954,10,234.9649150615271,0.874546321016054,0.8075566553105198,7.753036617795503,NCD_YFP_ilid,0.001,0.04,500.0,0.0,0.0,0.02,Both,100.0,1.0,60.0,300.0,100.0,4.0,27.1
7,7,82,116.26938169621148,5.577708525008991,365.7439024390244,352.4878048780488,0.9494806772708111,12,167.43999999999994,0.975890960148551,0.9952729937142821,9.144293254492274,NCD_YFP_ilid,0.001,0.04,500.0,0.0,0.0,0.02,Both,100.0,1.0,60.0,300.0,100.0,4.0,27.1
8,8,104,120.08565254559983,5.691498334286887,408.83653846153845,105.5,1.5645356785052256,13,152.6804524886877,0.9894661394976655,0.9975713363569847,10.061732403159835,NCD_YFP_ilid,0.001,0.04,500.0,0.0,0.0,0.02,Both,100.0,1.0,60.0,300.0,100.0,4.0,27.1
9,9,50,65.07676639612886,2.6101485443693657,440.5,284.76,-0.48039541155405724,14,158.7794765840221,0.9481477197125704,0.8315116610898384,5.534196058599274,NCD_YFP_ilid,0.001,0.04,500.0,0.0,0.0,0.02,Both,100.0,1.0,60.0,300.0,100.0,4.0,27.1
10,10,17,19.67237924697119,1.2837498956101976,477.94117647058823,354.0,-1.4824115920560725,15,563.4999999999993,0.8299319727891135,0.28571428571429247,2.601383990736836,NCD_YFP_ilid,0.001,0.04,500.0,0.0,0.0,0.02,Both,100.0,1.0,60.0,300.0,100.0,4.0,27.1
