,index,area,major_axis_length,minor_axis_length,centroid-0,centroid-1,orientation,label,speed (nm/s),r^2,skele r^2,MT len (um),Motor Type,Motor_Conc_uM,MT_Conc_uM,ATP_Conc_uM,ADP_Conc_uM,P_Conc_uM,Flag_Conc_mg-ml,BSA_Caesin_Both,Acq_Time_s,Time_Interval_s,Cy5_exptime_ms,Cy5_gain,YFP_exptime_ms,YFP_gain,Temperature
0,0,89,93.75024054401808,15.03345041042229,47.168539325842694,400.8988764044944,-0.4562182755907582,1,161.24354473386194,0.8941129906370795,0.9571864036631184,5.843237786561307,NCD_YFP_ilid,0.001,0.04,1420.0,0.0,0.0,0.02,Both,100.0,1.0,60.0,300.0,100.0,4.0,27.1
3,3,31,36.65712106189069,1.421373897938167,130.0,396.2258064516129,0.21973041869952203,6,82.5909090909091,0.8214495540244618,0.887986376492987,3.8247538401848074,NCD_YFP_ilid,0.001,0.04,1420.0,0.0,0.0,0.02,Both,100.0,1.0,60.0,300.0,100.0,4.0,27.1
5,5,49,72.33899612306003,1.5942166169551117,204.6122448979592,298.0,0.8976623334919033,9,241.1558441558441,0.9005810544966243,0.6757665271811204,4.840223631678162,NCD_YFP_ilid,0.001,0.04,1420.0,0.0,0.0,0.02,Both,100.0,1.0,60.0,300.0,100.0,4.0,27.1
