,index,area,major_axis_length,minor_axis_length,centroid-0,centroid-1,orientation,label,speed (nm/s),r^2,skele r^2,MT len (um),Motor Type,Motor_Conc_uM,MT_Conc_uM,ATP_Conc_uM,ADP_Conc_uM,P_Conc_uM,Flag_Conc_mg-ml,BSA_Caesin_Both,Acq_Time_s,Time_Interval_s,Cy5_exptime_ms,Cy5_gain,YFP_exptime_ms,YFP_gain,Temperature
0,0,92,109.27337855489435,8.193305284565437,149.68478260869566,364.5,-1.3334017664997877,5,216.67971006457833,0.9201787136968845,0.8464981082495404,7.719230835394389,NCD_YFP_ilid,0.001,0.04,300.0,0.0,0.0,0.02,Both,100.0,1.0,60.0,300.0,100.0,4.0,27.1
2,2,24,28.435490262762286,2.7999214601516433,293.5,178.125,0.23082315424926128,12,145.2026315789473,0.9805230086664218,0.9919676687625604,2.298069077629849,NCD_YFP_ilid,0.001,0.04,300.0,0.0,0.0,0.02,Both,100.0,1.0,60.0,300.0,100.0,4.0,27.1
4,4,97,112.75102118312107,2.124130509510513,448.0,377.1855670103093,0.11550469457047662,15,202.9984347506133,0.993708500448811,0.23869702344787824,5.6889631869935515,NCD_YFP_ilid,0.001,0.04,300.0,0.0,0.0,0.02,Both,100.0,1.0,60.0,300.0,100.0,4.0,27.1
