,index,area,major_axis_length,minor_axis_length,centroid-0,centroid-1,orientation,label,speed (nm/s),r^2,skele r^2,MT len (um),Motor Type,Motor_Conc_uM,MT_Conc_uM,ATP_Conc_uM,ADP_Conc_uM,P_Conc_uM,Flag_Conc_mg-ml,BSA_Caesin_Both,Acq_Time_s,Time_Interval_s,Cy5_exptime_ms,Cy5_gain,YFP_exptime_ms,YFP_gain,Temperature
19,19,31,37.329738674861034,1.3430658461924616,360.2258064516129,251.0,1.2811748528693592,22,5.3763800904977295,0.890100689624782,0.6653831735403515,6.459068069812301,NCD_YFP_ilid,0.001,0.04,5.0,0.0,0.0,0.02,Both,100.0,1.0,60.0,300.0,100.0,4.0,27.1
21,21,16,18.679541517640654,1.036691222466524,390.0,484.5,-1.4099210495965755,24,6.7605429864253574,0.8104748810939368,0.1516873278236882,3.0935807579778953,NCD_YFP_ilid,0.001,0.04,5.0,0.0,0.0,0.02,Both,100.0,1.0,60.0,300.0,100.0,4.0,27.1
