,index,area,major_axis_length,minor_axis_length,centroid-0,centroid-1,orientation,label,speed (nm/s),r^2,skele r^2,MT len (um),Motor Type,Motor_Conc_uM,MT_Conc_uM,ATP_Conc_uM,ADP_Conc_uM,P_Conc_uM,Flag_Conc_mg-ml,BSA_Caesin_Both,Acq_Time_s,Time_Interval_s,Cy5_exptime_ms,Cy5_gain,YFP_exptime_ms,YFP_gain,Temperature
0,0,90,104.17354360257096,2.6579902273482094,8.477777777777778,86.5,1.5005282578333472,1,161.69936651583703,0.9786652746546566,0.9569902003726023,,NCD_YFP_ilid,0.001,0.04,500.0,0.0,0.0,0.02,Both,100.0,1.0,60.0,300.0,100.0,4.0,27.1
2,2,65,96.50264983469823,2.3967916856864053,171.6769230769231,93.52307692307693,-0.7129946991798113,4,148.90380903224835,0.9453910851428459,0.9834264154764721,5.774149716868686,NCD_YFP_ilid,0.001,0.04,500.0,0.0,0.0,0.02,Both,100.0,1.0,60.0,300.0,100.0,4.0,27.1
3,3,90,104.65727276367558,5.0519228355424195,255.16666666666666,173.5,-1.4516174865254228,11,162.19690500280507,0.9433406729905508,0.5765208023756626,6.741056791560356,NCD_YFP_ilid,0.001,0.04,500.0,0.0,0.0,0.02,Both,100.0,1.0,60.0,300.0,100.0,4.0,27.1
9,9,45,56.43974995447114,1.6051023244130662,428.24444444444447,115.0,-1.1690005726408679,20,193.82905982905982,0.9961285241521943,0.9916477037238496,3.4874754412382076,NCD_YFP_ilid,0.001,0.04,500.0,0.0,0.0,0.02,Both,100.0,1.0,60.0,300.0,100.0,4.0,27.1
10,10,8,9.632235616251407,0.984904580666512,450.875,154.5,-1.2563981835871803,21,201.24999999999986,0.8799999999999994,0.666666666666679,1.6662281212703458,NCD_YFP_ilid,0.001,0.04,500.0,0.0,0.0,0.02,Both,100.0,1.0,60.0,300.0,100.0,4.0,27.1
