,index,area,major_axis_length,minor_axis_length,centroid-0,centroid-1,orientation,label,speed (nm/s),r^2,skele r^2,MT len (um),Motor Type,Motor_Conc_uM,MT_Conc_uM,ATP_Conc_uM,ADP_Conc_uM,P_Conc_uM,Flag_Conc_mg-ml,BSA_Caesin_Both,Acq_Time_s,Time_Interval_s,Cy5_exptime_ms,Cy5_gain,YFP_exptime_ms,YFP_gain,Temperature
2,2,40,53.28649230201744,1.4070316794711046,153.6,50.475,1.0418048383584464,4,20.742521008403372,0.9838738379679403,0.9608999629590478,8.073503902501916,NCD_YFP_ilid,0.001,0.04,20.0,0.0,0.0,0.02,Both,100.0,1.0,60.0,300.0,100.0,4.0,27.1
3,3,28,34.292677969988276,1.4040731178076264,157.5,456.35714285714283,-0.3419205388086109,5,22.52067226890757,0.9249768636611169,0.6717260035187659,4.061488363072781,NCD_YFP_ilid,0.001,0.04,20.0,0.0,0.0,0.02,Both,100.0,1.0,60.0,300.0,100.0,4.0,27.1
4,4,46,56.43550333660033,1.8015780225725657,164.82608695652175,287.5,1.225277993018656,6,17.40268907563029,0.9315835935299799,0.9859902902095284,8.465855859712,NCD_YFP_ilid,0.001,0.04,20.0,0.0,0.0,0.02,Both,100.0,1.0,60.0,300.0,100.0,4.0,27.1
9,9,46,53.9491573270727,1.3854333578766387,258.5,286.30434782608694,0.17733287170534262,11,15.044705882352899,0.9703302106516225,0.9832932847642338,8.321632180848464,NCD_YFP_ilid,0.001,0.04,20.0,0.0,0.0,0.02,Both,100.0,1.0,60.0,300.0,100.0,4.0,27.1
11,11,46,53.68020890278773,1.4103359136614255,251.3695652173913,194.5,1.4240518113746445,13,16.090187459599235,0.9650920053688649,0.7780645898686852,7.864850730097198,NCD_YFP_ilid,0.001,0.04,20.0,0.0,0.0,0.02,Both,100.0,1.0,60.0,300.0,100.0,4.0,27.1
12,12,21,24.23726970872896,1.457366825497984,261.0,271.23809523809524,-0.03647957205573697,14,14.57697478991595,0.9558534084843077,0.6029424776838535,3.701246912753097,NCD_YFP_ilid,0.001,0.04,20.0,0.0,0.0,0.02,Both,100.0,1.0,60.0,300.0,100.0,4.0,27.1
17,17,29,39.43319101362821,1.4632715012185153,418.7586206896552,183.9655172413793,1.0024260908531275,21,19.75680672268909,0.962956124763952,0.8081982964172274,5.513893324441966,NCD_YFP_ilid,0.001,0.04,20.0,0.0,0.0,0.02,Both,100.0,1.0,60.0,300.0,100.0,4.0,27.1
