,index,area,major_axis_length,minor_axis_length,centroid-0,centroid-1,orientation,label,speed (nm/s),r^2,skele r^2,MT len (um),Motor Type,Motor_Conc_uM,MT_Conc_uM,ATP_Conc_uM,ADP_Conc_uM,P_Conc_uM,Flag_Conc_mg-ml,BSA_Caesin_Both,Acq_Time_s,Time_Interval_s,Cy5_exptime_ms,Cy5_gain,YFP_exptime_ms,YFP_gain,Temperature
0,0,98,132.93278997976466,4.279339720760241,107.8061224489796,377.5,-1.0179817091098264,3,255.04097072524806,0.9218848176575752,0.8160000418898359,12.175198245182537,NCD_YFP_ilid,0.001,0.04,1420.0,0.0,0.0,0.02,Both,100.0,1.0,60.0,300.0,100.0,4.0,27.1
1,1,90,92.74981056407263,6.522822106257322,131.22222222222223,169.98888888888888,1.4917503157594176,4,168.8029954434706,0.9565094217848807,0.8765684263661702,7.221593613259505,NCD_YFP_ilid,0.001,0.04,1420.0,0.0,0.0,0.02,Both,100.0,1.0,60.0,300.0,100.0,4.0,27.1
3,3,91,105.70438546905822,6.084746803720673,217.69230769230768,257.0,1.4611221248714479,8,166.36127506073424,0.8295131827375257,0.6566201249659954,8.377714406518166,NCD_YFP_ilid,0.001,0.04,1420.0,0.0,0.0,0.02,Both,100.0,1.0,60.0,300.0,100.0,4.0,27.1
4,4,71,68.68109339383956,8.439620136507843,257.32394366197184,117.8169014084507,-0.18324538426077722,9,167.26862745098015,0.92656171935658,0.9796034590328057,4.407781974234213,NCD_YFP_ilid,0.001,0.04,1420.0,0.0,0.0,0.02,Both,100.0,1.0,60.0,300.0,100.0,4.0,27.1
6,6,95,127.4246656745238,6.425098501596762,344.89473684210526,65.46315789473684,-0.5451193422630787,12,180.04201924937044,0.8899785722102809,0.31478825306558833,11.307329672268445,NCD_YFP_ilid,0.001,0.04,1420.0,0.0,0.0,0.02,Both,100.0,1.0,60.0,300.0,100.0,4.0,27.1
7,7,48,59.517887324789825,2.2858816811657876,396.5,124.9375,0.3738303291697084,14,106.11483750957449,0.9881382655488355,0.976953485473754,3.671260098989536,NCD_YFP_ilid,0.001,0.04,1420.0,0.0,0.0,0.02,Both,100.0,1.0,60.0,300.0,100.0,4.0,27.1
