,index,area,major_axis_length,minor_axis_length,centroid-0,centroid-1,orientation,label,speed (nm/s),r^2,skele r^2,MT len (um),Motor Type,Motor_Conc_uM,MT_Conc_uM,ATP_Conc_uM,ADP_Conc_uM,P_Conc_uM,Flag_Conc_mg-ml,BSA_Caesin_Both,Acq_Time_s,Time_Interval_s,Cy5_exptime_ms,Cy5_gain,YFP_exptime_ms,YFP_gain,Temperature
0,0,86,111.35000364804874,3.2176917086873273,124.63953488372093,263.5,-1.101008867464712,2,190.3323039080256,0.978258786464344,0.7593785537434379,8.155894117084587,NCD_YFP_ilid,0.001,0.04,5000.0,0.0,0.0,0.02,Both,100.0,1.0,60.0,300.0,100.0,4.0,27.1
1,1,152,164.72992603350113,10.814230942646947,193.59868421052633,82.50657894736842,0.3248733796259732,3,220.72142350171387,0.9384111213402375,0.9048869255893564,13.336295233501456,NCD_YFP_ilid,0.001,0.04,5000.0,0.0,0.0,0.02,Both,100.0,1.0,60.0,300.0,100.0,4.0,27.1
