,index,area,major_axis_length,minor_axis_length,centroid-0,centroid-1,orientation,label,speed (nm/s),r^2,skele r^2,MT len (um),Motor Type,Motor_Conc_uM,MT_Conc_uM,ATP_Conc_uM,ADP_Conc_uM,P_Conc_uM,Flag_Conc_mg-ml,BSA_Caesin_Both,Acq_Time_s,Time_Interval_s,Cy5_exptime_ms,Cy5_gain,YFP_exptime_ms,YFP_gain,Temperature
0,0,41,66.47962539932308,1.0233045271695265,56.02439024390244,352.9268292682927,0.7821216618541315,1,27.754621848739486,0.8996832737176156,0.7913401616655288,8.132809559166022,NCD_YFP_ilid,0.001,0.04,50.0,0.0,0.0,0.02,Both,100.0,1.0,60.0,300.0,100.0,4.0,27.1
1,1,59,89.57489494987335,3.6092246641955064,120.55932203389831,398.49152542372883,0.8149727791677563,2,62.258487394957946,0.9819030168151025,0.2642805338041696,9.492215694337188,NCD_YFP_ilid,0.001,0.04,50.0,0.0,0.0,0.02,Both,100.0,1.0,60.0,300.0,100.0,4.0,27.1
2,2,66,76.31096354852458,1.8995725342141134,117.06060606060606,90.5,-1.5172082537634355,3,89.28638655462186,0.9951619140949658,0.997570004476037,8.129263172973456,NCD_YFP_ilid,0.001,0.04,50.0,0.0,0.0,0.02,Both,100.0,1.0,60.0,300.0,100.0,4.0,27.1
3,3,87,101.62327143177872,2.240504244578161,132.75862068965517,316.0,-1.4188067074915076,4,53.84319327731095,0.9037781222526738,0.9498259786713565,11.947337837937827,NCD_YFP_ilid,0.001,0.04,50.0,0.0,0.0,0.02,Both,100.0,1.0,60.0,300.0,100.0,4.0,27.1
4,4,70,87.43963070555755,1.6735525071189814,145.07142857142858,126.5,-1.1791319399320426,5,74.13344537815125,0.9931498271741547,0.995219813350162,9.513004648509515,NCD_YFP_ilid,0.001,0.04,50.0,0.0,0.0,0.02,Both,100.0,1.0,60.0,300.0,100.0,4.0,27.1
13,13,34,40.146730755373625,1.9977173742651517,384.5,313.02941176470586,0.21286988233865756,16,44.75529411764704,0.9341832266214767,0.8682493764314162,3.8217056561640392,NCD_YFP_ilid,0.001,0.04,50.0,0.0,0.0,0.02,Both,100.0,1.0,60.0,300.0,100.0,4.0,27.1
16,16,40,46.666329958018906,1.1677535053713533,478.5,207.425,-0.14549360381720505,20,73.04983164983166,0.9917987899185847,0.9528520061036351,5.010688457456159,NCD_YFP_ilid,0.001,0.04,50.0,0.0,0.0,0.02,Both,100.0,1.0,60.0,300.0,100.0,4.0,27.1
