,index,area,major_axis_length,minor_axis_length,centroid-0,centroid-1,orientation,label,speed (nm/s),r^2,skele r^2,MT len (um),Motor Type,Motor_Conc_uM,MT_Conc_uM,ATP_Conc_uM,ADP_Conc_uM,P_Conc_uM,Flag_Conc_mg-ml,BSA_Caesin_Both,Acq_Time_s,Time_Interval_s,Cy5_exptime_ms,Cy5_gain,YFP_exptime_ms,YFP_gain,Temperature
1,1,145,167.70309841095013,2.454961442841972,167.0,167.64137931034483,-0.057334098522090475,5,168.5507025174349,0.9542749430574816,0.9751610291224166,16.267289465156516,NCD_YFP_ilid,0.001,0.04,1420.0,0.0,0.0,0.02,Both,100.0,1.0,60.0,300.0,100.0,4.0,27.1
2,2,90,104.24391432276056,2.7306049168934408,123.82222222222222,104.5,1.4915072913751894,6,199.7289075630253,0.9980478779688018,0.9864041124200775,6.874772580544576,NCD_YFP_ilid,0.001,0.04,1420.0,0.0,0.0,0.02,Both,100.0,1.0,60.0,300.0,100.0,4.0,27.1
4,4,95,109.71761436282108,2.1817935706702287,220.53684210526316,314.0,1.5485487535591573,9,181.32117647058826,0.9748811008769692,0.9555784976322712,8.437788971276783,NCD_YFP_ilid,0.001,0.04,1420.0,0.0,0.0,0.02,Both,100.0,1.0,60.0,300.0,100.0,4.0,27.1
6,6,38,44.627672040959716,2.328845160909092,492.5,430.5,-1.3852079898947718,16,92.14153846153846,0.9674464613763955,0.9817679133990291,4.148772164595757,NCD_YFP_ilid,0.001,0.04,1420.0,0.0,0.0,0.02,Both,100.0,1.0,60.0,300.0,100.0,4.0,27.1
