,index,area,major_axis_length,minor_axis_length,centroid-0,centroid-1,orientation,label,speed (nm/s),r^2,skele r^2,MT len (um),Motor Type,Motor_Conc_uM,MT_Conc_uM,ATP_Conc_uM,ADP_Conc_uM,P_Conc_uM,Flag_Conc_mg-ml,BSA_Caesin_Both,Acq_Time_s,Time_Interval_s,Cy5_exptime_ms,Cy5_gain,YFP_exptime_ms,YFP_gain,Temperature
3,3,46,66.32547126776242,1.1177841694546715,84.45652173913044,67.5,0.9282776613428075,5,56.79438914027148,0.996706287393701,0.9605671348559116,7.398841487519741,NCD_YFP_ilid,0.001,0.04,50.0,0.0,0.0,0.02,Both,100.0,1.0,60.0,300.0,100.0,4.0,27.1
11,11,43,59.62350013842182,1.919371174495592,318.83720930232556,147.0,0.9833243571887127,18,66.3148690525161,0.9691276313679367,0.6588588803370586,7.13619307473799,NCD_YFP_ilid,0.001,0.04,50.0,0.0,0.0,0.02,Both,100.0,1.0,60.0,300.0,100.0,4.0,27.1
12,12,48,72.34198263537439,3.3195621439632577,353.6666666666667,28.895833333333332,0.801735133946548,19,69.98742380674351,0.9147743971222323,0.8241920271725578,,NCD_YFP_ilid,0.001,0.04,50.0,0.0,0.0,0.02,Both,100.0,1.0,60.0,300.0,100.0,4.0,27.1
15,15,13,17.68284230956445,1.4196170987799606,367.84615384615387,464.0,1.0071360950955324,22,22.184865900383176,0.9326285021729722,0.7662337662337664,2.0739299337099895,NCD_YFP_ilid,0.001,0.04,50.0,0.0,0.0,0.02,Both,100.0,1.0,60.0,300.0,100.0,4.0,27.1
16,16,59,68.26698166500842,2.816543503716133,439.0,435.4237288135593,-0.06623496271378379,23,61.624635352110474,0.9372284953638641,0.5316396855134273,10.604549052662493,NCD_YFP_ilid,0.001,0.04,50.0,0.0,0.0,0.02,Both,100.0,1.0,60.0,300.0,100.0,4.0,27.1
17,17,32,38.4718503414467,1.6894470412912204,472.5,102.5625,-0.28413203922822977,24,72.18773755656107,0.9067928245598542,0.8629601599177015,4.758571557906337,NCD_YFP_ilid,0.001,0.04,50.0,0.0,0.0,0.02,Both,100.0,1.0,60.0,300.0,100.0,4.0,27.1
