,index,area,major_axis_length,minor_axis_length,centroid-0,centroid-1,orientation,label,speed (nm/s),r^2,skele r^2,MT len (um),Motor Type,Motor_Conc_uM,MT_Conc_uM,ATP_Conc_uM,ADP_Conc_uM,P_Conc_uM,Flag_Conc_mg-ml,BSA_Caesin_Both,Acq_Time_s,Time_Interval_s,Cy5_exptime_ms,Cy5_gain,YFP_exptime_ms,YFP_gain,Temperature
11,11,13,20.327377915713942,0.8454979805171713,133.0,187.23076923076923,-0.744037215022518,12,9.740135746606349,0.8499837861736623,0.774783501279475,3.329136671671172,NCD_YFP_ilid,0.001,0.04,5.0,0.0,0.0,0.02,Both,100.0,1.0,60.0,300.0,100.0,4.0,27.1
15,15,17,25.89417153253985,1.3505778667662316,180.1764705882353,179.35294117647058,-0.7694989517759112,17,7.853303167420803,0.8511157541107179,0.6367806254973509,4.24466546395646,NCD_YFP_ilid,0.001,0.04,5.0,0.0,0.0,0.02,Both,100.0,1.0,60.0,300.0,100.0,4.0,27.1
