,index,area,major_axis_length,minor_axis_length,centroid-0,centroid-1,orientation,label,speed (nm/s),r^2,skele r^2,MT len (um),Motor Type,Motor_Conc_uM,MT_Conc_uM,ATP_Conc_uM,ADP_Conc_uM,P_Conc_uM,Flag_Conc_mg-ml,BSA_Caesin_Both,Acq_Time_s,Time_Interval_s,Cy5_exptime_ms,Cy5_gain,YFP_exptime_ms,YFP_gain,Temperature
20,20,40,50.905818764491514,2.756377317557276,278.95,169.9,1.0558163292689353,27,6.432268907563033,0.8568006887943784,0.7239137791942842,7.4016965358105775,NCD_YFP_ilid,0.001,0.04,5.0,0.0,0.0,0.02,Both,100.0,1.0,60.0,300.0,100.0,4.0,27.1
24,24,12,13.818470014478832,0.9689041995152409,325.5,422.9166666666667,0.038632615570476564,34,4.750756302521013,0.8082202482586216,0.3913638808743739,2.232452196235214,NCD_YFP_ilid,0.001,0.04,5.0,0.0,0.0,0.02,Both,100.0,1.0,60.0,300.0,100.0,4.0,27.1
29,29,21,25.354025492546562,1.0790370839383907,369.1904761904762,174.0,-1.2704593019110908,41,5.30739495798321,0.8648113736513534,0.5677578856813688,4.698672797437083,NCD_YFP_ilid,0.001,0.04,5.0,0.0,0.0,0.02,Both,100.0,1.0,60.0,300.0,100.0,4.0,27.1
36,36,16,18.45969081208653,1.7999486443140837,457.5,475.5,-1.5233204736235184,48,11.457478991596625,0.9460084213440275,0.7324142778437532,3.0466297136036635,NCD_YFP_ilid,0.001,0.04,5.0,0.0,0.0,0.02,Both,100.0,1.0,60.0,300.0,100.0,4.0,27.1
