,index,area,major_axis_length,minor_axis_length,centroid-0,centroid-1,orientation,label,speed (nm/s),r^2,skele r^2,MT len (um),Motor Type,Motor_Conc_uM,MT_Conc_uM,ATP_Conc_uM,ADP_Conc_uM,P_Conc_uM,Flag_Conc_mg-ml,BSA_Caesin_Both,Acq_Time_s,Time_Interval_s,Cy5_exptime_ms,Cy5_gain,YFP_exptime_ms,YFP_gain,Temperature
0,0,111,129.23635938451196,2.051191541689446,28.45945945945946,340.0,-1.4420220228634384,1,177.20297157160726,0.9838523556206342,0.9704534702072521,,NCD_YFP_ilid,0.001,0.04,5000.0,0.0,0.0,0.02,Both,100.0,1.0,60.0,300.0,100.0,4.0,27.1
2,2,10,14.103863184504158,1.039732308235253,93.5,34.5,-0.6206866443413745,3,71.87499999999983,0.9759999999999998,0.8765432098765437,2.4482365839552815,NCD_YFP_ilid,0.001,0.04,5000.0,0.0,0.0,0.02,Both,100.0,1.0,60.0,300.0,100.0,4.0,27.1
3,3,88,106.92161764152054,12.202709152993272,238.26136363636363,225.4090909090909,-0.8069191285163518,5,106.59320000000002,0.8793120486235145,0.9146046267551831,5.525194263116309,NCD_YFP_ilid,0.001,0.04,5000.0,0.0,0.0,0.02,Both,100.0,1.0,60.0,300.0,100.0,4.0,27.1
6,6,35,38.39695027496088,3.0235682039971183,242.4,454.54285714285714,-0.21107537398214227,8,435.1878787878789,0.8733787126224135,0.3341696226276717,3.4527313950711758,NCD_YFP_ilid,0.001,0.04,5000.0,0.0,0.0,0.02,Both,100.0,1.0,60.0,300.0,100.0,4.0,27.1
8,8,19,25.51255921618743,1.7648972793720281,248.57894736842104,111.0,-1.031391064735241,10,68.99999999999982,0.9583333333333333,0.5664776307498358,3.306219985601188,NCD_YFP_ilid,0.001,0.04,5000.0,0.0,0.0,0.02,Both,100.0,1.0,60.0,300.0,100.0,4.0,27.1
