,index,area,major_axis_length,minor_axis_length,centroid-0,centroid-1,orientation,label,speed (nm/s),r^2,skele r^2,MT len (um),Motor Type,Motor_Conc_uM,MT_Conc_uM,ATP_Conc_uM,ADP_Conc_uM,P_Conc_uM,Flag_Conc_mg-ml,BSA_Caesin_Both,Acq_Time_s,Time_Interval_s,Cy5_exptime_ms,Cy5_gain,YFP_exptime_ms,YFP_gain,Temperature
0,0,78,91.04952381641954,2.876597137913087,66.6025641025641,172.51282051282053,1.4167646614234897,2,189.17210084033613,0.9976137702794189,0.9876031902058032,4.2539740724635635,NCD_YFP_ilid,0.001,0.04,300.0,0.0,0.0,0.02,Both,100.0,1.0,60.0,300.0,100.0,4.0,27.1
1,1,20,24.598202611343805,1.4030068749934235,86.9,59.5,1.2152746295488204,3,155.76625386996918,0.992523282962963,0.98708555617164,2.9305010780502054,NCD_YFP_ilid,0.001,0.04,300.0,0.0,0.0,0.02,Both,100.0,1.0,60.0,300.0,100.0,4.0,27.1
2,2,66,76.44332677953342,1.3909633136472688,108.10606060606061,223.5,1.4912178849525173,5,135.12016806722684,0.9901201555073741,0.9704172204340267,4.881249925694539,NCD_YFP_ilid,0.001,0.04,300.0,0.0,0.0,0.02,Both,100.0,1.0,60.0,300.0,100.0,4.0,27.1
3,3,71,89.84238653465881,5.552191952414463,192.01408450704224,58.943661971830984,0.42503284810974545,7,187.35888973882626,0.913929469225601,0.9611994270325508,4.834424934263943,NCD_YFP_ilid,0.001,0.04,300.0,0.0,0.0,0.02,Both,100.0,1.0,60.0,300.0,100.0,4.0,27.1
4,4,69,82.71905538469916,1.6799751506256029,236.3768115942029,395.0,1.2982009238554912,10,177.31647058823523,0.9965018707060059,0.9867457889425721,4.043299153676862,NCD_YFP_ilid,0.001,0.04,300.0,0.0,0.0,0.02,Both,100.0,1.0,60.0,300.0,100.0,4.0,27.1
6,6,58,78.18603053362965,6.235225897942618,295.6896551724138,136.44827586206895,-1.0181562490870055,14,162.41670185049784,0.9830814860725795,0.9966958165653178,3.035646738024837,NCD_YFP_ilid,0.001,0.04,300.0,0.0,0.0,0.02,Both,100.0,1.0,60.0,300.0,100.0,4.0,27.1
8,8,72,87.4049960445753,5.044799280557181,385.5,243.375,-0.3145783858676936,18,149.21008403361344,0.9647063894332734,0.9235842395278688,5.284282505957749,NCD_YFP_ilid,0.001,0.04,300.0,0.0,0.0,0.02,Both,100.0,1.0,60.0,300.0,100.0,4.0,27.1
10,10,53,64.28240841798814,2.218041341366469,470.2641509433962,129.0,-1.2590751425776494,22,149.83630252100835,0.9888722064186026,0.9645536964414889,4.190643618019541,NCD_YFP_ilid,0.001,0.04,300.0,0.0,0.0,0.02,Both,100.0,1.0,60.0,300.0,100.0,4.0,27.1
