,index,area,major_axis_length,minor_axis_length,centroid-0,centroid-1,orientation,label,speed (nm/s),r^2,skele r^2,MT len (um),Motor Type,Motor_Conc_uM,MT_Conc_uM,ATP_Conc_uM,ADP_Conc_uM,P_Conc_uM,Flag_Conc_mg-ml,BSA_Caesin_Both,Acq_Time_s,Time_Interval_s,Cy5_exptime_ms,Cy5_gain,YFP_exptime_ms,YFP_gain,Temperature
5,5,81,96.56122481006967,4.9512150176175425,135.90123456790124,382.0,-1.3189655875863668,8,161.06100123864329,0.8891671781542556,0.028655972413732744,10.870783087945139,NCD_YFP_ilid,0.001,0.04,30.0,0.0,0.0,0.02,Both,100.0,1.0,60.0,300.0,100.0,4.0,27.1
6,6,33,38.53561344707556,1.2575116538948992,203.0,166.42424242424244,0.1527127626620243,9,22.634705882352936,0.9434933220931366,0.7582021620641116,4.739530238414892,NCD_YFP_ilid,0.001,0.04,30.0,0.0,0.0,0.02,Both,100.0,1.0,60.0,300.0,100.0,4.0,27.1
8,8,67,79.07910425703267,1.3601975441578698,310.4179104477612,145.0,-1.3616469399364035,11,56.84538461538459,0.9564795006200221,0.38464564598175444,10.645823729371719,NCD_YFP_ilid,0.001,0.04,30.0,0.0,0.0,0.02,Both,100.0,1.0,60.0,300.0,100.0,4.0,27.1
10,10,50,58.12860443393148,1.2786502897672194,375.38,308.5,-1.452635620815796,13,35.58027149321271,0.9776268338921902,0.9625935065167602,7.709546238954077,NCD_YFP_ilid,0.001,0.04,30.0,0.0,0.0,0.02,Both,100.0,1.0,60.0,300.0,100.0,4.0,27.1
15,15,34,50.7364645339295,2.209939129744367,484.38235294117646,484.5,0.8835095987697031,18,24.352941176470562,0.9240329218106994,0.9748564079720364,7.05777026781876,NCD_YFP_ilid,0.001,0.04,30.0,0.0,0.0,0.02,Both,100.0,1.0,60.0,300.0,100.0,4.0,27.1
18,18,38,54.97398089880303,1.372437540604064,491.6578947368421,443.5,-0.9235582713855831,21,43.5572275029906,0.9509786295384514,0.1906329862008126,6.024791697658205,NCD_YFP_ilid,0.001,0.04,30.0,0.0,0.0,0.02,Both,100.0,1.0,60.0,300.0,100.0,4.0,27.1
