,index,area,major_axis_length,minor_axis_length,centroid-0,centroid-1,orientation,label,speed (nm/s),r^2,skele r^2,MT len (um),Motor Type,Motor_Conc_uM,MT_Conc_uM,ATP_Conc_uM,ADP_Conc_uM,P_Conc_uM,Flag_Conc_mg-ml,BSA_Caesin_Both,Acq_Time_s,Time_Interval_s,Cy5_exptime_ms,Cy5_gain,YFP_exptime_ms,YFP_gain,Temperature
0,0,10,12.757252360514153,1.5913868826140298,32.6,312.9,0.5495547938607221,2,54.564260563380294,0.8333918030021926,0.9554990464081372,2.1439248262032793,NCD_YFP_ilid,0.001,0.04,20.0,500.0,1000.0,0.02,Both,100.0,1.0,60.0,300.0,100.0,4.0,
5,5,83,95.9001094346347,4.25339280896403,198.0,294.0843373493976,0.03739726020102756,9,77.59310924369747,0.969565834864653,0.9912859350605451,8.495350908786282,NCD_YFP_ilid,0.001,0.04,20.0,500.0,1000.0,0.02,Both,100.0,1.0,60.0,300.0,100.0,4.0,
6,6,56,84.19592864447712,1.3111327476154047,233.28571428571428,218.03571428571428,-0.7199532862108516,12,91.19983193277311,0.987426153075795,0.9890119322730065,7.597648823797806,NCD_YFP_ilid,0.001,0.04,20.0,500.0,1000.0,0.02,Both,100.0,1.0,60.0,300.0,100.0,4.0,
9,9,70,109.08892151403263,2.7241660111393227,294.2,241.4857142857143,0.8327697902069178,19,56.28336335952819,0.9332808710962731,0.8715080913222049,12.261969311998236,NCD_YFP_ilid,0.001,0.04,20.0,500.0,1000.0,0.02,Both,100.0,1.0,60.0,300.0,100.0,4.0,
10,10,18,23.51011920920636,1.2029689418597433,270.94444444444446,437.5,-1.0808901439844005,20,65.46544117647059,0.9107089719400017,0.9746900826446281,2.1927897653415647,NCD_YFP_ilid,0.001,0.04,20.0,500.0,1000.0,0.02,Both,100.0,1.0,60.0,300.0,100.0,4.0,
13,13,50,75.84072862046057,1.4304832461979744,312.1,77.56,-0.8570988957860397,24,95.52727578401526,0.828871280862736,0.4491134694070421,7.531871899392361,NCD_YFP_ilid,0.001,0.04,20.0,500.0,1000.0,0.02,Both,100.0,1.0,60.0,300.0,100.0,4.0,
15,15,52,63.32289929686292,5.378326967628371,424.0576923076923,212.5,1.2458343805458414,29,85.73910364145658,0.9412613417701423,0.9498317295540066,5.038864636330157,NCD_YFP_ilid,0.001,0.04,20.0,500.0,1000.0,0.02,Both,100.0,1.0,60.0,300.0,100.0,4.0,
16,16,50,67.00693474397906,1.1580570867323698,457.16,414.5,-1.03804037721801,30,67.8557983193277,0.992753738982596,0.9584896925901999,6.873363018644723,NCD_YFP_ilid,0.001,0.04,20.0,500.0,1000.0,0.02,Both,100.0,1.0,60.0,300.0,100.0,4.0,
