,index,area,major_axis_length,minor_axis_length,centroid-0,centroid-1,orientation,label,speed (nm/s),r^2,skele r^2,MT len (um),Motor Type,Motor_Conc_uM,MT_Conc_uM,ATP_Conc_uM,ADP_Conc_uM,P_Conc_uM,Flag_Conc_mg-ml,BSA_Caesin_Both,Acq_Time_s,Time_Interval_s,Cy5_exptime_ms,Cy5_gain,YFP_exptime_ms,YFP_gain,Temperature
2,2,56,71.49774131136792,1.710271378769601,84.48214285714286,426.5,-1.1295204680976019,4,67.29050084967172,0.9559918726458393,0.20970070680370245,7.816019686115486,NCD_YFP_ilid,0.001,0.04,20.0,300.0,1000.0,0.02,Both,100.0,1.0,60.0,300.0,100.0,4.0,
3,3,28,33.45001349811223,1.2595208987853395,121.5,470.92857142857144,-0.2619020358208793,6,110.36363636363636,0.8866084587012042,0.9875291436361954,2.9797908412145926,NCD_YFP_ilid,0.001,0.04,20.0,300.0,1000.0,0.02,Both,100.0,1.0,60.0,300.0,100.0,4.0,
4,4,59,74.2900887742038,4.196167018671158,149.0,259.8305084745763,0.4112172299852135,7,112.86235294117644,0.9563618162213192,0.9747082129335564,5.9637726146113605,NCD_YFP_ilid,0.001,0.04,20.0,300.0,1000.0,0.02,Both,100.0,1.0,60.0,300.0,100.0,4.0,
5,5,17,20.803543048066114,1.5025243246689868,123.52941176470588,60.0,1.227461085432335,8,63.68970588235294,0.8817180525421152,0.9560200351428625,2.1001719311820732,NCD_YFP_ilid,0.001,0.04,20.0,300.0,1000.0,0.02,Both,100.0,1.0,60.0,300.0,100.0,4.0,
7,7,49,65.65943704171032,1.2061248670501221,155.30612244897958,141.9795918367347,1.0341421659943355,11,51.26100840336139,0.9739868933751061,0.6062414113925902,6.628370040983366,NCD_YFP_ilid,0.001,0.04,20.0,300.0,1000.0,0.02,Both,100.0,1.0,60.0,300.0,100.0,4.0,
8,8,28,36.07006296827965,1.5621630461347287,200.82142857142858,189.5,1.109726055058435,15,58.064999999999955,0.9788803057052192,0.9943212382023571,4.036870916986805,NCD_YFP_ilid,0.001,0.04,20.0,300.0,1000.0,0.02,Both,100.0,1.0,60.0,300.0,100.0,4.0,
14,14,43,50.91127642182345,1.8484399607109065,357.30232558139534,97.0,-1.3465883778502474,26,73.0820168067227,0.9016066939446611,0.7540625721668914,5.30281733184988,NCD_YFP_ilid,0.001,0.04,20.0,300.0,1000.0,0.02,Both,100.0,1.0,60.0,300.0,100.0,4.0,
17,17,96,113.62008773514559,5.269306748840328,411.4479166666667,254.5,-1.349093917599908,30,118.64521008403356,0.9681638111449493,0.8565695817026309,9.127669236623191,NCD_YFP_ilid,0.001,0.04,20.0,300.0,1000.0,0.02,Both,100.0,1.0,60.0,300.0,100.0,4.0,
