,index,area,major_axis_length,minor_axis_length,centroid-0,centroid-1,orientation,label,speed (nm/s),r^2,skele r^2,MT len (um),Motor Type,Motor_Conc_uM,MT_Conc_uM,ATP_Conc_uM,ADP_Conc_uM,P_Conc_uM,Flag_Conc_mg-ml,BSA_Caesin_Both,Acq_Time_s,Time_Interval_s,Cy5_exptime_ms,Cy5_gain,YFP_exptime_ms,YFP_gain,Temperature
1,1,32,39.893370633684505,1.1740334251964781,54.59375,138.5,-1.1829090315342619,2,68.55483870967743,0.9626911750736202,0.9707802145733296,3.602080858020954,NCD_YFP_ilid,0.001,0.04,20.0,1420.0,5000.0,0.02,Both,100.0,1.0,60.0,300.0,100.0,4.0,
9,9,50,52.76908604983214,4.661282813283375,251.76,442.22,0.03171492487053629,12,116.95802801120442,0.8767568722461582,0.6016687882703944,5.892445352496113,NCD_YFP_ilid,0.001,0.04,20.0,1420.0,5000.0,0.02,Both,100.0,1.0,60.0,300.0,100.0,4.0,
11,11,50,60.778719114836605,1.2655839599946004,248.46,95.5,1.25230641562792,14,76.87411764705877,0.9881887398047472,0.9734465706675399,5.8527983181790155,NCD_YFP_ilid,0.001,0.04,20.0,1420.0,5000.0,0.02,Both,100.0,1.0,60.0,300.0,100.0,4.0,
17,17,27,35.196485432551455,1.4172193160844142,323.0,148.07407407407408,0.48432395140298545,21,55.63387679177151,0.9405228977062385,0.9133530998492332,3.135999779466295,NCD_YFP_ilid,0.001,0.04,20.0,1420.0,5000.0,0.02,Both,100.0,1.0,60.0,300.0,100.0,4.0,
