,index,area,major_axis_length,minor_axis_length,centroid-0,centroid-1,orientation,label,speed (nm/s),r^2,skele r^2,MT len (um),Motor Type,Motor_Conc_uM,MT_Conc_uM,ATP_Conc_uM,ADP_Conc_uM,P_Conc_uM,Flag_Conc_mg-ml,BSA_Caesin_Both,Acq_Time_s,Time_Interval_s,Cy5_exptime_ms,Cy5_gain,YFP_exptime_ms,YFP_gain,Temperature
17,17,29,33.71955716002222,1.2023668729939825,251.0,185.86206896551724,0.12269250099556596,22,257.6000000000021,0.9453125000000012,0.05142857142861801,5.384415649642964,NCD_YFP_ilid,0.001,0.04,20.0,5000.0,5000.0,0.02,Both,100.0,1.0,60.0,300.0,100.0,4.0,
22,22,62,79.64584193352533,1.3982328875054717,330.5,66.01612903225806,-0.4539492338045575,29,28.164446920495315,0.806262477856116,0.8029821640096776,10.428640347454126,NCD_YFP_ilid,0.001,0.04,20.0,5000.0,5000.0,0.02,Both,100.0,1.0,60.0,300.0,100.0,4.0,
