,index,area,major_axis_length,minor_axis_length,centroid-0,centroid-1,orientation,label,speed (nm/s),r^2,skele r^2,MT len (um),Motor Type,Motor_Conc_uM,MT_Conc_uM,ATP_Conc_uM,ADP_Conc_uM,P_Conc_uM,Flag_Conc_mg-ml,BSA_Caesin_Both,Acq_Time_s,Time_Interval_s,Cy5_exptime_ms,Cy5_gain,YFP_exptime_ms,YFP_gain,Temperature
3,3,56,67.71032500406447,1.986086832237198,106.32142857142857,447.5,-1.2690063939293217,6,89.5189140271493,0.9908275780854402,0.9856611967059995,6.238981645687341,NCD_YFP_ilid,0.001,0.04,20.0,300.0,5000.0,0.02,Both,100.0,1.0,60.0,300.0,100.0,4.0,
5,5,57,77.17311983652071,3.1246696689106903,149.2982456140351,195.0,-1.020685934358177,8,86.1677828054298,0.9896602362033775,0.993454905494026,8.27412110233836,NCD_YFP_ilid,0.001,0.04,20.0,300.0,5000.0,0.02,Both,100.0,1.0,60.0,300.0,100.0,4.0,
7,7,33,42.08913876741501,1.4824622827142775,199.4848484848485,236.0,-1.1309172813372719,11,66.06992337164752,0.9217863106753046,0.36635566382857476,3.9805423095698065,NCD_YFP_ilid,0.001,0.04,20.0,300.0,5000.0,0.02,Both,100.0,1.0,60.0,300.0,100.0,4.0,
11,11,55,61.09817005865502,4.989250820327012,285.0181818181818,226.63636363636363,-0.30985860731685244,15,66.49809954751126,0.8540799331889778,0.906458401171318,5.4286997946197175,NCD_YFP_ilid,0.001,0.04,20.0,300.0,5000.0,0.02,Both,100.0,1.0,60.0,300.0,100.0,4.0,
14,14,58,84.14018505335291,1.2906906117673962,299.01724137931035,274.5,-0.9203148729118152,18,64.18144796380095,0.982117971228478,0.9546094533460178,8.686724491096383,NCD_YFP_ilid,0.001,0.04,20.0,300.0,5000.0,0.02,Both,100.0,1.0,60.0,300.0,100.0,4.0,
15,15,43,50.61013253436515,1.3476704045198415,313.0,87.44186046511628,-0.1963165718897406,19,70.78171945701355,0.9711618105704689,0.891251315655494,5.094831419524257,NCD_YFP_ilid,0.001,0.04,20.0,300.0,5000.0,0.02,Both,100.0,1.0,60.0,300.0,100.0,4.0,
16,16,40,60.3364582037966,2.1867353341237408,318.7,293.325,-0.8100732610939381,20,48.75895927601815,0.9326048259085266,0.9432330524379215,5.558230756128399,NCD_YFP_ilid,0.001,0.04,20.0,300.0,5000.0,0.02,Both,100.0,1.0,60.0,300.0,100.0,4.0,
19,19,12,14.522535382164271,1.4856235003855782,329.9166666666667,174.58333333333334,1.1573856630961317,23,43.09117647058828,0.9555911121845189,0.7438016528925624,2.129811980493449,NCD_YFP_ilid,0.001,0.04,20.0,300.0,5000.0,0.02,Both,100.0,1.0,60.0,300.0,100.0,4.0,
