,index,area,major_axis_length,minor_axis_length,centroid-0,centroid-1,orientation,label,speed (nm/s),r^2,skele r^2,MT len (um),Motor Type,Motor_Conc_uM,MT_Conc_uM,ATP_Conc_uM,ADP_Conc_uM,P_Conc_uM,Flag_Conc_mg-ml,BSA_Caesin_Both,Acq_Time_s,Time_Interval_s,Cy5_exptime_ms,Cy5_gain,YFP_exptime_ms,YFP_gain,Temperature
0,0,77,89.37764277656545,1.792189216773233,67.0,90.81818181818181,-0.10296798419049513,1,98.04626723877729,0.9885875069002753,0.9769830596558449,7.445172277195262,NCD_YFP_ilid,0.001,0.04,20.0,100.0,1000.0,0.02,Both,100.0,1.0,60.0,300.0,100.0,4.0,
3,3,74,97.14824007181195,11.338036861635826,110.89189189189189,141.36486486486487,-0.571808542457292,5,40.434265959425026,0.8546177166252187,0.09733917239128398,7.556547468790989,NCD_YFP_ilid,0.001,0.04,20.0,100.0,1000.0,0.02,Both,100.0,1.0,60.0,300.0,100.0,4.0,
13,13,61,70.64975464800419,2.9151707176995156,326.0,171.63934426229508,0.07945057193385259,17,49.78593545797425,0.9264538735828866,0.8136254108983322,6.449535416988482,NCD_YFP_ilid,0.001,0.04,20.0,100.0,1000.0,0.02,Both,100.0,1.0,60.0,300.0,100.0,4.0,
