,index,area,major_axis_length,minor_axis_length,centroid-0,centroid-1,orientation,label,speed (nm/s),r^2,skele r^2,MT len (um),Motor Type,Motor_Conc_uM,MT_Conc_uM,ATP_Conc_uM,ADP_Conc_uM,P_Conc_uM,Flag_Conc_mg-ml,BSA_Caesin_Both,Acq_Time_s,Time_Interval_s,Cy5_exptime_ms,Cy5_gain,YFP_exptime_ms,YFP_gain,Temperature
14,14,15,20.520472329595023,0.9399727143158951,111.0,244.6,-0.5701516533514672,20,14.778974358974377,0.8007552822945607,0.7373291528416184,2.7197790447182664,NCD_YFP_ilid,0.001,0.04,40.0,5000.0,0.0,0.02,Both,100.0,1.0,60.0,300.0,100.0,4.0,
16,16,40,48.000978612840576,1.5152729818820831,116.275,337.5,1.2938372129697218,22,37.29092436974789,0.9570472165202994,0.9448120140170548,6.207604977698889,NCD_YFP_ilid,0.001,0.04,40.0,5000.0,0.0,0.02,Both,100.0,1.0,60.0,300.0,100.0,4.0,
27,27,39,57.422154450719226,2.2981121800551976,201.12820512820514,281.46153846153845,0.6922246223738043,38,41.48504201680669,0.923063645717872,0.863131586148159,6.840024184990072,NCD_YFP_ilid,0.001,0.04,40.0,5000.0,0.0,0.02,Both,100.0,1.0,60.0,300.0,100.0,4.0,
32,32,21,27.994069112238204,3.386800338770462,245.23809523809524,233.0952380952381,-0.737966855640002,45,126.36060606060592,0.8149103322848494,0.3787428118183662,2.6603511044064136,NCD_YFP_ilid,0.001,0.04,40.0,5000.0,0.0,0.02,Both,100.0,1.0,60.0,300.0,100.0,4.0,
48,48,33,40.45086497009587,1.8190080782397147,359.6363636363636,146.0,-1.2269212184852178,65,40.912188147986484,0.9641279323363886,0.8797609832581357,3.9242195168755467,NCD_YFP_ilid,0.001,0.04,40.0,5000.0,0.0,0.02,Both,100.0,1.0,60.0,300.0,100.0,4.0,
