,index,area,major_axis_length,minor_axis_length,centroid-0,centroid-1,orientation,label,speed (nm/s),r^2,skele r^2,MT len (um),Motor Type,Motor_Conc_uM,MT_Conc_uM,ATP_Conc_uM,ADP_Conc_uM,P_Conc_uM,Flag_Conc_mg-ml,BSA_Caesin_Both,Acq_Time_s,Time_Interval_s,Cy5_exptime_ms,Cy5_gain,YFP_exptime_ms,YFP_gain,Temperature
1,1,73,84.49965384883609,3.867564924287715,94.0,68.6986301369863,0.07132997766460995,4,64.04436974789917,0.9758145381450072,0.955107355778487,6.840375250575686,NCD_YFP_ilid,0.001,0.04,20.0,500.0,5000.0,0.02,Both,100.0,1.0,60.0,300.0,100.0,4.0,
2,2,58,68.46982705146839,4.101770297145683,127.8103448275862,315.5,-1.3602071544246377,8,124.83394957983192,0.9250382812781843,0.9428347102157286,5.190933736973889,NCD_YFP_ilid,0.001,0.04,20.0,500.0,5000.0,0.02,Both,100.0,1.0,60.0,300.0,100.0,4.0,
4,4,25,28.85879787737601,1.6283074257516985,172.0,425.68,0.03162873727635632,13,92.45454545454554,0.9569056617637817,0.9905462857142857,3.2566265975649356,NCD_YFP_ilid,0.001,0.04,20.0,500.0,5000.0,0.02,Both,100.0,1.0,60.0,300.0,100.0,4.0,
8,8,76,90.29062857016214,5.8220289602409485,341.2631578947368,326.39473684210526,-0.43760316458918486,22,48.77932773109243,0.9294972924405197,0.3823613122093885,8.750032469964776,NCD_YFP_ilid,0.001,0.04,20.0,500.0,5000.0,0.02,Both,100.0,1.0,60.0,300.0,100.0,4.0,
10,10,63,85.32647797216441,1.5837635649017923,398.0,170.3015873015873,-0.5502389777506503,24,115.86348304839176,0.9539386449608054,0.9753394025113236,7.7244274861524085,NCD_YFP_ilid,0.001,0.04,20.0,500.0,5000.0,0.02,Both,100.0,1.0,60.0,300.0,100.0,4.0,
13,13,42,48.736048685313364,1.753340392991521,441.5,256.8095238095238,0.10187845250334021,27,112.40525570690413,0.891273041527019,0.8711060264321029,4.342178703107215,NCD_YFP_ilid,0.001,0.04,20.0,500.0,5000.0,0.02,Both,100.0,1.0,60.0,300.0,100.0,4.0,
