,index,area,major_axis_length,minor_axis_length,centroid-0,centroid-1,orientation,label,speed (nm/s),r^2,skele r^2,MT len (um),Motor Type,Motor_Conc_uM,MT_Conc_uM,ATP_Conc_uM,ADP_Conc_uM,P_Conc_uM,Flag_Conc_mg-ml,BSA_Caesin_Both,Acq_Time_s,Time_Interval_s,Cy5_exptime_ms,Cy5_gain,YFP_exptime_ms,YFP_gain,Temperature
7,7,46,65.20132488127435,1.7262822369692565,152.2826086956522,320.4782608695652,0.9477348939738931,11,24.948823069975028,0.9268576043193972,0.25187701311602795,7.646547050905913,NCD_YFP_ilid,0.001,0.04,20.0,5000.0,5000.0,0.02,Both,100.0,1.0,60.0,300.0,100.0,4.0,
19,19,35,41.75318573646487,1.2116994471171567,346.0,380.51428571428573,-0.25558489067448725,25,18.11781512605041,0.8772609338623881,0.13058784940064183,6.491821354426651,NCD_YFP_ilid,0.001,0.04,20.0,5000.0,5000.0,0.02,Both,100.0,1.0,60.0,300.0,100.0,4.0,
