,index,area,major_axis_length,minor_axis_length,centroid-0,centroid-1,orientation,label,speed (nm/s),r^2,skele r^2,MT len (um),Motor Type,Motor_Conc_uM,MT_Conc_uM,ATP_Conc_uM,ADP_Conc_uM,P_Conc_uM,Flag_Conc_mg-ml,BSA_Caesin_Both,Acq_Time_s,Time_Interval_s,Cy5_exptime_ms,Cy5_gain,YFP_exptime_ms,YFP_gain,Temperature
13,13,28,34.165930310038185,1.1497213187718096,201.82142857142858,210.5,-1.239570896934502,20,21.685714285714273,0.9593885377842597,0.7480446903426109,4.934729009116986,NCD_YFP_ilid,0.001,0.04,20.0,5000.0,1000.0,0.02,Both,100.0,1.0,60.0,300.0,100.0,4.0,
18,18,38,60.26637379141565,0.8792350648694295,267.7368421052632,316.6578947368421,0.7933518991764295,28,26.23159663865549,0.9359259702257966,0.8707911945842055,7.573224560008978,NCD_YFP_ilid,0.001,0.04,20.0,5000.0,1000.0,0.02,Both,100.0,1.0,60.0,300.0,100.0,4.0,
33,33,35,40.58786968709678,2.194877519242245,399.77142857142854,146.0,1.4738950583830044,47,15.500840336134424,0.9268457285713395,0.7863176695565574,5.815836741265107,NCD_YFP_ilid,0.001,0.04,20.0,5000.0,1000.0,0.02,Both,100.0,1.0,60.0,300.0,100.0,4.0,
