,index,area,major_axis_length,minor_axis_length,centroid-0,centroid-1,orientation,label,speed (nm/s),r^2,skele r^2,MT len (um),Motor Type,Motor_Conc_uM,MT_Conc_uM,ATP_Conc_uM,ADP_Conc_uM,P_Conc_uM,Flag_Conc_mg-ml,BSA_Caesin_Both,Acq_Time_s,Time_Interval_s,Cy5_exptime_ms,Cy5_gain,YFP_exptime_ms,YFP_gain,Temperature
2,2,25,29.20952995600552,1.998439328380037,53.0,234.16,0.15865408644858828,3,57.09258021390373,0.8955013423989306,0.9311703934683232,3.3224006066339418,NCD_YFP_ilid,0.001,0.04,20.0,500.0,1000.0,0.02,Both,100.0,1.0,60.0,300.0,100.0,4.0,
3,3,49,72.5753799056144,2.0891191870378885,139.6122448979592,180.10204081632654,0.7620874717625533,7,70.58502262443436,0.9848853654216008,0.9389298823213571,5.877722658285168,NCD_YFP_ilid,0.001,0.04,20.0,500.0,1000.0,0.02,Both,100.0,1.0,60.0,300.0,100.0,4.0,
6,6,65,75.61900459549645,2.1431580050964127,216.0,51.215384615384615,-0.12316320336790264,10,88.5776792802298,0.9016203811338056,0.8504182107017293,6.727810134890654,NCD_YFP_ilid,0.001,0.04,20.0,500.0,1000.0,0.02,Both,100.0,1.0,60.0,300.0,100.0,4.0,
7,7,26,33.507724005391864,1.2314445367636275,215.5,239.53846153846155,-0.46199264993808753,12,69.52272727272722,0.9225797286739115,0.7375213050888724,2.995007394180125,NCD_YFP_ilid,0.001,0.04,20.0,500.0,1000.0,0.02,Both,100.0,1.0,60.0,300.0,100.0,4.0,
8,8,61,70.4450811715232,2.8344207607047207,234.0,329.88524590163934,-0.02250754221340651,13,101.41542986425334,0.966849415647324,0.9656456469385581,5.309392139559567,NCD_YFP_ilid,0.001,0.04,20.0,500.0,1000.0,0.02,Both,100.0,1.0,60.0,300.0,100.0,4.0,
9,9,55,63.8780859800231,2.7936260316673374,229.52727272727273,190.43636363636364,1.2694998803467372,14,77.0614479638009,0.9499727855734238,0.8700762037883585,5.310028195511405,NCD_YFP_ilid,0.001,0.04,20.0,500.0,1000.0,0.02,Both,100.0,1.0,60.0,300.0,100.0,4.0,
14,15,43,57.78041565505221,1.6529919253840344,469.6511627906977,92.0,-1.0332490593514636,34,81.42520361990947,0.9608005488355901,0.7440445942141135,4.5995731752987785,NCD_YFP_ilid,0.001,0.04,20.0,500.0,1000.0,0.02,Both,100.0,1.0,60.0,300.0,100.0,4.0,
