,index,area,major_axis_length,minor_axis_length,centroid-0,centroid-1,orientation,label,speed (nm/s),r^2,skele r^2,MT len (um),Motor Type,Motor_Conc_uM,MT_Conc_uM,ATP_Conc_uM,ADP_Conc_uM,P_Conc_uM,Flag_Conc_mg-ml,BSA_Caesin_Both,Acq_Time_s,Time_Interval_s,Cy5_exptime_ms,Cy5_gain,YFP_exptime_ms,YFP_gain,Temperature
3,3,61,82.57877297156321,3.5405590605962165,97.88524590163935,405.0,1.0208548270274616,4,67.05176470588232,0.8714376210785287,0.6667095388806747,8.893672592553683,NCD_YFP_ilid,0.001,0.04,20.0,1420.0,5000.0,0.02,Both,100.0,1.0,60.0,300.0,100.0,4.0,
9,9,50,61.00973255782427,1.778463725454337,255.66,116.5,1.2409386892643977,17,61.92719414893612,0.9812113946030012,0.7566272574673687,4.625062479697452,NCD_YFP_ilid,0.001,0.04,20.0,1420.0,5000.0,0.02,Both,100.0,1.0,60.0,300.0,100.0,4.0,
11,11,28,32.50540494089079,1.5221750804855174,278.67857142857144,229.5,-1.461249794183187,19,48.723684210526315,0.9387091547394005,0.9493,3.214168379168302,NCD_YFP_ilid,0.001,0.04,20.0,1420.0,5000.0,0.02,Both,100.0,1.0,60.0,300.0,100.0,4.0,
12,12,74,92.53578058582599,2.7781400765524142,316.4864864864865,374.4864864864865,-0.3969079609232789,20,152.1169254369554,0.9180348761633174,0.0333973859471709,10.50876736650503,NCD_YFP_ilid,0.001,0.04,20.0,1420.0,5000.0,0.02,Both,100.0,1.0,60.0,300.0,100.0,4.0,
15,15,47,55.42412707919629,1.8625223430386069,332.0,167.53191489361703,0.20555696465563467,24,49.91728506787334,0.9476739221163619,0.65803057258435,4.562518122777554,NCD_YFP_ilid,0.001,0.04,20.0,1420.0,5000.0,0.02,Both,100.0,1.0,60.0,300.0,100.0,4.0,
16,16,81,93.72811817588347,2.2819324585412843,312.51851851851853,214.0,1.5047060727224333,25,245.37019230769235,0.9084724183590724,0.3289546620506152,13.710034582592304,NCD_YFP_ilid,0.001,0.04,20.0,1420.0,5000.0,0.02,Both,100.0,1.0,60.0,300.0,100.0,4.0,
17,17,44,52.08935394851026,1.5174027191034682,356.45454545454544,433.5,-1.3471937611498361,27,47.24366515837099,0.9179862113843561,0.9017501718188233,5.902120964632184,NCD_YFP_ilid,0.001,0.04,20.0,1420.0,5000.0,0.02,Both,100.0,1.0,60.0,300.0,100.0,4.0,
20,21,21,24.351973232689115,1.3323101996320328,488.0,155.33333333333334,-0.10383660487633846,38,80.7367647058824,0.8077587912040662,0.8904818033131401,3.117585839394971,NCD_YFP_ilid,0.001,0.04,20.0,1420.0,5000.0,0.02,Both,100.0,1.0,60.0,300.0,100.0,4.0,
