,index,area,major_axis_length,minor_axis_length,centroid-0,centroid-1,orientation,label,speed (nm/s),r^2,skele r^2,MT len (um),Motor Type,Motor_Conc_uM,MT_Conc_uM,ATP_Conc_uM,ADP_Conc_uM,P_Conc_uM,Flag_Conc_mg-ml,BSA_Caesin_Both,Acq_Time_s,Time_Interval_s,Cy5_exptime_ms,Cy5_gain,YFP_exptime_ms,YFP_gain,Temperature
13,13,8,9.16515138991168,0.0,178.0,140.5,1.5707963267948966,16,80.50000000000098,1.0,0.24999999999995737,1.7780127529971599,NCD_YFP_ilid,0.001,0.04,20.0,1420.0,5000.0,0.02,Both,100.0,1.0,60.0,300.0,100.0,4.0,
16,16,20,25.185536198127018,1.4452565214638464,250.45,98.15,0.4441938510964676,23,34.2526050420168,0.9462487519155168,0.23280529297865293,3.3961892374663867,NCD_YFP_ilid,0.001,0.04,20.0,1420.0,5000.0,0.02,Both,100.0,1.0,60.0,300.0,100.0,4.0,
29,29,27,39.678326629134126,1.0864918310100726,486.0,226.4814814814815,0.6680690089348047,39,33.93176470588235,0.9614808370789232,0.8688940844550419,4.021130690093073,NCD_YFP_ilid,0.001,0.04,20.0,1420.0,5000.0,0.02,Both,100.0,1.0,60.0,300.0,100.0,4.0,
