,index,area,major_axis_length,minor_axis_length,centroid-0,centroid-1,orientation,label,speed (nm/s),r^2,skele r^2,MT len (um),Motor Type,Motor_Conc_uM,MT_Conc_uM,ATP_Conc_uM,ADP_Conc_uM,P_Conc_uM,Flag_Conc_mg-ml,BSA_Caesin_Both,Acq_Time_s,Time_Interval_s,Cy5_exptime_ms,Cy5_gain,YFP_exptime_ms,YFP_gain,Temperature
4,4,31,35.8017218794893,1.140256992963846,75.74193548387096,485.0,1.5336788875015068,7,31.32716701902745,0.8747514090272608,0.8679470270955838,4.7139210668500136,NCD_YFP_ilid,0.001,0.04,20.0,5000.0,5000.0,0.02,Both,100.0,1.0,60.0,300.0,100.0,4.0,
6,6,18,21.02410267870518,1.2420394964803652,118.5,344.5,0.1611943582015916,9,14.101512605042009,0.895584759252847,0.6208649537102291,3.6763461227730025,NCD_YFP_ilid,0.001,0.04,20.0,5000.0,5000.0,0.02,Both,100.0,1.0,60.0,300.0,100.0,4.0,
24,24,37,33.2325248630741,7.826246306779527,320.27027027027026,178.78378378378378,1.4183112360357486,31,23.943193277310925,0.9474823771981781,0.934204081632653,3.44631788390616,NCD_YFP_ilid,0.001,0.04,20.0,5000.0,5000.0,0.02,Both,100.0,1.0,60.0,300.0,100.0,4.0,
