,index,area,major_axis_length,minor_axis_length,centroid-0,centroid-1,orientation,label,speed (nm/s),r^2,skele r^2,MT len (um),Motor Type,Motor_Conc_uM,MT_Conc_uM,ATP_Conc_uM,ADP_Conc_uM,P_Conc_uM,Flag_Conc_mg-ml,BSA_Caesin_Both,Acq_Time_s,Time_Interval_s,Cy5_exptime_ms,Cy5_gain,YFP_exptime_ms,YFP_gain,Temperature
4,4,24,30.58545995068675,1.323579172984759,118.08333333333333,296.5,1.131624585645237,7,281.74999999999966,0.8299319727891152,0.38935574229690717,2.0251575398763935,NCD_YFP_ilid,0.001,0.04,40.0,5000.0,0.0,0.02,Both,100.0,1.0,60.0,300.0,100.0,4.0,
9,9,21,31.586944931495893,1.2333473648207351,164.71428571428572,431.8095238095238,-0.76357621717567,14,21.964479638009028,0.9057769930520603,0.7791503280033143,3.5904891817461,NCD_YFP_ilid,0.001,0.04,40.0,5000.0,0.0,0.02,Both,100.0,1.0,60.0,300.0,100.0,4.0,
33,33,31,38.47262708451677,1.308955614019642,432.0,211.3548387096774,0.37678616721684965,55,45.94692307692304,0.875865551548033,0.8651323965880462,3.865652659909822,NCD_YFP_ilid,0.001,0.04,40.0,5000.0,0.0,0.02,Both,100.0,1.0,60.0,300.0,100.0,4.0,
34,34,15,19.796149656341505,1.2811509171908637,439.93333333333334,40.0,-1.0601393226875502,56,52.820384615384604,0.9877420427729728,0.9223133333333335,2.2786547619979416,NCD_YFP_ilid,0.001,0.04,40.0,5000.0,0.0,0.02,Both,100.0,1.0,60.0,300.0,100.0,4.0,
