,index,area,major_axis_length,minor_axis_length,centroid-0,centroid-1,orientation,label,speed (nm/s),r^2,skele r^2,MT len (um),Motor Type,Motor_Conc_uM,MT_Conc_uM,ATP_Conc_uM,ADP_Conc_uM,P_Conc_uM,Flag_Conc_mg-ml,BSA_Caesin_Both,Acq_Time_s,Time_Interval_s,Cy5_exptime_ms,Cy5_gain,YFP_exptime_ms,YFP_gain,Temperature
5,5,81,88.31563584283036,6.574654043901252,165.71604938271605,268.5432098765432,-0.128343882785879,8,198.1582042515167,0.954187137641566,0.4662699325415498,5.350759124168073,NCD_YFP_ilid,0.001,0.04,20.0,100.0,1000.0,0.02,Both,100.0,1.0,60.0,300.0,100.0,4.0,
8,8,91,108.64557175907322,2.398958315830829,175.17582417582418,422.0,1.31351837224259,14,97.75104072398199,0.8214686198593621,0.604307739500948,10.011484750236223,NCD_YFP_ilid,0.001,0.04,20.0,100.0,1000.0,0.02,Both,100.0,1.0,60.0,300.0,100.0,4.0,
11,11,70,90.06945803206038,3.66323087221628,258.6714285714286,315.51428571428573,1.1108266253758232,20,115.11165793600478,0.8418002157188381,0.9778139073914373,9.921159612779173,NCD_YFP_ilid,0.001,0.04,20.0,100.0,1000.0,0.02,Both,100.0,1.0,60.0,300.0,100.0,4.0,
13,13,73,86.48756588768586,2.9949649879118745,304.0,313.041095890411,0.2262929043569143,23,167.37540918731182,0.9559348597091376,0.7081733154073467,4.61531862915193,NCD_YFP_ilid,0.001,0.04,20.0,100.0,1000.0,0.02,Both,100.0,1.0,60.0,300.0,100.0,4.0,
15,15,47,56.145455126737005,2.950512440084654,317.5744680851064,257.0,1.3104445052940676,26,151.65500000000014,0.9502321425175937,0.9842494408355756,3.3093370353854685,NCD_YFP_ilid,0.001,0.04,20.0,100.0,1000.0,0.02,Both,100.0,1.0,60.0,300.0,100.0,4.0,
16,16,66,71.4728765320501,2.649186013416433,343.1212121212121,356.40909090909093,-1.5511994710180603,27,97.6987596486559,0.9868860299290463,0.983221115144134,6.590727144301922,NCD_YFP_ilid,0.001,0.04,20.0,100.0,1000.0,0.02,Both,100.0,1.0,60.0,300.0,100.0,4.0,
17,17,56,87.38495607549065,0.9726162124981447,378.1607142857143,453.82142857142856,-0.8076083300337424,29,57.890539990534535,0.9840383933862319,0.9478335011207691,8.461433677450783,NCD_YFP_ilid,0.001,0.04,20.0,100.0,1000.0,0.02,Both,100.0,1.0,60.0,300.0,100.0,4.0,
