,index,area,major_axis_length,minor_axis_length,centroid-0,centroid-1,orientation,label,speed (nm/s),r^2,skele r^2,MT len (um),Motor Type,Motor_Conc_uM,MT_Conc_uM,ATP_Conc_uM,ADP_Conc_uM,P_Conc_uM,Flag_Conc_mg-ml,BSA_Caesin_Both,Acq_Time_s,Time_Interval_s,Cy5_exptime_ms,Cy5_gain,YFP_exptime_ms,YFP_gain,Temperature
4,4,32,37.02009293943685,1.3965023291989827,64.5,205.3125,-0.0689043744086351,6,33.08149321266965,0.9407850626595049,0.8630883999161498,5.105849475173385,NCD_YFP_ilid,0.001,0.04,40.0,5000.0,0.0,0.02,Both,100.0,1.0,60.0,300.0,100.0,4.0,
7,7,50,65.63812282677262,2.0289977273303768,98.8,293.5,1.0743836524019827,11,36.40215666163901,0.9009509824264128,0.9196885635348704,6.666416111130729,NCD_YFP_ilid,0.001,0.04,40.0,5000.0,0.0,0.02,Both,100.0,1.0,60.0,300.0,100.0,4.0,
14,14,46,58.43456095016746,1.8165921848558508,186.3913043478261,311.5,-0.45808208884645424,22,49.100423483002615,0.9656908846090834,0.8226409984764863,6.6685522741401,NCD_YFP_ilid,0.001,0.04,40.0,5000.0,0.0,0.02,Both,100.0,1.0,60.0,300.0,100.0,4.0,
