,index,area,major_axis_length,minor_axis_length,centroid-0,centroid-1,orientation,label,speed (nm/s),r^2,skele r^2,MT len (um),Motor Type,Motor_Conc_uM,MT_Conc_uM,ATP_Conc_uM,ADP_Conc_uM,P_Conc_uM,Flag_Conc_mg-ml,BSA_Caesin_Both,Acq_Time_s,Time_Interval_s,Cy5_exptime_ms,Cy5_gain,YFP_exptime_ms,YFP_gain,Temperature
19,19,14,22.176832238314343,0.8715161760347689,191.5,272.5,0.8133410643452487,24,11.619683257918552,0.8691541946325213,0.7275053424604137,3.611840026199691,NCD_YFP_ilid,0.001,0.04,20.0,5000.0,1000.0,0.02,Both,100.0,1.0,60.0,300.0,100.0,4.0,
37,37,53,61.93847222804645,2.006084858784445,372.1132075471698,272.0,1.414911652490382,48,37.47026951769044,0.9804106516017921,0.1725205851959083,8.322390191775673,NCD_YFP_ilid,0.001,0.04,20.0,5000.0,1000.0,0.02,Both,100.0,1.0,60.0,300.0,100.0,4.0,
44,44,38,48.704064152927266,1.1002426457433367,442.60526315789474,105.5,1.121050490918426,59,28.88529411764705,0.9833998304839476,0.9189364187283386,6.048511811330985,NCD_YFP_ilid,0.001,0.04,20.0,5000.0,1000.0,0.02,Both,100.0,1.0,60.0,300.0,100.0,4.0,
48,48,21,32.02335057763201,1.1863861568399312,487.4761904761905,187.85714285714286,-0.8186539658087492,64,21.571085972850668,0.8030786201329503,0.010177308203105029,3.4772762817118092,NCD_YFP_ilid,0.001,0.04,20.0,5000.0,1000.0,0.02,Both,100.0,1.0,60.0,300.0,100.0,4.0,
