,index,area,major_axis_length,minor_axis_length,centroid-0,centroid-1,orientation,label,speed (nm/s),r^2,skele r^2,MT len (um),Motor Type,Motor_Conc_uM,MT_Conc_uM,ATP_Conc_uM,ADP_Conc_uM,P_Conc_uM,Flag_Conc_mg-ml,BSA_Caesin_Both,Acq_Time_s,Time_Interval_s,Cy5_exptime_ms,Cy5_gain,YFP_exptime_ms,YFP_gain,Temperature
6,6,52,62.889491802763004,1.6082216897004213,133.5,65.67307692307692,-0.30263688801743194,9,25.94554621848749,0.8170723348216644,0.8660267230298725,7.966052387732317,NCD_YFP_ilid,0.001,0.04,20.0,5000.0,1000.0,0.02,Both,100.0,1.0,60.0,300.0,100.0,4.0,
9,9,24,28.14743799329101,1.1783043242322528,143.25,148.5,-1.3898571292586919,14,22.335126050420158,0.8753036217993531,0.7347586444521249,4.701079538921269,NCD_YFP_ilid,0.001,0.04,20.0,5000.0,1000.0,0.02,Both,100.0,1.0,60.0,300.0,100.0,4.0,
