,index,area,major_axis_length,minor_axis_length,centroid-0,centroid-1,orientation,label,speed (nm/s),r^2,skele r^2,MT len (um),Motor Type,Motor_Conc_uM,MT_Conc_uM,ATP_Conc_uM,ADP_Conc_uM,P_Conc_uM,Flag_Conc_mg-ml,BSA_Caesin_Both,Acq_Time_s,Time_Interval_s,Cy5_exptime_ms,Cy5_gain,YFP_exptime_ms,YFP_gain,Temperature
8,8,43,61.07488448876093,2.0113708911841437,147.09302325581396,313.0,0.9484700197252952,10,13.003846153846116,0.9318394024276374,0.8995072757940425,9.48016242756755,NCD_YFP_ilid,0.001,0.04,20.0,5000.0,5000.0,0.02,Both,100.0,1.0,60.0,300.0,100.0,4.0,
12,12,72,83.68525508414862,1.2803095766610177,253.5,321.4583333333333,-0.11522956700283137,14,27.777963800904896,0.9247564023739687,0.9836340763343602,11.642086291921492,NCD_YFP_ilid,0.001,0.04,20.0,5000.0,5000.0,0.02,Both,100.0,1.0,60.0,300.0,100.0,4.0,
17,17,43,61.93995912595293,1.3211402481654104,312.5813953488372,69.02325581395348,-0.925316065733343,19,26.824591251885384,0.8281880591743604,0.8849058008303441,7.737296189243962,NCD_YFP_ilid,0.001,0.04,20.0,5000.0,5000.0,0.02,Both,100.0,1.0,60.0,300.0,100.0,4.0,
