,index,area,major_axis_length,minor_axis_length,centroid-0,centroid-1,orientation,label,speed (nm/s),r^2,skele r^2,MT len (um),Motor Type,Motor_Conc_uM,MT_Conc_uM,ATP_Conc_uM,ADP_Conc_uM,P_Conc_uM,Flag_Conc_mg-ml,BSA_Caesin_Both,Acq_Time_s,Time_Interval_s,Cy5_exptime_ms,Cy5_gain,YFP_exptime_ms,YFP_gain,Temperature
14,14,54,83.04646982026958,1.4562324950592727,171.62962962962962,92.01851851851852,-0.7852775942177457,24,22.61731092436974,0.9457017851826014,0.9839191175452098,11.133576792996802,NCD_YFP_ilid,0.001,0.04,20.0,5000.0,1000.0,0.02,Both,100.0,1.0,60.0,300.0,100.0,4.0,
16,16,43,51.37460564647329,2.067761667738364,208.0,180.51162790697674,-0.2609127273125213,27,28.686218487394942,0.8448530331829638,0.06582608542206947,6.258946399955932,NCD_YFP_ilid,0.001,0.04,20.0,5000.0,1000.0,0.02,Both,100.0,1.0,60.0,300.0,100.0,4.0,
19,19,26,38.62605104102832,1.4771686192581617,230.07692307692307,353.38461538461536,-0.7590131109695327,30,19.965546218487386,0.9193292405788083,0.4581634422998814,4.3764916063148815,NCD_YFP_ilid,0.001,0.04,20.0,5000.0,1000.0,0.02,Both,100.0,1.0,60.0,300.0,100.0,4.0,
20,20,33,40.148856704536705,2.1409200265502966,251.0,225.24242424242425,0.3222990002461538,32,18.206722689075626,0.8696123800379549,0.7845232212000727,5.261111373256996,NCD_YFP_ilid,0.001,0.04,20.0,5000.0,1000.0,0.02,Both,100.0,1.0,60.0,300.0,100.0,4.0,
32,32,20,31.435887412150638,0.7382293753224207,365.5,347.95,-0.7472715820327536,48,20.3018487394958,0.9235793973093485,0.6193402377573836,4.731091868612022,NCD_YFP_ilid,0.001,0.04,20.0,5000.0,1000.0,0.02,Both,100.0,1.0,60.0,300.0,100.0,4.0,
43,43,16,19.100147320617214,1.61921966722217,498.5,76.6875,0.26483838614491323,69,44.32991526640816,0.9335723961577426,0.9977604586580668,2.739207408008459,NCD_YFP_ilid,0.001,0.04,20.0,5000.0,1000.0,0.02,Both,100.0,1.0,60.0,300.0,100.0,4.0,
