,index,area,major_axis_length,minor_axis_length,centroid-0,centroid-1,orientation,label,speed (nm/s),r^2,skele r^2,MT len (um),Motor Type,Motor_Conc_uM,MT_Conc_uM,ATP_Conc_uM,ADP_Conc_uM,P_Conc_uM,Flag_Conc_mg-ml,BSA_Caesin_Both,Acq_Time_s,Time_Interval_s,Cy5_exptime_ms,Cy5_gain,YFP_exptime_ms,YFP_gain,Temperature
2,2,52,67.92990460141979,1.893999060094486,93.92307692307692,406.5,-1.0836186391421283,5,56.00031674208145,0.9661522189437376,0.9522902202042606,8.046353386686745,NCD_YFP_ilid,0.001,0.04,20.0,300.0,1000.0,0.02,Both,100.0,1.0,60.0,300.0,100.0,4.0,
3,3,58,71.56680610292248,4.098619908476914,118.34482758620689,244.44827586206895,0.5014080224304982,6,72.03475113122168,0.9404639677440189,0.8915470806097943,6.03142823158479,NCD_YFP_ilid,0.001,0.04,20.0,300.0,1000.0,0.02,Both,100.0,1.0,60.0,300.0,100.0,4.0,
4,4,42,50.090267678492935,1.3465349825697759,115.5,27.523809523809526,-0.25405014295034356,7,33.970271493212664,0.9642761345511708,0.9397300311557002,6.472974467389435,NCD_YFP_ilid,0.001,0.04,20.0,300.0,1000.0,0.02,Both,100.0,1.0,60.0,300.0,100.0,4.0,
5,5,71,92.9038231808682,3.773235416391888,132.98591549295776,354.7042253521127,0.4925292054026335,8,136.73159641598767,0.8523544657100429,0.5824503503016991,8.604361801604693,NCD_YFP_ilid,0.001,0.04,20.0,300.0,1000.0,0.02,Both,100.0,1.0,60.0,300.0,100.0,4.0,
7,7,68,95.88859548847712,4.729363025224887,219.16176470588235,351.5147058823529,0.9566196500425148,14,103.11570532915354,0.8286122330796262,0.83487144590405,8.64461029015023,NCD_YFP_ilid,0.001,0.04,20.0,300.0,1000.0,0.02,Both,100.0,1.0,60.0,300.0,100.0,4.0,
16,16,57,82.90376522088874,1.899247306563593,399.0,110.56140350877193,-0.653989510245476,29,99.3974660633484,0.9793692339352082,0.9625716165146403,6.811866784247844,NCD_YFP_ilid,0.001,0.04,20.0,300.0,1000.0,0.02,Both,100.0,1.0,60.0,300.0,100.0,4.0,
18,18,93,118.23885667896728,2.9200804766948645,453.0,405.5698924731183,-0.43204636313986944,34,188.27399461905338,0.8637963470297118,0.6863642617293788,7.4443154809576715,NCD_YFP_ilid,0.001,0.04,20.0,300.0,1000.0,0.02,Both,100.0,1.0,60.0,300.0,100.0,4.0,
