,index,area,major_axis_length,minor_axis_length,centroid-0,centroid-1,orientation,label,speed (nm/s),r^2,skele r^2,MT len (um),Motor Type,Motor_Conc_uM,MT_Conc_uM,ATP_Conc_uM,ADP_Conc_uM,P_Conc_uM,Flag_Conc_mg-ml,BSA_Caesin_Both,Acq_Time_s,Time_Interval_s,Cy5_exptime_ms,Cy5_gain,YFP_exptime_ms,YFP_gain,Temperature
10,10,43,48.29200993177306,3.4986982984540163,151.93023255813952,416.7674418604651,-1.5352074391439094,14,41.01236515422561,0.8477645369530714,0.9358344104177607,6.322397613973413,NCD_YFP_ilid,0.001,0.04,20.0,5000.0,5000.0,0.02,Both,100.0,1.0,60.0,300.0,100.0,4.0,
19,19,73,85.13555409384487,5.148399373682138,310.0,277.52054794520546,0.14171466869176114,30,21.73135746606343,0.8744802512033499,0.7336615747169971,10.9162425082648,NCD_YFP_ilid,0.001,0.04,20.0,5000.0,5000.0,0.02,Both,100.0,1.0,60.0,300.0,100.0,4.0,
24,24,22,25.01104115754016,2.805228657193218,349.72727272727275,334.1363636363636,0.27756654761173816,36,156.21503496503502,0.9583821659497336,0.9651751559499055,2.6226511463889737,NCD_YFP_ilid,0.001,0.04,20.0,5000.0,5000.0,0.02,Both,100.0,1.0,60.0,300.0,100.0,4.0,
