,index,area,major_axis_length,minor_axis_length,centroid-0,centroid-1,orientation,label,speed (nm/s),r^2,skele r^2,MT len (um),Motor Type,Motor_Conc_uM,MT_Conc_uM,ATP_Conc_uM,ADP_Conc_uM,P_Conc_uM,Flag_Conc_mg-ml,BSA_Caesin_Both,Acq_Time_s,Time_Interval_s,Cy5_exptime_ms,Cy5_gain,YFP_exptime_ms,YFP_gain,Temperature
2,2,40,54.15891399156344,1.346118588547753,105.5,21.75,-0.5501264533387795,3,60.74090909090908,0.9635651037886486,0.3202731707316997,3.1909236018230493,NCD_YFP_ilid,0.001,0.04,20.0,1420.0,5000.0,0.02,Both,100.0,1.0,60.0,300.0,100.0,4.0,
5,5,50,71.96128723362396,2.6662969976858926,234.56,213.48,-0.7261071871766152,11,72.03189342533454,0.9633060521863378,0.6189721422839803,7.3637271162662215,NCD_YFP_ilid,0.001,0.04,20.0,1420.0,5000.0,0.02,Both,100.0,1.0,60.0,300.0,100.0,4.0,
10,10,34,39.25319145499352,2.806956023901171,328.5,422.47058823529414,0.02303204289531787,20,76.18605042016806,0.8932732045827653,0.8260057424774374,4.397469443453703,NCD_YFP_ilid,0.001,0.04,20.0,1420.0,5000.0,0.02,Both,100.0,1.0,60.0,300.0,100.0,4.0,
13,13,37,54.97412438065765,1.6710251303074277,422.0,164.54054054054055,-0.6814752144169697,24,56.43058954393772,0.9603962922276986,0.9755006081704051,4.537806474222903,NCD_YFP_ilid,0.001,0.04,20.0,1420.0,5000.0,0.02,Both,100.0,1.0,60.0,300.0,100.0,4.0,
15,15,43,53.975043134975046,1.136097009172955,420.9767441860465,208.0,1.1671195139327044,26,43.65073837452865,0.9780239889605028,0.6510206335836287,5.856958592126995,NCD_YFP_ilid,0.001,0.04,20.0,1420.0,5000.0,0.02,Both,100.0,1.0,60.0,300.0,100.0,4.0,
18,18,54,72.22539133455099,1.9994118306044897,474.9259259259259,57.5,1.0412998773894464,29,47.650588235294094,0.9788283011207882,0.9919648819000371,9.284242963847934,NCD_YFP_ilid,0.001,0.04,20.0,1420.0,5000.0,0.02,Both,100.0,1.0,60.0,300.0,100.0,4.0,
