,index,area,major_axis_length,minor_axis_length,centroid-0,centroid-1,orientation,label,speed (nm/s),r^2,skele r^2,MT len (um),Motor Type,Motor_Conc_uM,MT_Conc_uM,ATP_Conc_uM,ADP_Conc_uM,P_Conc_uM,Flag_Conc_mg-ml,BSA_Caesin_Both,Acq_Time_s,Time_Interval_s,Cy5_exptime_ms,Cy5_gain,YFP_exptime_ms,YFP_gain,Temperature
8,8,11,17.189808256947583,0.8419258855829851,83.0,9.181818181818182,-0.7449823658438408,9,8.108280542986432,0.8589209664325366,0.8027975558508871,3.7170524443972788,NCD_YFP_ilid,0.001,0.04,20.0,1420.0,5000.0,0.02,Both,100.0,1.0,60.0,300.0,100.0,4.0,
18,18,44,51.24026100304227,1.4365763166848622,272.5,194.97727272727272,-0.1321713113308569,23,40.51954751131226,0.8935348480121206,0.9490824039336417,5.649042248830765,NCD_YFP_ilid,0.001,0.04,20.0,1420.0,5000.0,0.02,Both,100.0,1.0,60.0,300.0,100.0,4.0,
20,20,70,90.5731939247053,2.273586448532857,294.6714285714286,330.5,-1.1023120600662224,25,94.11128083417593,0.9643789247663889,0.5776454599038789,8.879144117864318,NCD_YFP_ilid,0.001,0.04,20.0,1420.0,5000.0,0.02,Both,100.0,1.0,60.0,300.0,100.0,4.0,
23,23,42,49.6511506764676,1.6208584395135075,392.5,144.35714285714286,0.2174023988085306,32,55.19223459798116,0.8439815109360302,0.021344146184381296,7.19382456461355,NCD_YFP_ilid,0.001,0.04,20.0,1420.0,5000.0,0.02,Both,100.0,1.0,60.0,300.0,100.0,4.0,
