,index,area,major_axis_length,minor_axis_length,centroid-0,centroid-1,orientation,label,speed (nm/s),r^2,skele r^2,MT len (um),Motor Type,Motor_Conc_uM,MT_Conc_uM,ATP_Conc_uM,ADP_Conc_uM,P_Conc_uM,Flag_Conc_mg-ml,BSA_Caesin_Both,Acq_Time_s,Time_Interval_s,Cy5_exptime_ms,Cy5_gain,YFP_exptime_ms,YFP_gain,Temperature
2,2,16,20.832133194415906,0.9796563530723316,216.5,39.9375,0.4846113065758993,18,109.20979020979016,0.9905852552520636,0.9786143907329026,2.630507327443286,NCD_YFP_ilid,0.001,0.04,40.0,500.0,0.0,0.02,Both,100.0,1.0,60.0,300.0,100.0,4.0,
5,5,49,58.7505724988502,2.6849670792886733,357.0,331.83673469387753,0.27368966288924257,27,86.41547511312213,0.9941688112406559,0.9745949990392127,4.064923930068547,NCD_YFP_ilid,0.001,0.04,40.0,500.0,0.0,0.02,Both,100.0,1.0,60.0,300.0,100.0,4.0,
8,8,19,26.855007665153735,1.2997883408951132,400.0,19.63157894736842,-0.8008622311641265,32,185.14999999999978,0.9130434782608693,0.7200832466181061,2.673581854559654,NCD_YFP_ilid,0.001,0.04,40.0,500.0,0.0,0.02,Both,100.0,1.0,60.0,300.0,100.0,4.0,
10,10,19,27.607801282275947,1.3816770064137387,433.94736842105266,41.63157894736842,-0.6745461484872824,35,114.99999999999997,0.9913,0.9722222222222222,2.785817010290649,NCD_YFP_ilid,0.001,0.04,40.0,500.0,0.0,0.02,Both,100.0,1.0,60.0,300.0,100.0,4.0,
11,11,81,97.69762327635672,1.6753445212660112,440.037037037037,93.0,-1.2773870344003482,37,146.77954751131224,0.9934126140375003,0.7797076887267793,7.523607844489217,NCD_YFP_ilid,0.001,0.04,40.0,500.0,0.0,0.02,Both,100.0,1.0,60.0,300.0,100.0,4.0,
