,index,area,major_axis_length,minor_axis_length,centroid-0,centroid-1,orientation,label,speed (nm/s),r^2,skele r^2,MT len (um),Motor Type,Motor_Conc_uM,MT_Conc_uM,ATP_Conc_uM,ADP_Conc_uM,P_Conc_uM,Flag_Conc_mg-ml,BSA_Caesin_Both,Acq_Time_s,Time_Interval_s,Cy5_exptime_ms,Cy5_gain,YFP_exptime_ms,YFP_gain,Temperature
18,18,32,43.96579099876634,1.2027975111367306,325.5,287.6875,0.5737085833024285,24,18.736487991646328,0.9036211282736908,0.2645397763815678,6.270063909113174,NCD_YFP_ilid,0.001,0.04,20.0,5000.0,5000.0,0.02,Both,100.0,1.0,60.0,300.0,100.0,4.0,
25,25,30,35.153142629564314,1.2956795466975901,441.6666666666667,264.5,-1.3965831337487913,35,35.94590643274857,0.8066415637215485,0.8617895483782364,5.491311971131083,NCD_YFP_ilid,0.001,0.04,20.0,5000.0,5000.0,0.02,Both,100.0,1.0,60.0,300.0,100.0,4.0,
