,index,area,major_axis_length,minor_axis_length,centroid-0,centroid-1,orientation,label,speed (nm/s),r^2,skele r^2,MT len (um),Motor Type,Motor_Conc_uM,MT_Conc_uM,ATP_Conc_uM,ADP_Conc_uM,P_Conc_uM,Flag_Conc_mg-ml,BSA_Caesin_Both,Acq_Time_s,Time_Interval_s,Cy5_exptime_ms,Cy5_gain,YFP_exptime_ms,YFP_gain,Temperature
1,1,108,97.78451775886367,11.76350842913041,108.38888888888889,373.64814814814815,-1.3759037709595718,4,87.99546591970122,0.9200610618497146,0.627628777640626,11.403677449928535,NCD_YFP_ilid,0.001,0.04,20.0,500.0,5000.0,0.02,Both,100.0,1.0,60.0,300.0,100.0,4.0,
2,2,70,82.81662323719968,1.4689914893837057,139.5,483.2857142857143,0.22002090778211336,6,129.403025210084,0.99605534173458,0.9931816173955607,6.367278760434293,NCD_YFP_ilid,0.001,0.04,20.0,500.0,5000.0,0.02,Both,100.0,1.0,60.0,300.0,100.0,4.0,
3,3,76,93.86696472978797,1.307816478060312,150.5,285.64473684210526,-0.3630535054270527,9,90.70267393443865,0.9402552544869688,0.9944349273627989,9.500539928118256,NCD_YFP_ilid,0.001,0.04,20.0,500.0,5000.0,0.02,Both,100.0,1.0,60.0,300.0,100.0,4.0,
4,4,40,45.23976235108336,5.8782567498792275,139.0,422.975,-1.1346744177185621,10,72.24335106382972,0.9651567283056774,0.9534310375026094,3.570052365717656,NCD_YFP_ilid,0.001,0.04,20.0,500.0,5000.0,0.02,Both,100.0,1.0,60.0,300.0,100.0,4.0,
5,5,15,22.29898169215614,0.9042332194226351,141.73333333333332,186.0,-0.8860624462740444,11,110.40000000000025,0.9265046296296295,0.030303030303015732,2.8078271473557668,NCD_YFP_ilid,0.001,0.04,20.0,500.0,5000.0,0.02,Both,100.0,1.0,60.0,300.0,100.0,4.0,
8,8,60,76.88898979450242,2.7822699650968503,218.48333333333332,97.26666666666667,0.45252055381108125,15,125.74235294117642,0.9180254664485936,0.8635623028390802,7.216131707176772,NCD_YFP_ilid,0.001,0.04,20.0,500.0,5000.0,0.02,Both,100.0,1.0,60.0,300.0,100.0,4.0,
13,13,56,66.23837582050099,1.4171029980099905,300.5,54.892857142857146,0.21928474615838076,23,78.95344827586202,0.8922426156276825,0.9285146256710988,8.338327287160828,NCD_YFP_ilid,0.001,0.04,20.0,500.0,5000.0,0.02,Both,100.0,1.0,60.0,300.0,100.0,4.0,
15,15,48,58.521942194369444,2.7904208402223913,298.5625,455.5,1.2430224889762462,25,103.39949579831931,0.9840799263404375,0.9731404704799926,3.7983924418268695,NCD_YFP_ilid,0.001,0.04,20.0,500.0,5000.0,0.02,Both,100.0,1.0,60.0,300.0,100.0,4.0,
