,index,area,major_axis_length,minor_axis_length,centroid-0,centroid-1,orientation,label,speed (nm/s),r^2,skele r^2,MT len (um),Motor Type,Motor_Conc_uM,MT_Conc_uM,ATP_Conc_uM,ADP_Conc_uM,P_Conc_uM,Flag_Conc_mg-ml,BSA_Caesin_Both,Acq_Time_s,Time_Interval_s,Cy5_exptime_ms,Cy5_gain,YFP_exptime_ms,YFP_gain,Temperature
4,5,37,43.0294570492793,3.339310962215523,133.16216216216216,101.64864864864865,0.24810574701378654,14,44.7958823529412,0.8897969624652353,0.7362416458955314,5.023292416515243,NCD_YFP_ilid,0.001,0.04,40.0,5000.0,0.0,0.02,Both,100.0,1.0,60.0,300.0,100.0,4.0,
6,7,15,18.597192101212013,1.2622736785287507,122.46666666666667,128.0,-1.1915364391155663,16,41.69017397964766,0.9045640632554671,0.9395760649455434,2.5166085718120055,NCD_YFP_ilid,0.001,0.04,40.0,5000.0,0.0,0.02,Both,100.0,1.0,60.0,300.0,100.0,4.0,
23,24,55,76.62999106381544,2.396245025184722,385.8909090909091,79.03636363636363,-0.9707790104932121,46,52.8313122171946,0.9030528581194408,0.3026994946469145,8.652308131617637,NCD_YFP_ilid,0.001,0.04,40.0,5000.0,0.0,0.02,Both,100.0,1.0,60.0,300.0,100.0,4.0,
28,29,27,31.643980540921532,1.1123716542807423,423.0740740740741,98.0,-1.394755251581805,53,33.38746606334843,0.9414801547783207,0.7270162980094032,4.1556862425692085,NCD_YFP_ilid,0.001,0.04,40.0,5000.0,0.0,0.02,Both,100.0,1.0,60.0,300.0,100.0,4.0,
