,index,area,major_axis_length,minor_axis_length,centroid-0,centroid-1,orientation,label,speed (nm/s),r^2,skele r^2,MT len (um),Motor Type,Motor_Conc_uM,MT_Conc_uM,ATP_Conc_uM,ADP_Conc_uM,P_Conc_uM,Flag_Conc_mg-ml,BSA_Caesin_Both,Acq_Time_s,Time_Interval_s,Cy5_exptime_ms,Cy5_gain,YFP_exptime_ms,YFP_gain,Temperature
12,12,32,39.51645936609741,2.1056624058886464,86.5,313.53125,0.3641844963412913,17,29.88453781512605,0.9460595548203171,0.21072976375335428,4.616565317647667,NCD_YFP_ilid,0.001,0.04,20.0,5000.0,0.0,0.02,Both,100.0,1.0,60.0,300.0,100.0,4.0,
39,39,12,14.209418743912664,1.5574826783873912,227.75,455.5,1.3311256329414067,73,24.857219251336897,0.9211926430079416,0.8131229809470459,2.1380207309995396,NCD_YFP_ilid,0.001,0.04,20.0,5000.0,0.0,0.02,Both,100.0,1.0,60.0,300.0,100.0,4.0,
59,59,17,20.90003293803668,1.2471588495064732,375.11764705882354,181.0,-1.2150069664395797,120,36.38794463706229,0.9556255425208909,0.43417473865975786,3.353272718489125,NCD_YFP_ilid,0.001,0.04,20.0,5000.0,0.0,0.02,Both,100.0,1.0,60.0,300.0,100.0,4.0,
62,62,12,16.839732070099476,1.282827357630588,388.4166666666667,275.5,0.8615580286557618,127,10.382857142857146,0.8897329801973667,0.59807257856959,2.3090020020153053,NCD_YFP_ilid,0.001,0.04,20.0,5000.0,0.0,0.02,Both,100.0,1.0,60.0,300.0,100.0,4.0,
63,63,11,12.66225240738932,0.9948256234889429,393.0,182.9090909090909,-0.04570560093014043,130,12.20739495798319,0.830972617568859,0.6620987507819518,2.4596441851609465,NCD_YFP_ilid,0.001,0.04,20.0,5000.0,0.0,0.02,Both,100.0,1.0,60.0,300.0,100.0,4.0,
71,71,12,17.32394297510881,1.1019678436830367,421.5,345.5,-0.9208715885666585,139,12.930252100840338,0.9278750382629407,0.8464449292294328,2.882983450783505,NCD_YFP_ilid,0.001,0.04,20.0,5000.0,0.0,0.02,Both,100.0,1.0,60.0,300.0,100.0,4.0,
85,85,8,11.091366107830222,0.8553349414557403,503.5,489.625,-0.6002700800789355,168,12.58621848739495,0.8729414303738626,0.8690954067577448,1.9099412401833717,NCD_YFP_ilid,0.001,0.04,20.0,5000.0,0.0,0.02,Both,100.0,1.0,60.0,300.0,100.0,4.0,
