,index,area,major_axis_length,minor_axis_length,centroid-0,centroid-1,orientation,label,speed (nm/s),r^2,skele r^2,MT len (um),Motor Type,Motor_Conc_uM,MT_Conc_uM,ATP_Conc_uM,ADP_Conc_uM,P_Conc_uM,Flag_Conc_mg-ml,BSA_Caesin_Both,Acq_Time_s,Time_Interval_s,Cy5_exptime_ms,Cy5_gain,YFP_exptime_ms,YFP_gain,Temperature
0,0,66,82.0635935294166,3.4558803847019575,36.515151515151516,136.3181818181818,0.38395483485290716,1,130.54113122171944,0.8577828878210675,0.9403554919082064,8.21780976200402,NCD_YFP_ilid,0.001,0.04,20.0,100.0,1000.0,0.02,Both,100.0,1.0,60.0,300.0,100.0,4.0,
2,2,45,68.61579950408124,2.1250903587868715,113.24444444444444,252.0,-0.8584410506331484,3,20.070361990950303,0.8121339082106683,0.7835007133907896,8.515317248081326,NCD_YFP_ilid,0.001,0.04,20.0,100.0,1000.0,0.02,Both,100.0,1.0,60.0,300.0,100.0,4.0,
3,3,28,39.39771588425324,1.230390448061103,133.0,367.5357142857143,0.9511033336055879,4,83.07533539731682,0.9539106666666667,0.9766151099380931,2.9344882758172695,NCD_YFP_ilid,0.001,0.04,20.0,100.0,1000.0,0.02,Both,100.0,1.0,60.0,300.0,100.0,4.0,
4,4,49,70.09385444647252,2.2455116764973213,150.87755102040816,53.16326530612245,-0.649593400576541,5,102.34063348416292,0.9170218595361516,0.9163725787923322,4.8686191727092725,NCD_YFP_ilid,0.001,0.04,20.0,100.0,1000.0,0.02,Both,100.0,1.0,60.0,300.0,100.0,4.0,
6,6,60,59.98231182678084,8.479389464613961,177.23333333333332,141.13333333333333,0.9343182702075473,8,109.51372614663538,0.8794083454841667,0.8840205458830178,6.164118233077355,NCD_YFP_ilid,0.001,0.04,20.0,100.0,1000.0,0.02,Both,100.0,1.0,60.0,300.0,100.0,4.0,
8,8,53,75.05997477535745,1.7585193640921728,337.8679245283019,145.8490566037736,-0.9329465365729419,14,89.70104072398189,0.9738792616379116,0.7792564194032268,7.047537589824862,NCD_YFP_ilid,0.001,0.04,20.0,100.0,1000.0,0.02,Both,100.0,1.0,60.0,300.0,100.0,4.0,
11,11,25,35.11376025069287,2.3123669814415337,403.88,285.52,0.8390940496510999,17,34.2252488687783,0.9289377537657967,0.8704417406742619,3.3594496999593133,NCD_YFP_ilid,0.001,0.04,20.0,100.0,1000.0,0.02,Both,100.0,1.0,60.0,300.0,100.0,4.0,
14,14,41,62.08483303266448,1.0316138404513622,470.5853658536585,436.0,0.8667762204206259,21,24.40497737556555,0.8708814138263898,0.5295672158795646,7.5962199006962585,NCD_YFP_ilid,0.001,0.04,20.0,100.0,1000.0,0.02,Both,100.0,1.0,60.0,300.0,100.0,4.0,
