,index,area,major_axis_length,minor_axis_length,centroid-0,centroid-1,orientation,label,speed (nm/s),r^2,skele r^2,MT len (um),Motor Type,Motor_Conc_uM,MT_Conc_uM,ATP_Conc_uM,ADP_Conc_uM,P_Conc_uM,Flag_Conc_mg-ml,BSA_Caesin_Both,Acq_Time_s,Time_Interval_s,Cy5_exptime_ms,Cy5_gain,YFP_exptime_ms,YFP_gain,Temperature
9,9,81,105.12257026858526,4.940213958272942,168.88888888888889,379.44444444444446,0.6263357039979065,12,66.7457918552036,0.9016527443162785,0.9487846959160245,10.880989225570437,NCD_YFP_ilid,0.001,0.04,20.0,500.0,1000.0,0.02,Both,100.0,1.0,60.0,300.0,100.0,4.0,
10,10,63,75.56666339623739,1.3904500759555238,184.0,338.3333333333333,-0.2745741857385774,13,68.39501914375214,0.869824768313876,0.8197816558393415,7.522407973576734,NCD_YFP_ilid,0.001,0.04,20.0,500.0,1000.0,0.02,Both,100.0,1.0,60.0,300.0,100.0,4.0,
11,11,48,75.0751243418574,1.1770417481431792,211.5,237.35416666666666,-0.7406460181700536,14,68.28294117647053,0.9650928274468933,0.9366083064394395,7.598773981710978,NCD_YFP_ilid,0.001,0.04,20.0,500.0,1000.0,0.02,Both,100.0,1.0,60.0,300.0,100.0,4.0,
12,12,24,32.94358692375852,1.4992859548946886,199.45833333333334,377.8333333333333,0.5880696833464781,15,52.04009009009014,0.9552692956484056,0.6308110077956232,3.7416394090282936,NCD_YFP_ilid,0.001,0.04,20.0,500.0,1000.0,0.02,Both,100.0,1.0,60.0,300.0,100.0,4.0,
14,14,14,19.826630873094594,0.9294578503200998,211.5,138.64285714285714,-0.621824478804812,17,68.823076923077,0.8672755268601189,0.90625,3.0720557446460552,NCD_YFP_ilid,0.001,0.04,20.0,500.0,1000.0,0.02,Both,100.0,1.0,60.0,300.0,100.0,4.0,
15,15,52,60.30905206138704,1.5900624605671334,242.5,307.36538461538464,0.0956932334663146,19,115.54846153846145,0.9771857447402228,0.9605741251778871,4.064214941000065,NCD_YFP_ilid,0.001,0.04,20.0,500.0,1000.0,0.02,Both,100.0,1.0,60.0,300.0,100.0,4.0,
19,19,74,115.92230220434251,2.0031343048303274,317.5,264.8243243243243,0.7512202550804122,25,101.43000000000002,0.9473896927074277,0.9978082365225999,12.349725032671234,NCD_YFP_ilid,0.001,0.04,20.0,500.0,1000.0,0.02,Both,100.0,1.0,60.0,300.0,100.0,4.0,
26,26,74,90.50045808094212,2.0714488026083835,481.3918918918919,357.5,1.23471380003454,35,110.4489140271494,0.9964816554221663,0.9936426909576529,6.072218332919549,NCD_YFP_ilid,0.001,0.04,20.0,500.0,1000.0,0.02,Both,100.0,1.0,60.0,300.0,100.0,4.0,
