,index,area,major_axis_length,minor_axis_length,centroid-0,centroid-1,orientation,label,speed (nm/s),r^2,skele r^2,MT len (um),Motor Type,Motor_Conc_uM,MT_Conc_uM,ATP_Conc_uM,ADP_Conc_uM,P_Conc_uM,Flag_Conc_mg-ml,BSA_Caesin_Both,Acq_Time_s,Time_Interval_s,Cy5_exptime_ms,Cy5_gain,YFP_exptime_ms,YFP_gain,Temperature
9,9,64,74.45704855913296,1.4655783373525157,121.75,235.5,-1.4474754497597673,10,70.15579831932772,0.9792641829582898,0.9918415124654429,8.52738125256194,NCD_YFP_ilid,0.001,0.04,40.0,5000.0,0.0,0.02,Both,100.0,1.0,60.0,300.0,100.0,4.0,
15,15,18,27.48554303227164,1.2379735627757287,170.22222222222223,425.5,-0.8548228841289797,17,23.127563025210087,0.9312060532308251,0.6508136642523545,3.7204895931186925,NCD_YFP_ilid,0.001,0.04,40.0,5000.0,0.0,0.02,Both,100.0,1.0,60.0,300.0,100.0,4.0,
19,19,16,20.274762736423405,1.3906818405864745,179.75,167.5,1.1409042982578157,22,19.88050420168068,0.9285817794624205,0.32078463048615147,2.2645384174601975,NCD_YFP_ilid,0.001,0.04,40.0,5000.0,0.0,0.02,Both,100.0,1.0,60.0,300.0,100.0,4.0,
21,21,8,9.478524020945562,1.0759100261443693,190.5,239.75,-0.25957305712326145,26,88.55000000000003,0.8582797673706763,0.8086295746353388,1.6912225278206205,NCD_YFP_ilid,0.001,0.04,40.0,5000.0,0.0,0.02,Both,100.0,1.0,60.0,300.0,100.0,4.0,
36,36,34,44.0703577576772,1.601503289125988,345.2352941176471,79.5,1.0980143810049794,49,44.453781512605026,0.9260504196597353,0.8724922097234673,1.3174091902521678,NCD_YFP_ilid,0.001,0.04,40.0,5000.0,0.0,0.02,Both,100.0,1.0,60.0,300.0,100.0,4.0,
38,38,39,46.43885630355329,1.4696184561376675,343.71794871794873,454.0,-1.322708204933749,51,32.194588235294106,0.8501580688047652,0.5296555799928944,5.275079831971568,NCD_YFP_ilid,0.001,0.04,40.0,5000.0,0.0,0.02,Both,100.0,1.0,60.0,300.0,100.0,4.0,
48,48,31,39.41778142132716,1.4322021260060844,461.0,477.7096774193548,-0.43347896282366166,70,42.78386554621847,0.8833368881451575,0.9135890634564374,5.902307710945503,NCD_YFP_ilid,0.001,0.04,40.0,5000.0,0.0,0.02,Both,100.0,1.0,60.0,300.0,100.0,4.0,
