,index,area,major_axis_length,minor_axis_length,centroid-0,centroid-1,orientation,label,speed (nm/s),r^2,skele r^2,MT len (um),Motor Type,Motor_Conc_uM,MT_Conc_uM,ATP_Conc_uM,ADP_Conc_uM,P_Conc_uM,Flag_Conc_mg-ml,BSA_Caesin_Both,Acq_Time_s,Time_Interval_s,Cy5_exptime_ms,Cy5_gain,YFP_exptime_ms,YFP_gain,Temperature
17,17,25,33.55633529004532,1.3246742626243146,163.0,91.56,0.5368097109725909,23,18.508235294117647,0.9591925720734586,0.8557564441140324,4.675494756889874,NCD_YFP_ilid,0.001,0.04,20.0,5000.0,0.0,0.02,Both,100.0,1.0,60.0,300.0,100.0,4.0,
18,18,18,23.621882512902157,3.735944837734873,159.83333333333334,206.05555555555554,0.6518342757064675,24,32.171298922291555,0.8752381400290778,0.8202454605461889,2.194083629349693,NCD_YFP_ilid,0.001,0.04,20.0,5000.0,0.0,0.02,Both,100.0,1.0,60.0,300.0,100.0,4.0,
