,index,area,major_axis_length,minor_axis_length,centroid-0,centroid-1,orientation,label,speed (nm/s),r^2,skele r^2,MT len (um),Motor Type,Motor_Conc_uM,MT_Conc_uM,ATP_Conc_uM,ADP_Conc_uM,P_Conc_uM,Flag_Conc_mg-ml,BSA_Caesin_Both,Acq_Time_s,Time_Interval_s,Cy5_exptime_ms,Cy5_gain,YFP_exptime_ms,YFP_gain,Temperature
7,7,88,104.38825935627628,3.190634974735344,166.98863636363637,390.5,1.3393348049696654,11,121.18845833298354,0.983057770615393,0.6417865805472243,10.042989259513268,NCD_YFP_ilid,0.001,0.04,20.0,100.0,1000.0,0.02,Both,100.0,1.0,60.0,300.0,100.0,4.0,
11,11,64,79.36900340711908,2.6455241750397462,272.5,303.4375,0.37389658356988764,15,115.68033613445377,0.9719215482576284,0.9792769414701901,4.248172058925789,NCD_YFP_ilid,0.001,0.04,20.0,100.0,1000.0,0.02,Both,100.0,1.0,60.0,300.0,100.0,4.0,
13,13,66,76.27184125446917,2.3872530848772966,342.6060606060606,323.5,1.5278205741128856,21,125.9742857142857,0.9662167396716729,0.8853697741056267,6.4542149816355,NCD_YFP_ilid,0.001,0.04,20.0,100.0,1000.0,0.02,Both,100.0,1.0,60.0,300.0,100.0,4.0,
14,14,17,22.433173046112753,1.1060448989323832,370.0,404.0,1.061716934287461,22,40.69722222222217,0.9067342913496756,0.45958860206281726,2.825963440082471,NCD_YFP_ilid,0.001,0.04,20.0,100.0,1000.0,0.02,Both,100.0,1.0,60.0,300.0,100.0,4.0,
