,index,area,major_axis_length,minor_axis_length,centroid-0,centroid-1,orientation,label,speed (nm/s),r^2,skele r^2,MT len (um),Motor Type,Motor_Conc_uM,MT_Conc_uM,ATP_Conc_uM,ADP_Conc_uM,P_Conc_uM,Flag_Conc_mg-ml,BSA_Caesin_Both,Acq_Time_s,Time_Interval_s,Cy5_exptime_ms,Cy5_gain,YFP_exptime_ms,YFP_gain,Temperature
3,3,96,128.14828638259627,10.650999039405946,80.40625,81.71875,-0.7247405421751862,5,75.9114420168066,0.960443398763003,0.8847598910277529,12.345184079147513,NCD_YFP_ilid,0.001,0.04,20.0,500.0,1000.0,0.02,Both,100.0,1.0,60.0,300.0,100.0,4.0,
5,5,23,32.599629264199784,1.6434247182615258,100.95652173913044,17.869565217391305,-0.9106209939071243,9,50.150201612903246,0.9248541594662814,0.9109812750301747,3.255786027609097,NCD_YFP_ilid,0.001,0.04,20.0,500.0,1000.0,0.02,Both,100.0,1.0,60.0,300.0,100.0,4.0,
9,9,82,94.68402406446212,1.9884738782003137,261.4024390243902,115.5,-1.559897424039383,20,126.40336134453776,0.9983059899559521,0.9992469944728918,8.866640940170823,NCD_YFP_ilid,0.001,0.04,20.0,500.0,1000.0,0.02,Both,100.0,1.0,60.0,300.0,100.0,4.0,
11,11,54,65.60737984233175,2.8709501811758735,317.462962962963,445.5,-1.2537096699202472,23,103.19075630252095,0.9896723797269952,0.9768107786837003,4.696191952655652,NCD_YFP_ilid,0.001,0.04,20.0,500.0,1000.0,0.02,Both,100.0,1.0,60.0,300.0,100.0,4.0,
