,index,area,major_axis_length,minor_axis_length,centroid-0,centroid-1,orientation,label,speed (nm/s),r^2,skele r^2,MT len (um),Motor Type,Motor_Conc_uM,MT_Conc_uM,ATP_Conc_uM,ADP_Conc_uM,P_Conc_uM,Flag_Conc_mg-ml,BSA_Caesin_Both,Acq_Time_s,Time_Interval_s,Cy5_exptime_ms,Cy5_gain,YFP_exptime_ms,YFP_gain,Temperature
3,3,37,44.41600967223759,2.8435666866315836,94.0,386.0810810810811,-0.2787838598054505,7,82.54564545105028,0.9844963653713928,0.16686337433470944,4.373585590389565,NCD_YFP_ilid,0.001,0.04,20.0,500.0,1000.0,0.02,Both,100.0,1.0,60.0,300.0,100.0,4.0,
4,4,67,77.37166411996357,1.8764037222405383,200.2537313432836,339.0,1.5508734393068717,10,64.62821590174529,0.981664371365378,0.9993613261272232,6.585273943791036,NCD_YFP_ilid,0.001,0.04,20.0,500.0,1000.0,0.02,Both,100.0,1.0,60.0,300.0,100.0,4.0,
6,6,20,26.80947983353073,1.640667868737933,247.4,151.5,-1.0348129466159404,13,57.49999999999982,0.8999999999999996,0.6193293885601576,3.5571898112711686,NCD_YFP_ilid,0.001,0.04,20.0,500.0,1000.0,0.02,Both,100.0,1.0,60.0,300.0,100.0,4.0,
7,7,71,88.28185359487516,5.257852623316193,269.16901408450707,319.6901408450704,-1.0569076882184674,15,132.0475791855203,0.9390091846153753,0.9403796111539214,8.264379629649389,NCD_YFP_ilid,0.001,0.04,20.0,500.0,1000.0,0.02,Both,100.0,1.0,60.0,300.0,100.0,4.0,
8,8,61,70.88664384004096,2.4908616145192846,281.0,249.45901639344262,0.11397809424826708,16,85.60683257918545,0.9726416945045718,0.8850481472051734,6.811135095303155,NCD_YFP_ilid,0.001,0.04,20.0,500.0,1000.0,0.02,Both,100.0,1.0,60.0,300.0,100.0,4.0,
9,9,75,86.61226140364974,1.2223461463115102,260.7733333333333,149.0,-1.5507381210512727,17,95.951628959276,0.9929269887376416,0.9981620805678121,7.492988030032957,NCD_YFP_ilid,0.001,0.04,20.0,500.0,1000.0,0.02,Both,100.0,1.0,60.0,300.0,100.0,4.0,
10,10,45,52.900770472454916,2.3949204401126787,291.22222222222223,43.44444444444444,0.2947781312112705,18,54.28104072398185,0.8282358534759215,0.30723541316494674,6.613115683084733,NCD_YFP_ilid,0.001,0.04,20.0,500.0,1000.0,0.02,Both,100.0,1.0,60.0,300.0,100.0,4.0,
13,13,86,99.2976505156693,5.823096867199384,351.8255813953488,164.5,1.5692532128725099,23,103.51352941176468,0.8592572550705859,0.8111487229392087,9.119265692024406,NCD_YFP_ilid,0.001,0.04,20.0,500.0,1000.0,0.02,Both,100.0,1.0,60.0,300.0,100.0,4.0,
