,index,area,major_axis_length,minor_axis_length,centroid-0,centroid-1,orientation,label,speed (nm/s),r^2,skele r^2,MT len (um),Motor Type,Motor_Conc_uM,MT_Conc_uM,ATP_Conc_uM,ADP_Conc_uM,P_Conc_uM,Flag_Conc_mg-ml,BSA_Caesin_Both,Acq_Time_s,Time_Interval_s,Cy5_exptime_ms,Cy5_gain,YFP_exptime_ms,YFP_gain,Temperature
4,4,24,29.115400685771267,1.2645151096548808,45.791666666666664,460.5,-1.2561471571756706,6,15.575475113122158,0.8026805254992074,0.5608900710117579,4.184072769084804,NCD_YFP_ilid,0.001,0.04,20.0,5000.0,1000.0,0.02,Both,100.0,1.0,60.0,300.0,100.0,4.0,
6,6,21,30.47267366661864,1.2905784417628203,66.38095238095238,413.0,-0.9180744706266065,9,23.97515837104071,0.9158545678398861,0.7135297639910676,3.6144562215289175,NCD_YFP_ilid,0.001,0.04,20.0,5000.0,1000.0,0.02,Both,100.0,1.0,60.0,300.0,100.0,4.0,
16,16,53,81.51878298017479,1.5026560322808113,179.35849056603774,84.33962264150944,-0.7832099860548297,23,8.9579843685726,0.8566136086470799,0.9141139982455461,12.586890186288619,NCD_YFP_ilid,0.001,0.04,20.0,5000.0,1000.0,0.02,Both,100.0,1.0,60.0,300.0,100.0,4.0,
18,18,35,43.30966615622097,1.9583836233689564,210.0,212.88571428571427,0.36916567861447375,26,46.16547511312221,0.8492771229918492,0.8410605889957982,5.654431545210194,NCD_YFP_ilid,0.001,0.04,20.0,5000.0,1000.0,0.02,Both,100.0,1.0,60.0,300.0,100.0,4.0,
