,index,area,major_axis_length,minor_axis_length,centroid-0,centroid-1,orientation,label,speed (nm/s),r^2,skele r^2,MT len (um),motor conc,MT dilute,ATP,ADP,P,time (seconds)
0,0,37,43.63110294683258,1.5172409157547297,48.0,402.1081081081081,0.20615946532312276,3,13.374789915966382,0.9509916803100671,0.7517714032366557,6.607458595450335,0.0625,300.0,88.0,0.0,0.0,710.0
1,1,43,57.72070204991356,4.294002379309829,63.93023255813954,73.27906976744185,0.979217014395771,4,54.16016806722687,0.9462922270036908,0.8939499594976681,5.043149687925722,0.0625,300.0,88.0,0.0,0.0,710.0
4,4,22,26.16762838114163,1.1566631033149515,136.77272727272728,345.5,-1.3241303265724085,15,21.113613445378153,0.9407629906892412,0.6925171790193843,3.7717582500761195,0.0625,300.0,88.0,0.0,0.0,710.0
8,8,21,25.051040383128367,3.756901644072497,219.04761904761904,480.4761904761905,-0.6677429947863162,21,48.94927811550149,0.9601497153840781,0.9210247028671702,2.573126978235927,0.0625,300.0,88.0,0.0,0.0,710.0
9,9,14,20.297652819735656,2.524408237241485,246.14285714285714,367.7857142857143,0.7947569736749667,22,28.806372549019684,0.8538187277162703,0.837370242214533,2.7644336497802118,0.0625,300.0,88.0,0.0,0.0,710.0
13,13,42,51.20223128113572,1.9120080731096214,278.3095238095238,342.5,1.2432334747119747,29,32.50537815126049,0.9530966494582385,0.9200122063109284,6.2608330463250645,0.0625,300.0,88.0,0.0,0.0,710.0
16,16,24,33.67306747750769,2.330253679488376,330.6666666666667,133.625,0.9005199402907671,36,11.070924369747924,0.8560906338753481,0.7531417593852557,3.2809030761419793,0.0625,300.0,88.0,0.0,0.0,710.0
18,18,49,71.31136191409892,1.355243162881759,358.6326530612245,412.0,-0.916007994952261,40,41.8058823529412,0.9677540034142919,0.9770613956128552,10.047436726923792,0.0625,300.0,88.0,0.0,0.0,710.0
24,24,38,51.0047780633148,1.2174332827198209,437.5,80.34210526315789,-0.5357220816188772,50,36.77294117647059,0.8895348427971266,0.23910522370827214,6.1815038603086325,0.0625,300.0,88.0,0.0,0.0,710.0
