,index,area,major_axis_length,minor_axis_length,centroid-0,centroid-1,orientation,label,speed (nm/s),r^2,skele r^2,MT len (um),motor conc,MT dilute,ATP,ADP,P,time (seconds)
2,2,40,52.446458366500245,4.132675260767078,81.75,322.825,0.9729935044543084,8,66.35239819004526,0.9707899872876673,0.9700655544034025,4.143016423194546,0.0625,300.0,88.0,0.0,0.0,960.0
3,3,13,16.672548495439,1.3018316790158373,105.53846153846153,115.0,1.112974362320706,11,25.37500000000004,0.886174467625122,0.6885988744133662,2.194299410274875,0.0625,300.0,88.0,0.0,0.0,960.0
11,11,22,25.411458328832968,5.587169523822973,293.95454545454544,147.22727272727272,0.8643730878439003,24,50.27964079377043,0.879854707612272,0.9845185316088206,1.9370495686669182,0.0625,300.0,88.0,0.0,0.0,960.0
16,17,8,10.624586369375441,0.9317534436113409,384.125,222.5,1.0381886908345508,33,80.4999999999996,1.0,0.8760330578512394,1.5614569646281935,0.0625,300.0,88.0,0.0,0.0,960.0
20,21,28,28.03272034685785,6.281106927968677,488.5,374.75,0.2373448949377326,37,54.54330316742084,0.9453384159214053,0.9427490076559668,1.859106571615893,0.0625,300.0,88.0,0.0,0.0,960.0
