,index,area,major_axis_length,minor_axis_length,centroid-0,centroid-1,orientation,label,speed (nm/s),r^2,skele r^2,MT len (um),motor conc,MT dilute,ATP,ADP,P,time (seconds)
4,4,29,37.29329803291424,2.1483462260978268,106.03448275862068,280.6896551724138,0.47124320543332754,12,47.782760180995474,0.9339232786975735,0.8140505379653382,3.5645668937845745,0.0625,400.0,940.0,0.0,0.0,1170.0
12,12,41,42.222615167374535,5.473778374116753,167.6341463414634,164.7560975609756,0.20868651285085446,21,45.604524886877854,0.9201277955271565,0.6779935845074578,4.46051500923456,0.0625,400.0,940.0,0.0,0.0,1170.0
18,18,18,25.27764752810924,1.067380380544557,260.72222222222223,127.5,0.9625089745674846,36,14.999954751131225,0.9217469465405476,0.8783796085571232,3.2885333218114217,0.0625,400.0,940.0,0.0,0.0,1170.0
22,22,21,31.48941720895376,1.134615414916538,319.0,65.42857142857143,0.693770706350169,47,19.480271493212676,0.9578584099410988,0.9185412649310878,3.7884958932757598,0.0625,400.0,940.0,0.0,0.0,1170.0
23,23,23,26.577131035549765,3.0744019140391083,320.0,187.95652173913044,0.05802698643750073,48,71.64393939393939,0.951206623270533,0.9523220238146451,1.9604405786383325,0.0625,400.0,940.0,0.0,0.0,1170.0
24,24,14,17.98333823429415,1.256637492560536,342.2857142857143,255.5,-1.1109028961412608,53,67.2307692307692,0.9322714681440444,0.42505386272699397,3.058348726174273,0.0625,400.0,940.0,0.0,0.0,1170.0
25,25,25,31.104390020212435,1.3735069968911215,376.88,227.0,-1.1868524906980575,62,43.58656108597283,0.9585847851435103,0.8204344107066633,3.5263563016228527,0.0625,400.0,940.0,0.0,0.0,1170.0
29,29,22,32.332612039696485,2.8731674598703263,425.04545454545456,136.9090909090909,-0.7948174774156558,68,24.885791855203646,0.9589874850773419,0.9552670828997573,2.604353267522132,0.0625,400.0,940.0,0.0,0.0,1170.0
