,index,area,major_axis_length,minor_axis_length,centroid-0,centroid-1,orientation,label,speed (nm/s),r^2,skele r^2,MT len (um),motor conc,MT dilute,ATP,ADP,P,time (seconds)
3,3,36,32.89735719736764,9.475683658017928,115.36111111111111,289.4166666666667,-0.481397711715141,15,78.12068965517243,0.9953361333711253,0.9907840565002517,2.5303262027467595,0.0625,400.0,176.0,0.0,0.0,1220.0
6,6,8,10.82655771112098,1.2392127048117507,215.75,52.625,0.8932089654765456,27,80.49999999999994,1.0,0.24999999999995737,2.0597028246393916,0.0625,400.0,176.0,0.0,0.0,1220.0
9,9,37,50.45807040801463,1.9946799088321068,263.94594594594594,197.02702702702703,0.5870834297254812,32,59.45596638655457,0.9575878720420695,0.9477967134267307,4.799549233768511,0.0625,400.0,176.0,0.0,0.0,1220.0
10,10,33,38.73103966755256,1.211458405352325,279.0,302.3030303030303,-0.18262119426758294,34,47.0436974789916,0.9720914003142282,0.8841812315368824,4.176079308430129,0.0625,400.0,176.0,0.0,0.0,1220.0
11,11,15,18.765479089424883,1.5546043047533167,281.0,99.8,-0.4017576245581537,36,19.292941176470592,0.9104823464845417,0.8507746723055263,2.559450632779852,0.0625,400.0,176.0,0.0,0.0,1220.0
12,12,22,26.715984533049365,1.339164109626517,297.72727272727275,442.5,1.252458609440681,38,36.71189516129041,0.95819212749607,0.7946636700137889,3.0619192577391434,0.0625,400.0,176.0,0.0,0.0,1220.0
13,13,34,39.98264510757518,1.4374598755220502,382.5,232.1764705882353,0.19279513161619774,44,30.205378151260515,0.980840764828592,0.845093960069149,4.423056741729019,0.0625,400.0,176.0,0.0,0.0,1220.0
14,14,24,34.9438734066462,2.2131275522452203,388.625,296.1666666666667,-0.6926961270856593,46,23.715126050420164,0.8854226521043433,0.9627346807959671,3.953458161906104,0.0625,400.0,176.0,0.0,0.0,1220.0
19,19,32,36.98722756103084,2.1046074095946707,480.5,191.03125,0.05455863190975954,57,48.17386112339673,0.9126043350540328,0.5195157992097007,3.830158650353677,0.0625,400.0,176.0,0.0,0.0,1220.0
