,index,area,major_axis_length,minor_axis_length,centroid-0,centroid-1,orientation,label,speed (nm/s),r^2,skele r^2,MT len (um),motor conc,MT dilute,ATP,ADP,P,time (seconds)
3,3,18,20.773101916046073,1.881479519055353,134.05555555555554,495.5,1.5260827253598321,8,26.065378151260504,0.9332855473961507,0.7851478769395972,2.781756012845952,0.0625,300.0,88.0,0.0,0.0,1460.0
6,6,54,73.62813729064435,1.9612864787852244,229.5,468.0740740740741,0.561211253586866,15,51.160504201680645,0.9439866674449794,0.9687193920841817,10.184297367932963,0.0625,300.0,88.0,0.0,0.0,1460.0
8,8,16,22.23816236965258,1.1572097566853683,302.5625,200.5625,0.6244828124635394,19,32.19999999999993,0.902255639097744,0.7788277600348114,2.4729167015409343,0.0625,300.0,88.0,0.0,0.0,1460.0
12,12,29,35.377313962568955,1.5308159845663216,412.0,68.89655172413794,0.33049887712776793,23,8.751596638655448,0.9085525165753097,0.14301518324644857,5.044497771536283,0.0625,300.0,88.0,0.0,0.0,1460.0
