,index,area,major_axis_length,minor_axis_length,centroid-0,centroid-1,orientation,label,speed (nm/s),r^2,skele r^2,MT len (um),motor conc,MT dilute,ATP,ADP,P,time (seconds)
0,0,55,68.29588343488169,3.807288581775865,50.72727272727273,248.9090909090909,-1.1712158571097333,3,59.93529411764707,0.9878048805344231,0.9796447970312656,7.528494591861143,0.0625,300.0,88.0,0.0,0.0,350.0
1,1,64,71.14858970100315,3.4071472390122155,108.765625,298.09375,0.16951935865602108,6,28.58184873949582,0.8358680604916268,0.9737183524322763,8.559174015833552,0.0625,300.0,88.0,0.0,0.0,350.0
2,2,33,27.174484107487316,9.618676988490021,116.84848484848484,51.36363636363637,1.5069570874468716,12,26.28184873949579,0.9663544648435858,0.9043360994359271,2.743222839834555,0.0625,300.0,88.0,0.0,0.0,350.0
8,8,37,45.99322188391009,1.3636272873327466,323.0,358.3243243243243,-0.3804081751814712,39,33.03495798319323,0.978922507941357,0.8601692675282842,5.747229462785137,0.0625,300.0,88.0,0.0,0.0,350.0
11,11,50,65.19206652774798,2.326383855188411,389.5,91.92,0.48369707778243914,47,13.596974789915983,0.8816463200191079,0.9848256782869539,9.89609258315363,0.0625,300.0,88.0,0.0,0.0,350.0
12,12,66,78.3674863675353,1.388289139021535,376.6515151515151,346.5,1.3351009759691752,48,44.824873949579754,0.9875436403769972,0.9973109296773514,10.223246527427843,0.0625,300.0,88.0,0.0,0.0,350.0
17,17,24,20.5194549143318,7.292063647619017,413.5,121.83333333333333,-0.2639937421713728,57,51.180745743893375,0.9671677350533235,0.6525562326869802,2.3153458965707965,0.0625,300.0,88.0,0.0,0.0,350.0
25,25,33,37.395730674246664,3.451102413984027,498.969696969697,366.06060606060606,-1.5048860842746619,69,35.062054409005576,0.8193740827126619,0.48514858571519204,4.192217013309814,0.0625,300.0,88.0,0.0,0.0,350.0
