,index,area,major_axis_length,minor_axis_length,centroid-0,centroid-1,orientation,label,speed (nm/s),r^2,skele r^2,MT len (um),motor conc,MT dilute,ATP,ADP,P,time (seconds)
0,0,33,40.78491725695552,1.4145644781527287,25.0,438.1818181818182,0.3659540005059285,1,45.752605042016846,0.9965057258253242,0.909607808040191,4.026273445849457,0.0625,300.0,88.0,0.0,0.0,860.0
6,6,31,39.252887011088326,1.7988427613789895,155.41935483870967,279.0,-1.146322812459864,11,14.302521008403351,0.9239757487216944,0.6193584916707271,4.326066464015159,0.0625,300.0,88.0,0.0,0.0,860.0
13,13,9,11.207572590972344,1.5460648815898674,274.0,254.33333333333334,0.40290174704199316,25,11.680725863284009,0.8822181300022338,0.7955395083783435,1.626309096448122,0.0625,300.0,88.0,0.0,0.0,860.0
15,15,22,28.190033393591122,2.5840644668900814,308.1363636363636,27.818181818181817,0.9887832579119936,28,47.099296435272116,0.9250299915149471,0.9206225431892003,2.933506142529672,0.0625,300.0,88.0,0.0,0.0,860.0
26,26,60,57.821866617202474,7.205288706699518,466.3333333333333,427.31666666666666,1.238347482343676,42,28.771260504201724,0.90652513222936,0.9040078655840493,8.403877390141394,0.0625,300.0,88.0,0.0,0.0,860.0
