,index,area,major_axis_length,minor_axis_length,centroid-0,centroid-1,orientation,label,speed (nm/s),r^2,skele r^2,MT len (um),motor conc,MT dilute,ATP,ADP,P,time (seconds)
3,3,31,36.98344690156343,1.30311949556327,188.0,43.38709677419355,0.25627904617899605,13,31.57764705882358,0.9563371170484527,0.8682352948290821,4.391327043269106,0.0625,400.0,176.0,0.0,0.0,1340.0
4,4,12,14.479264252775396,1.008748415100218,186.5,213.5,-0.3064101010826207,14,31.050000000000022,0.92135345221765,0.875432525951558,1.6714068145532224,0.0625,400.0,176.0,0.0,0.0,1340.0
5,5,43,50.630950972068995,1.5574590625597549,198.04651162790697,86.0,1.3723975236005066,17,47.37226890756298,0.9672376923065398,0.9190003067404606,5.410072743730621,0.0625,400.0,176.0,0.0,0.0,1340.0
6,6,44,42.864852065340116,7.59030446552162,212.8181818181818,304.27272727272725,-1.4735811195133373,19,85.70965186074426,0.9202319766318854,0.973071619673534,3.1363498049567475,0.0625,400.0,176.0,0.0,0.0,1340.0
8,8,41,52.21933328925893,1.3067365423181858,267.0,79.58536585365853,0.4363945253861024,24,39.849915966386575,0.951345729500862,0.8672054121424753,5.7009145913970665,0.0625,400.0,176.0,0.0,0.0,1340.0
11,11,38,56.835890338722486,1.117781928966277,268.4736842105263,334.5,0.8814380781008087,28,44.17932773109242,0.9390352811896424,0.7036484385009831,6.25790160396195,0.0625,400.0,176.0,0.0,0.0,1340.0
12,12,28,39.43730891611254,2.195703630889664,307.5357142857143,94.75,0.6218631375551678,31,52.77243697478991,0.96130374469173,0.9299174609385745,3.8009687477971443,0.0625,400.0,176.0,0.0,0.0,1340.0
16,16,23,27.264528403515403,1.2642119896187751,452.69565217391306,456.0,1.338370750091527,48,23.541176470588226,0.9725881886642885,0.79796862971586,3.3410484277682797,0.0625,400.0,176.0,0.0,0.0,1340.0
