,index,area,major_axis_length,minor_axis_length,centroid-0,centroid-1,orientation,label,speed (nm/s),r^2,skele r^2,MT len (um),motor conc,MT dilute,ATP,ADP,P,time (seconds)
1,1,42,49.266950776861485,1.6347241525923923,78.0,419.5,1.3921419852908465,7,70.06689075630254,0.9930937055431697,0.9554881879494621,4.6817754712055,0.0625,400.0,176.0,0.0,0.0,710.0
2,2,21,26.88161730398258,1.4599608177428187,88.0,41.476190476190474,-0.4493646295505712,8,60.89102564102567,0.9280037208793314,0.8218827160493827,1.9591245891932145,0.0625,400.0,176.0,0.0,0.0,710.0
3,3,33,47.25794160270726,1.480232315048706,131.9090909090909,252.0,-0.936920736932432,13,48.980336134453744,0.896199091994088,0.8675599450948415,4.488288618992644,0.0625,400.0,176.0,0.0,0.0,710.0
5,5,11,12.206821282451617,1.9629106730866903,238.27272727272728,362.90909090909093,1.446539437415617,27,86.24999999999997,0.8646518518518518,0.9058621376015041,1.3083945209516603,0.0625,400.0,176.0,0.0,0.0,710.0
6,6,24,30.999044148924742,1.9230576543368607,278.5,462.9583333333333,-0.4673271924847951,29,40.196189839572185,0.8271204705778341,0.7762112001051473,2.5881319461735277,0.0625,400.0,176.0,0.0,0.0,710.0
8,8,51,58.884278239569575,1.7670202589590625,385.0,186.72549019607843,0.01412943367136583,39,84.20114942528735,0.9624811161030046,0.9859792610969057,3.602216466521927,0.0625,400.0,176.0,0.0,0.0,710.0
9,9,25,30.04589794679524,1.6324265897018404,387.04,306.64,0.3133086973089218,41,57.01578947368418,0.8129335875694753,0.9838385217499497,2.96542715659709,0.0625,400.0,176.0,0.0,0.0,710.0
10,10,22,27.52213305925629,6.574679212298135,429.45454545454544,202.5,-1.1608299864031755,49,57.27560975609756,0.9528448132796005,0.9535805002151565,1.795735003286926,0.0625,400.0,176.0,0.0,0.0,710.0
14,14,58,69.68282487461038,1.2992244154797377,499.7931034482759,73.5,1.2904150719196426,55,55.88603514132923,0.9435662325034201,0.9549490324612128,10.08858718462509,0.0625,400.0,176.0,0.0,0.0,710.0
