,index,area,major_axis_length,minor_axis_length,centroid-0,centroid-1,orientation,label,speed (nm/s),r^2,skele r^2,MT len (um),motor conc,MT dilute,ATP,ADP,P,time (seconds)
3,3,36,44.17295346203005,1.236106880130094,397.25,203.5,1.224525326296069,15,15.939728506787345,0.9251172814543236,0.6980290065991683,5.868463868583625,0.0625,300.0,88.0,0.0,0.0,1260.0
