,index,area,major_axis_length,minor_axis_length,centroid-0,centroid-1,orientation,label,speed (nm/s),r^2,skele r^2,MT len (um),motor conc,MT dilute,ATP,ADP,P,time (seconds)
2,2,14,21.621792654407127,1.373257991736043,84.64285714285714,101.5,-0.8398555260762526,7,48.499999999999986,0.8753224668837379,0.8228715585898977,2.455886617769819,0.0625,300.0,88.0,0.0,0.0,1310.0
