,index,area,major_axis_length,minor_axis_length,centroid-0,centroid-1,orientation,label,speed (nm/s),r^2,skele r^2,MT len (um),motor conc,MT dilute,ATP,ADP,P,time (seconds)
3,3,20,30.556727964012943,1.4987915576588586,149.5,473.05,-0.7475507178557144,16,21.986334841628945,0.9290748404060578,0.7031917341288172,3.7753284817531285,0.0625,300.0,88.0,0.0,0.0,660.0
10,10,43,53.479548840164064,1.3025530265020029,273.0232558139535,330.0,1.189375266270061,28,44.56276018099544,0.995639914230584,0.953425111672819,6.288107037621299,0.0625,300.0,88.0,0.0,0.0,660.0
16,16,53,63.32445001624918,1.9165029360129635,362.0,303.49056603773585,0.26060574259483044,40,37.5545248868778,0.9759423597541834,0.9532572438753448,7.955813183970111,0.0625,300.0,88.0,0.0,0.0,660.0
19,19,45,51.99631921297813,1.170659055006672,377.0,451.22222222222223,0.04281507400708159,43,20.929999999999982,0.9281808736774849,0.9263468303191958,7.569959625899822,0.0625,300.0,88.0,0.0,0.0,660.0
20,20,21,23.27600778045465,4.222365312676444,361.6666666666667,433.76190476190476,1.385802447376456,44,266.4166666666668,0.8707106257440091,0.7755102040816335,2.4125496236962936,0.0625,300.0,88.0,0.0,0.0,660.0
22,22,29,33.632385220314156,2.1834696107403575,367.37931034482756,225.0,1.4711942329821752,46,49.04307692307688,0.9748452391753919,0.9666989988355477,2.8189797041983278,0.0625,300.0,88.0,0.0,0.0,660.0
23,23,40,59.39078010965588,2.096482283851622,425.825,389.625,0.7804929924666645,48,25.803710407239866,0.9490795458929406,0.6801274323237905,7.6191671438815,0.0625,300.0,88.0,0.0,0.0,660.0
