,index,area,major_axis_length,minor_axis_length,centroid-0,centroid-1,orientation,label,speed (nm/s),r^2,skele r^2,MT len (um),motor conc,MT dilute,ATP,ADP,P,time (seconds)
0,0,19,23.533490241787817,1.5227873656578375,34.0,361.36842105263156,-0.37456760443227277,2,53.135372636262545,0.9528623039783725,0.932760122080029,1.967564327873892,0.0625,400.0,176.0,0.0,0.0,1100.0
5,6,37,42.729892628419336,1.6826233028342767,166.0,427.7567567567568,-0.03180726792194276,13,72.86803279716419,0.8418316477809707,0.7884163742239373,4.690337701015111,0.0625,400.0,176.0,0.0,0.0,1100.0
6,7,11,12.72474668881288,1.1199890287649845,173.72727272727272,219.0,-1.4612833143190043,17,19.533088235294112,0.8539944903581267,0.44444444444444164,2.1708514799215863,0.0625,400.0,176.0,0.0,0.0,1100.0
7,8,45,47.1973956279189,4.327451166220528,208.6,177.42222222222222,-0.11951010367272295,18,93.3899920908423,0.8286587886711646,0.612258584352898,4.071848881355222,0.0625,400.0,176.0,0.0,0.0,1100.0
8,9,30,37.190636811613196,1.380370397962182,255.13333333333333,478.5,1.1966723144788278,22,54.248275862069036,0.976608187134503,0.9305596487530482,2.799655620935756,0.0625,400.0,176.0,0.0,0.0,1100.0
9,10,20,25.338301743357963,2.220464987911946,303.55,25.75,0.4578336255210338,30,58.5379487179487,0.95773860559679,0.9543545238133541,2.1277750863866784,0.0625,400.0,176.0,0.0,0.0,1100.0
12,13,42,54.714345309966426,4.328915600040796,328.3809523809524,184.35714285714286,0.9255068393819476,35,38.435126050420145,0.9397925107640352,0.8492450187198326,5.779649405135933,0.0625,400.0,176.0,0.0,0.0,1100.0
13,14,19,24.492467025901824,1.6997476540960537,369.0,181.89473684210526,0.464657288687947,39,38.152941176470584,0.823536039434636,0.4197329972970999,2.907455856284803,0.0625,400.0,176.0,0.0,0.0,1100.0
15,16,24,29.259209089943017,2.2320431815556865,445.375,96.5,1.2406740518655148,43,73.1714082503556,0.9910152388276218,0.9868777503379909,2.664874435056908,0.0625,400.0,176.0,0.0,0.0,1100.0
