,index,area,major_axis_length,minor_axis_length,centroid-0,centroid-1,orientation,label,speed (nm/s),r^2,skele r^2,MT len (um),motor conc,MT dilute,ATP,ADP,P,time (seconds)
0,0,45,52.80980496927168,1.9042656071435955,34.55555555555556,269.93333333333334,1.3490501857442416,3,59.59185520361985,0.9576022780032798,0.9229890445183357,5.076136072820399,0.0625,300.0,88.0,0.0,0.0,540.0
8,8,36,51.61867049968229,2.3714904504005148,219.58333333333334,417.5,-0.9349011009643267,22,26.21167420814482,0.9804003479997278,0.8593482250236559,6.998040127334123,0.0625,300.0,88.0,0.0,0.0,540.0
10,10,36,46.03524016430472,6.333615689804961,230.5,327.1111111111111,-0.971419360566241,24,39.14266968325789,0.9011884171034971,0.932205899608671,4.9067125824897095,0.0625,300.0,88.0,0.0,0.0,540.0
12,12,46,67.18537663274394,4.6576995207920495,251.32608695652175,391.9130434782609,0.8368844371430855,26,43.80511312217197,0.9500740523698736,0.9095002605183585,7.2961809898806465,0.0625,300.0,88.0,0.0,0.0,540.0
13,13,54,68.64640010479894,1.3581576337206245,265.5,438.05555555555554,-0.4319765169748305,28,31.639049773755655,0.9818016441722566,0.9865043700315034,9.077961972238269,0.0625,300.0,88.0,0.0,0.0,540.0
