,index,area,major_axis_length,minor_axis_length,centroid-0,centroid-1,orientation,label,speed (nm/s),r^2,skele r^2,MT len (um),motor conc,MT dilute,ATP,ADP,P,time (seconds)
1,1,49,57.466011140358184,1.4608325552588863,55.795918367346935,48.0,-1.3937740977079212,6,43.61570135746608,0.9787264980253831,0.9565791609776997,6.912996595667698,0.0625,300.0,88.0,0.0,0.0,810.0
4,4,9,13.357808976427528,0.9627897177630201,69.11111111111111,330.0,0.8816952633852443,10,40.54934210526314,0.9786351451620237,0.10808678500986313,2.108775917875805,0.0625,300.0,88.0,0.0,0.0,810.0
5,5,18,18.209144410364434,3.991645360249313,78.0,57.05555555555556,0.05360951371363142,11,106.37499999999987,0.9790601412223033,0.6800000000000002,1.894281297905634,0.0625,300.0,88.0,0.0,0.0,810.0
13,13,11,14.259422596628339,1.16751106495749,241.54545454545453,211.0,1.0892056904081744,25,48.18369453044373,0.905410225921522,0.8952156219007555,2.056123842406197,0.0625,300.0,88.0,0.0,0.0,810.0
