,index,area,major_axis_length,minor_axis_length,centroid-0,centroid-1,orientation,label,speed (nm/s),r^2,skele r^2,MT len (um),motor conc,MT dilute,ATP,ADP,P,time (seconds)
7,7,16,19.263210577282432,1.3660959905051282,137.0625,359.5,1.2764663711410305,13,34.177192982456155,0.8924936821255379,0.5061728395061792,2.7687108515116234,0.0625,300.0,88.0,0.0,0.0,1190.0
9,9,37,52.46262219690407,4.396750715701899,182.21621621621622,443.4594594594595,-0.8816327603303726,16,44.81327731092436,0.8379384746529308,0.9073195857050586,5.504078355606375,0.0625,300.0,88.0,0.0,0.0,1190.0
15,15,36,35.02202108868237,10.022875778133098,295.5833333333333,205.5,-0.875126343010243,28,33.41764705882352,0.8821991986279222,0.6967709636493653,2.6834891922390014,0.0625,300.0,88.0,0.0,0.0,1190.0
19,19,48,55.80075521365881,1.391200850902402,385.0208333333333,189.5,1.4528928531417808,36,26.707058823529408,0.8513728110830873,0.9600000386033093,7.326832295792727,0.0625,300.0,88.0,0.0,0.0,1190.0
23,23,54,70.88821476466404,1.632016119610608,459.55555555555554,48.5,-1.0745766872236242,46,76.91277310924364,0.8592973747452544,0.3935648761041618,7.722294063388967,0.0625,300.0,88.0,0.0,0.0,1190.0
