,index,area,major_axis_length,minor_axis_length,centroid-0,centroid-1,orientation,label,speed (nm/s),r^2,skele r^2,MT len (um),motor conc,MT dilute,ATP,ADP,P,time (seconds)
0,0,49,70.05512724585405,5.082994281464921,39.183673469387756,188.08163265306123,-0.8314248709302025,1,40.72352941176471,0.9019472191256168,0.7936356970966985,7.900059783729423,0.0625,300.0,88.0,0.0,0.0,1010.0
2,2,26,35.98978016845732,1.685892138262479,66.53846153846153,307.03846153846155,0.5983433668559125,5,34.0979831932773,0.9317885978237693,0.9187509895809335,4.112020952334273,0.0625,300.0,88.0,0.0,0.0,1010.0
12,14,78,64.24682725220963,7.9834242720099,448.2307692307692,164.10256410256412,-0.37222472100708354,34,92.28873915104504,0.9426984048731432,0.44890343004060274,8.713736820019378,0.0625,300.0,88.0,0.0,0.0,1010.0
16,18,14,20.9773889992098,1.2248147549710562,490.57142857142856,480.07142857142856,-0.7272842094520151,39,14.627226890756294,0.9642371462796507,0.9129099598019428,3.213606941340675,0.0625,300.0,88.0,0.0,0.0,1010.0
